term,reading,meaning,pos,source_scope,source_type,difficulty,notes
a (an),,,,gaokao-english,official_curriculum_2020,1,普通高中英语课程标准（2017年版2020年修订）附录2词汇表；*为必修新增，**为选择性必修新增。
abandon,,,,gaokao-english,official_curriculum_2020,3,普通高中英语课程标准（2017年版2020年修订）附录2词汇表；*为必修新增，**为选择性必修新增。
ability,,,,gaokao-english,official_curriculum_2020,1,普通高中英语课程标准（2017年版2020年修订）附录2词汇表；*为必修新增，**为选择性必修新增。
able,,,,gaokao-english,official_curriculum_2020,1,普通高中英语课程标准（2017年版2020年修订）附录2词汇表；*为必修新增，**为选择性必修新增。
abnormal,,,,gaokao-english,official_curriculum_2020,3,普通高中英语课程标准（2017年版2020年修订）附录2词汇表；*为必修新增，**为选择性必修新增。
aboard,,,,gaokao-english,official_curriculum_2020,3,普通高中英语课程标准（2017年版2020年修订）附录2词汇表；*为必修新增，**为选择性必修新增。
about,,,,gaokao-english,official_curriculum_2020,1,普通高中英语课程标准（2017年版2020年修订）附录2词汇表；*为必修新增，**为选择性必修新增。
above,,,,gaokao-english,official_curriculum_2020,1,普通高中英语课程标准（2017年版2020年修订）附录2词汇表；*为必修新增，**为选择性必修新增。
abroad,,,,gaokao-english,official_curriculum_2020,1,普通高中英语课程标准（2017年版2020年修订）附录2词汇表；*为必修新增，**为选择性必修新增。
absence,,,,gaokao-english,official_curriculum_2020,3,普通高中英语课程标准（2017年版2020年修订）附录2词汇表；*为必修新增，**为选择性必修新增。
absent,,,,gaokao-english,official_curriculum_2020,1,普通高中英语课程标准（2017年版2020年修订）附录2词汇表；*为必修新增，**为选择性必修新增。
absolutely,,,,gaokao-english,official_curriculum_2020,2,普通高中英语课程标准（2017年版2020年修订）附录2词汇表；*为必修新增，**为选择性必修新增。
absorb,,,,gaokao-english,official_curriculum_2020,3,普通高中英语课程标准（2017年版2020年修订）附录2词汇表；*为必修新增，**为选择性必修新增。
abstract,,,,gaokao-english,official_curriculum_2020,3,普通高中英语课程标准（2017年版2020年修订）附录2词汇表；*为必修新增，**为选择性必修新增。
abuse,,,,gaokao-english,official_curriculum_2020,3,普通高中英语课程标准（2017年版2020年修订）附录2词汇表；*为必修新增，**为选择性必修新增。
academic,,,,gaokao-english,official_curriculum_2020,3,普通高中英语课程标准（2017年版2020年修订）附录2词汇表；*为必修新增，**为选择性必修新增。
accent,,,,gaokao-english,official_curriculum_2020,3,普通高中英语课程标准（2017年版2020年修订）附录2词汇表；*为必修新增，**为选择性必修新增。
accept,,,,gaokao-english,official_curriculum_2020,1,普通高中英语课程标准（2017年版2020年修订）附录2词汇表；*为必修新增，**为选择性必修新增。
access,,,,gaokao-english,official_curriculum_2020,3,普通高中英语课程标准（2017年版2020年修订）附录2词汇表；*为必修新增，**为选择性必修新增。
accident,,,,gaokao-english,official_curriculum_2020,2,普通高中英语课程标准（2017年版2020年修订）附录2词汇表；*为必修新增，**为选择性必修新增。
accommodation,,,,gaokao-english,official_curriculum_2020,3,普通高中英语课程标准（2017年版2020年修订）附录2词汇表；*为必修新增，**为选择性必修新增。
accompany,,,,gaokao-english,official_curriculum_2020,3,普通高中英语课程标准（2017年版2020年修订）附录2词汇表；*为必修新增，**为选择性必修新增。
according to,,,,gaokao-english,official_curriculum_2020,1,普通高中英语课程标准（2017年版2020年修订）附录2词汇表；*为必修新增，**为选择性必修新增。
account,,,,gaokao-english,official_curriculum_2020,2,普通高中英语课程标准（2017年版2020年修订）附录2词汇表；*为必修新增，**为选择性必修新增。
accurate,,,,gaokao-english,official_curriculum_2020,3,普通高中英语课程标准（2017年版2020年修订）附录2词汇表；*为必修新增，**为选择性必修新增。
accuse,,,,gaokao-english,official_curriculum_2020,3,普通高中英语课程标准（2017年版2020年修订）附录2词汇表；*为必修新增，**为选择性必修新增。
ache,,,,gaokao-english,official_curriculum_2020,2,普通高中英语课程标准（2017年版2020年修订）附录2词汇表；*为必修新增，**为选择性必修新增。
achieve,,,,gaokao-english,official_curriculum_2020,1,普通高中英语课程标准（2017年版2020年修订）附录2词汇表；*为必修新增，**为选择性必修新增。
achievement,,,,gaokao-english,official_curriculum_2020,2,普通高中英语课程标准（2017年版2020年修订）附录2词汇表；*为必修新增，**为选择性必修新增。
acid,,,,gaokao-english,official_curriculum_2020,3,普通高中英语课程标准（2017年版2020年修订）附录2词汇表；*为必修新增，**为选择性必修新增。
acknowledge,,,,gaokao-english,official_curriculum_2020,3,普通高中英语课程标准（2017年版2020年修订）附录2词汇表；*为必修新增，**为选择性必修新增。
acquire,,,,gaokao-english,official_curriculum_2020,2,普通高中英语课程标准（2017年版2020年修订）附录2词汇表；*为必修新增，**为选择性必修新增。
across,,,,gaokao-english,official_curriculum_2020,1,普通高中英语课程标准（2017年版2020年修订）附录2词汇表；*为必修新增，**为选择性必修新增。
act,,,,gaokao-english,official_curriculum_2020,1,普通高中英语课程标准（2017年版2020年修订）附录2词汇表；*为必修新增，**为选择性必修新增。
action,,,,gaokao-english,official_curriculum_2020,1,普通高中英语课程标准（2017年版2020年修订）附录2词汇表；*为必修新增，**为选择性必修新增。
active,,,,gaokao-english,official_curriculum_2020,1,普通高中英语课程标准（2017年版2020年修订）附录2词汇表；*为必修新增，**为选择性必修新增。
activity,,,,gaokao-english,official_curriculum_2020,1,普通高中英语课程标准（2017年版2020年修订）附录2词汇表；*为必修新增，**为选择性必修新增。
actor,,,,gaokao-english,official_curriculum_2020,1,普通高中英语课程标准（2017年版2020年修订）附录2词汇表；*为必修新增，**为选择性必修新增。
actress,,,,gaokao-english,official_curriculum_2020,1,普通高中英语课程标准（2017年版2020年修订）附录2词汇表；*为必修新增，**为选择性必修新增。
actually,,,,gaokao-english,official_curriculum_2020,2,普通高中英语课程标准（2017年版2020年修订）附录2词汇表；*为必修新增，**为选择性必修新增。
AD,,,,gaokao-english,official_curriculum_2020,3,普通高中英语课程标准（2017年版2020年修订）附录2词汇表；*为必修新增，**为选择性必修新增。
adapt,,,,gaokao-english,official_curriculum_2020,2,普通高中英语课程标准（2017年版2020年修订）附录2词汇表；*为必修新增，**为选择性必修新增。
adaptation,,,,gaokao-english,official_curriculum_2020,3,普通高中英语课程标准（2017年版2020年修订）附录2词汇表；*为必修新增，**为选择性必修新增。
add,,,,gaokao-english,official_curriculum_2020,1,普通高中英语课程标准（2017年版2020年修订）附录2词汇表；*为必修新增，**为选择性必修新增。
addict,,,,gaokao-english,official_curriculum_2020,2,普通高中英语课程标准（2017年版2020年修订）附录2词汇表；*为必修新增，**为选择性必修新增。
addition,,,,gaokao-english,official_curriculum_2020,2,普通高中英语课程标准（2017年版2020年修订）附录2词汇表；*为必修新增，**为选择性必修新增。
address,,,,gaokao-english,official_curriculum_2020,1,普通高中英语课程标准（2017年版2020年修订）附录2词汇表；*为必修新增，**为选择性必修新增。
adjust,,,,gaokao-english,official_curriculum_2020,3,普通高中英语课程标准（2017年版2020年修订）附录2词汇表；*为必修新增，**为选择性必修新增。
administration,,,,gaokao-english,official_curriculum_2020,3,普通高中英语课程标准（2017年版2020年修订）附录2词汇表；*为必修新增，**为选择性必修新增。
admire,,,,gaokao-english,official_curriculum_2020,2,普通高中英语课程标准（2017年版2020年修订）附录2词汇表；*为必修新增，**为选择性必修新增。
admit,,,,gaokao-english,official_curriculum_2020,2,普通高中英语课程标准（2017年版2020年修订）附录2词汇表；*为必修新增，**为选择性必修新增。
adopt,,,,gaokao-english,official_curriculum_2020,3,普通高中英语课程标准（2017年版2020年修订）附录2词汇表；*为必修新增，**为选择性必修新增。
adorable,,,,gaokao-english,official_curriculum_2020,3,普通高中英语课程标准（2017年版2020年修订）附录2词汇表；*为必修新增，**为选择性必修新增。
adult,,,,gaokao-english,official_curriculum_2020,2,普通高中英语课程标准（2017年版2020年修订）附录2词汇表；*为必修新增，**为选择性必修新增。
advance,,,,gaokao-english,official_curriculum_2020,2,普通高中英语课程标准（2017年版2020年修订）附录2词汇表；*为必修新增，**为选择性必修新增。
advantage,,,,gaokao-english,official_curriculum_2020,1,普通高中英语课程标准（2017年版2020年修订）附录2词汇表；*为必修新增，**为选择性必修新增。
adventure,,,,gaokao-english,official_curriculum_2020,2,普通高中英语课程标准（2017年版2020年修订）附录2词汇表；*为必修新增，**为选择性必修新增。
advertise,,,,gaokao-english,official_curriculum_2020,3,普通高中英语课程标准（2017年版2020年修订）附录2词汇表；*为必修新增，**为选择性必修新增。
advertisement (ad),,,,gaokao-english,official_curriculum_2020,3,普通高中英语课程标准（2017年版2020年修订）附录2词汇表；*为必修新增，**为选择性必修新增。
advice,,,,gaokao-english,official_curriculum_2020,1,普通高中英语课程标准（2017年版2020年修订）附录2词汇表；*为必修新增，**为选择性必修新增。
advise,,,,gaokao-english,official_curriculum_2020,1,普通高中英语课程标准（2017年版2020年修订）附录2词汇表；*为必修新增，**为选择性必修新增。
advocate,,,,gaokao-english,official_curriculum_2020,3,普通高中英语课程标准（2017年版2020年修订）附录2词汇表；*为必修新增，**为选择性必修新增。
affair,,,,gaokao-english,official_curriculum_2020,2,普通高中英语课程标准（2017年版2020年修订）附录2词汇表；*为必修新增，**为选择性必修新增。
affect,,,,gaokao-english,official_curriculum_2020,3,普通高中英语课程标准（2017年版2020年修订）附录2词汇表；*为必修新增，**为选择性必修新增。
afford,,,,gaokao-english,official_curriculum_2020,1,普通高中英语课程标准（2017年版2020年修订）附录2词汇表；*为必修新增，**为选择性必修新增。
afraid,,,,gaokao-english,official_curriculum_2020,1,普通高中英语课程标准（2017年版2020年修订）附录2词汇表；*为必修新增，**为选择性必修新增。
Africa,,,,gaokao-english,official_curriculum_2020,1,普通高中英语课程标准（2017年版2020年修订）附录2词汇表；*为必修新增，**为选择性必修新增。
African,,,,gaokao-english,official_curriculum_2020,1,普通高中英语课程标准（2017年版2020年修订）附录2词汇表；*为必修新增，**为选择性必修新增。
after,,,,gaokao-english,official_curriculum_2020,1,普通高中英语课程标准（2017年版2020年修订）附录2词汇表；*为必修新增，**为选择性必修新增。
afternoon,,,,gaokao-english,official_curriculum_2020,1,普通高中英语课程标准（2017年版2020年修订）附录2词汇表；*为必修新增，**为选择性必修新增。
afterward,,,,gaokao-english,official_curriculum_2020,3,普通高中英语课程标准（2017年版2020年修订）附录2词汇表；*为必修新增，**为选择性必修新增。
again,,,,gaokao-english,official_curriculum_2020,1,普通高中英语课程标准（2017年版2020年修订）附录2词汇表；*为必修新增，**为选择性必修新增。
against,,,,gaokao-english,official_curriculum_2020,1,普通高中英语课程标准（2017年版2020年修订）附录2词汇表；*为必修新增，**为选择性必修新增。
age,,,,gaokao-english,official_curriculum_2020,1,普通高中英语课程标准（2017年版2020年修订）附录2词汇表；*为必修新增，**为选择性必修新增。
agency,,,,gaokao-english,official_curriculum_2020,3,普通高中英语课程标准（2017年版2020年修订）附录2词汇表；*为必修新增，**为选择性必修新增。
agenda,,,,gaokao-english,official_curriculum_2020,3,普通高中英语课程标准（2017年版2020年修订）附录2词汇表；*为必修新增，**为选择性必修新增。
ago,,,,gaokao-english,official_curriculum_2020,1,普通高中英语课程标准（2017年版2020年修订）附录2词汇表；*为必修新增，**为选择性必修新增。
agree,,,,gaokao-english,official_curriculum_2020,1,普通高中英语课程标准（2017年版2020年修订）附录2词汇表；*为必修新增，**为选择性必修新增。
agreement,,,,gaokao-english,official_curriculum_2020,1,普通高中英语课程标准（2017年版2020年修订）附录2词汇表；*为必修新增，**为选择性必修新增。
agriculture,,,,gaokao-english,official_curriculum_2020,2,普通高中英语课程标准（2017年版2020年修订）附录2词汇表；*为必修新增，**为选择性必修新增。
ahead,,,,gaokao-english,official_curriculum_2020,2,普通高中英语课程标准（2017年版2020年修订）附录2词汇表；*为必修新增，**为选择性必修新增。
aid,,,,gaokao-english,official_curriculum_2020,2,普通高中英语课程标准（2017年版2020年修订）附录2词汇表；*为必修新增，**为选择性必修新增。
aim,,,,gaokao-english,official_curriculum_2020,2,普通高中英语课程标准（2017年版2020年修订）附录2词汇表；*为必修新增，**为选择性必修新增。
air,,,,gaokao-english,official_curriculum_2020,1,普通高中英语课程标准（2017年版2020年修订）附录2词汇表；*为必修新增，**为选择性必修新增。
airline,,,,gaokao-english,official_curriculum_2020,3,普通高中英语课程标准（2017年版2020年修订）附录2词汇表；*为必修新增，**为选择性必修新增。
airport,,,,gaokao-english,official_curriculum_2020,1,普通高中英语课程标准（2017年版2020年修订）附录2词汇表；*为必修新增，**为选择性必修新增。
alarm,,,,gaokao-english,official_curriculum_2020,2,普通高中英语课程标准（2017年版2020年修订）附录2词汇表；*为必修新增，**为选择性必修新增。
alcohol,,,,gaokao-english,official_curriculum_2020,3,普通高中英语课程标准（2017年版2020年修订）附录2词汇表；*为必修新增，**为选择性必修新增。
alive,,,,gaokao-english,official_curriculum_2020,1,普通高中英语课程标准（2017年版2020年修订）附录2词汇表；*为必修新增，**为选择性必修新增。
all,,,,gaokao-english,official_curriculum_2020,1,普通高中英语课程标准（2017年版2020年修订）附录2词汇表；*为必修新增，**为选择性必修新增。
allow,,,,gaokao-english,official_curriculum_2020,1,普通高中英语课程标准（2017年版2020年修订）附录2词汇表；*为必修新增，**为选择性必修新增。
almost,,,,gaokao-english,official_curriculum_2020,1,普通高中英语课程标准（2017年版2020年修订）附录2词汇表；*为必修新增，**为选择性必修新增。
alone,,,,gaokao-english,official_curriculum_2020,1,普通高中英语课程标准（2017年版2020年修订）附录2词汇表；*为必修新增，**为选择性必修新增。
along,,,,gaokao-english,official_curriculum_2020,1,普通高中英语课程标准（2017年版2020年修订）附录2词汇表；*为必修新增，**为选择性必修新增。
alongside,,,,gaokao-english,official_curriculum_2020,3,普通高中英语课程标准（2017年版2020年修订）附录2词汇表；*为必修新增，**为选择性必修新增。
aloud,,,,gaokao-english,official_curriculum_2020,1,普通高中英语课程标准（2017年版2020年修订）附录2词汇表；*为必修新增，**为选择性必修新增。
already,,,,gaokao-english,official_curriculum_2020,1,普通高中英语课程标准（2017年版2020年修订）附录2词汇表；*为必修新增，**为选择性必修新增。
also,,,,gaokao-english,official_curriculum_2020,1,普通高中英语课程标准（2017年版2020年修订）附录2词汇表；*为必修新增，**为选择性必修新增。
alternative,,,,gaokao-english,official_curriculum_2020,3,普通高中英语课程标准（2017年版2020年修订）附录2词汇表；*为必修新增，**为选择性必修新增。
although,,,,gaokao-english,official_curriculum_2020,1,普通高中英语课程标准（2017年版2020年修订）附录2词汇表；*为必修新增，**为选择性必修新增。
altogether,,,,gaokao-english,official_curriculum_2020,3,普通高中英语课程标准（2017年版2020年修订）附录2词汇表；*为必修新增，**为选择性必修新增。
always,,,,gaokao-english,official_curriculum_2020,1,普通高中英语课程标准（2017年版2020年修订）附录2词汇表；*为必修新增，**为选择性必修新增。
a.m.,,,,gaokao-english,official_curriculum_2020,2,普通高中英语课程标准（2017年版2020年修订）附录2词汇表；*为必修新增，**为选择性必修新增。
amateur,,,,gaokao-english,official_curriculum_2020,3,普通高中英语课程标准（2017年版2020年修订）附录2词汇表；*为必修新增，**为选择性必修新增。
amazing,,,,gaokao-english,official_curriculum_2020,2,普通高中英语课程标准（2017年版2020年修订）附录2词汇表；*为必修新增，**为选择性必修新增。
ambition,,,,gaokao-english,official_curriculum_2020,3,普通高中英语课程标准（2017年版2020年修订）附录2词汇表；*为必修新增，**为选择性必修新增。
ambitious,,,,gaokao-english,official_curriculum_2020,3,普通高中英语课程标准（2017年版2020年修订）附录2词汇表；*为必修新增，**为选择性必修新增。
ambulance,,,,gaokao-english,official_curriculum_2020,3,普通高中英语课程标准（2017年版2020年修订）附录2词汇表；*为必修新增，**为选择性必修新增。
America,,,,gaokao-english,official_curriculum_2020,1,普通高中英语课程标准（2017年版2020年修订）附录2词汇表；*为必修新增，**为选择性必修新增。
American,,,,gaokao-english,official_curriculum_2020,1,普通高中英语课程标准（2017年版2020年修订）附录2词汇表；*为必修新增，**为选择性必修新增。
among,,,,gaokao-english,official_curriculum_2020,1,普通高中英语课程标准（2017年版2020年修订）附录2词汇表；*为必修新增，**为选择性必修新增。
amount,,,,gaokao-english,official_curriculum_2020,2,普通高中英语课程标准（2017年版2020年修订）附录2词汇表；*为必修新增，**为选择性必修新增。
amuse,,,,gaokao-english,official_curriculum_2020,3,普通高中英语课程标准（2017年版2020年修订）附录2词汇表；*为必修新增，**为选择性必修新增。
analyse (analyze),,,,gaokao-english,official_curriculum_2020,3,普通高中英语课程标准（2017年版2020年修订）附录2词汇表；*为必修新增，**为选择性必修新增。
ancestor,,,,gaokao-english,official_curriculum_2020,3,普通高中英语课程标准（2017年版2020年修订）附录2词汇表；*为必修新增，**为选择性必修新增。
ancient,,,,gaokao-english,official_curriculum_2020,1,普通高中英语课程标准（2017年版2020年修订）附录2词汇表；*为必修新增，**为选择性必修新增。
and,,,,gaokao-english,official_curriculum_2020,1,普通高中英语课程标准（2017年版2020年修订）附录2词汇表；*为必修新增，**为选择性必修新增。
anger,,,,gaokao-english,official_curriculum_2020,3,普通高中英语课程标准（2017年版2020年修订）附录2词汇表；*为必修新增，**为选择性必修新增。
angle,,,,gaokao-english,official_curriculum_2020,3,普通高中英语课程标准（2017年版2020年修订）附录2词汇表；*为必修新增，**为选择性必修新增。
angry,,,,gaokao-english,official_curriculum_2020,1,普通高中英语课程标准（2017年版2020年修订）附录2词汇表；*为必修新增，**为选择性必修新增。
animal,,,,gaokao-english,official_curriculum_2020,1,普通高中英语课程标准（2017年版2020年修订）附录2词汇表；*为必修新增，**为选择性必修新增。
ankle,,,,gaokao-english,official_curriculum_2020,3,普通高中英语课程标准（2017年版2020年修订）附录2词汇表；*为必修新增，**为选择性必修新增。
announce,,,,gaokao-english,official_curriculum_2020,2,普通高中英语课程标准（2017年版2020年修订）附录2词汇表；*为必修新增，**为选择性必修新增。
annoy,,,,gaokao-english,official_curriculum_2020,3,普通高中英语课程标准（2017年版2020年修订）附录2词汇表；*为必修新增，**为选择性必修新增。
annual,,,,gaokao-english,official_curriculum_2020,2,普通高中英语课程标准（2017年版2020年修订）附录2词汇表；*为必修新增，**为选择性必修新增。
another,,,,gaokao-english,official_curriculum_2020,1,普通高中英语课程标准（2017年版2020年修订）附录2词汇表；*为必修新增，**为选择性必修新增。
answer,,,,gaokao-english,official_curriculum_2020,1,普通高中英语课程标准（2017年版2020年修订）附录2词汇表；*为必修新增，**为选择性必修新增。
ant,,,,gaokao-english,official_curriculum_2020,1,普通高中英语课程标准（2017年版2020年修订）附录2词汇表；*为必修新增，**为选择性必修新增。
anticipate,,,,gaokao-english,official_curriculum_2020,3,普通高中英语课程标准（2017年版2020年修订）附录2词汇表；*为必修新增，**为选择性必修新增。
antique,,,,gaokao-english,official_curriculum_2020,3,普通高中英语课程标准（2017年版2020年修订）附录2词汇表；*为必修新增，**为选择性必修新增。
anxiety,,,,gaokao-english,official_curriculum_2020,3,普通高中英语课程标准（2017年版2020年修订）附录2词汇表；*为必修新增，**为选择性必修新增。
anxious,,,,gaokao-english,official_curriculum_2020,2,普通高中英语课程标准（2017年版2020年修订）附录2词汇表；*为必修新增，**为选择性必修新增。
any,,,,gaokao-english,official_curriculum_2020,1,普通高中英语课程标准（2017年版2020年修订）附录2词汇表；*为必修新增，**为选择性必修新增。
anybody,,,,gaokao-english,official_curriculum_2020,1,普通高中英语课程标准（2017年版2020年修订）附录2词汇表；*为必修新增，**为选择性必修新增。
anyhow,,,,gaokao-english,official_curriculum_2020,3,普通高中英语课程标准（2017年版2020年修订）附录2词汇表；*为必修新增，**为选择性必修新增。
anyone,,,,gaokao-english,official_curriculum_2020,1,普通高中英语课程标准（2017年版2020年修订）附录2词汇表；*为必修新增，**为选择性必修新增。
anything,,,,gaokao-english,official_curriculum_2020,1,普通高中英语课程标准（2017年版2020年修订）附录2词汇表；*为必修新增，**为选择性必修新增。
anyway,,,,gaokao-english,official_curriculum_2020,1,普通高中英语课程标准（2017年版2020年修订）附录2词汇表；*为必修新增，**为选择性必修新增。
anywhere,,,,gaokao-english,official_curriculum_2020,1,普通高中英语课程标准（2017年版2020年修订）附录2词汇表；*为必修新增，**为选择性必修新增。
apart,,,,gaokao-english,official_curriculum_2020,3,普通高中英语课程标准（2017年版2020年修订）附录2词汇表；*为必修新增，**为选择性必修新增。
apartment,,,,gaokao-english,official_curriculum_2020,2,普通高中英语课程标准（2017年版2020年修订）附录2词汇表；*为必修新增，**为选择性必修新增。
apologise (apologize),,,,gaokao-english,official_curriculum_2020,2,普通高中英语课程标准（2017年版2020年修订）附录2词汇表；*为必修新增，**为选择性必修新增。
apparently,,,,gaokao-english,official_curriculum_2020,3,普通高中英语课程标准（2017年版2020年修订）附录2词汇表；*为必修新增，**为选择性必修新增。
appeal,,,,gaokao-english,official_curriculum_2020,3,普通高中英语课程标准（2017年版2020年修订）附录2词汇表；*为必修新增，**为选择性必修新增。
appear,,,,gaokao-english,official_curriculum_2020,1,普通高中英语课程标准（2017年版2020年修订）附录2词汇表；*为必修新增，**为选择性必修新增。
appetite,,,,gaokao-english,official_curriculum_2020,3,普通高中英语课程标准（2017年版2020年修订）附录2词汇表；*为必修新增，**为选择性必修新增。
applaud,,,,gaokao-english,official_curriculum_2020,3,普通高中英语课程标准（2017年版2020年修订）附录2词汇表；*为必修新增，**为选择性必修新增。
apple,,,,gaokao-english,official_curriculum_2020,1,普通高中英语课程标准（2017年版2020年修订）附录2词汇表；*为必修新增，**为选择性必修新增。
applicant,,,,gaokao-english,official_curriculum_2020,3,普通高中英语课程标准（2017年版2020年修订）附录2词汇表；*为必修新增，**为选择性必修新增。
application,,,,gaokao-english,official_curriculum_2020,2,普通高中英语课程标准（2017年版2020年修订）附录2词汇表；*为必修新增，**为选择性必修新增。
apply,,,,gaokao-english,official_curriculum_2020,2,普通高中英语课程标准（2017年版2020年修订）附录2词汇表；*为必修新增，**为选择性必修新增。
appointment,,,,gaokao-english,official_curriculum_2020,3,普通高中英语课程标准（2017年版2020年修订）附录2词汇表；*为必修新增，**为选择性必修新增。
appreciate,,,,gaokao-english,official_curriculum_2020,3,普通高中英语课程标准（2017年版2020年修订）附录2词汇表；*为必修新增，**为选择性必修新增。
approach,,,,gaokao-english,official_curriculum_2020,2,普通高中英语课程标准（2017年版2020年修订）附录2词汇表；*为必修新增，**为选择性必修新增。
appropriate,,,,gaokao-english,official_curriculum_2020,3,普通高中英语课程标准（2017年版2020年修订）附录2词汇表；*为必修新增，**为选择性必修新增。
approve,,,,gaokao-english,official_curriculum_2020,3,普通高中英语课程标准（2017年版2020年修订）附录2词汇表；*为必修新增，**为选择性必修新增。
April,,,,gaokao-english,official_curriculum_2020,1,普通高中英语课程标准（2017年版2020年修订）附录2词汇表；*为必修新增，**为选择性必修新增。
arch,,,,gaokao-english,official_curriculum_2020,3,普通高中英语课程标准（2017年版2020年修订）附录2词汇表；*为必修新增，**为选择性必修新增。
architect,,,,gaokao-english,official_curriculum_2020,3,普通高中英语课程标准（2017年版2020年修订）附录2词汇表；*为必修新增，**为选择性必修新增。
area,,,,gaokao-english,official_curriculum_2020,1,普通高中英语课程标准（2017年版2020年修订）附录2词汇表；*为必修新增，**为选择性必修新增。
argue,,,,gaokao-english,official_curriculum_2020,2,普通高中英语课程标准（2017年版2020年修订）附录2词汇表；*为必修新增，**为选择性必修新增。
arise,,,,gaokao-english,official_curriculum_2020,3,普通高中英语课程标准（2017年版2020年修订）附录2词汇表；*为必修新增，**为选择性必修新增。
arm,,,,gaokao-english,official_curriculum_2020,1,普通高中英语课程标准（2017年版2020年修订）附录2词汇表；*为必修新增，**为选择性必修新增。
army,,,,gaokao-english,official_curriculum_2020,1,普通高中英语课程标准（2017年版2020年修订）附录2词汇表；*为必修新增，**为选择性必修新增。
around,,,,gaokao-english,official_curriculum_2020,1,普通高中英语课程标准（2017年版2020年修订）附录2词汇表；*为必修新增，**为选择性必修新增。
arrangement,,,,gaokao-english,official_curriculum_2020,2,普通高中英语课程标准（2017年版2020年修订）附录2词汇表；*为必修新增，**为选择性必修新增。
arrest,,,,gaokao-english,official_curriculum_2020,3,普通高中英语课程标准（2017年版2020年修订）附录2词汇表；*为必修新增，**为选择性必修新增。
arrive,,,,gaokao-english,official_curriculum_2020,1,普通高中英语课程标准（2017年版2020年修订）附录2词汇表；*为必修新增，**为选择性必修新增。
arrow,,,,gaokao-english,official_curriculum_2020,3,普通高中英语课程标准（2017年版2020年修订）附录2词汇表；*为必修新增，**为选择性必修新增。
art,,,,gaokao-english,official_curriculum_2020,1,普通高中英语课程标准（2017年版2020年修订）附录2词汇表；*为必修新增，**为选择性必修新增。
article,,,,gaokao-english,official_curriculum_2020,1,普通高中英语课程标准（2017年版2020年修订）附录2词汇表；*为必修新增，**为选择性必修新增。
artificial,,,,gaokao-english,official_curriculum_2020,3,普通高中英语课程标准（2017年版2020年修订）附录2词汇表；*为必修新增，**为选择性必修新增。
artist,,,,gaokao-english,official_curriculum_2020,1,普通高中英语课程标准（2017年版2020年修订）附录2词汇表；*为必修新增，**为选择性必修新增。
as,,,,gaokao-english,official_curriculum_2020,1,普通高中英语课程标准（2017年版2020年修订）附录2词汇表；*为必修新增，**为选择性必修新增。
ashamed,,,,gaokao-english,official_curriculum_2020,3,普通高中英语课程标准（2017年版2020年修订）附录2词汇表；*为必修新增，**为选择性必修新增。
Asia,,,,gaokao-english,official_curriculum_2020,1,普通高中英语课程标准（2017年版2020年修订）附录2词汇表；*为必修新增，**为选择性必修新增。
Asian,,,,gaokao-english,official_curriculum_2020,1,普通高中英语课程标准（2017年版2020年修订）附录2词汇表；*为必修新增，**为选择性必修新增。
aside,,,,gaokao-english,official_curriculum_2020,3,普通高中英语课程标准（2017年版2020年修订）附录2词汇表；*为必修新增，**为选择性必修新增。
ask,,,,gaokao-english,official_curriculum_2020,1,普通高中英语课程标准（2017年版2020年修订）附录2词汇表；*为必修新增，**为选择性必修新增。
asleep,,,,gaokao-english,official_curriculum_2020,1,普通高中英语课程标准（2017年版2020年修订）附录2词汇表；*为必修新增，**为选择性必修新增。
aspect,,,,gaokao-english,official_curriculum_2020,2,普通高中英语课程标准（2017年版2020年修订）附录2词汇表；*为必修新增，**为选择性必修新增。
assess,,,,gaokao-english,official_curriculum_2020,3,普通高中英语课程标准（2017年版2020年修订）附录2词汇表；*为必修新增，**为选择性必修新增。
assign,,,,gaokao-english,official_curriculum_2020,3,普通高中英语课程标准（2017年版2020年修订）附录2词汇表；*为必修新增，**为选择性必修新增。
assistant,,,,gaokao-english,official_curriculum_2020,3,普通高中英语课程标准（2017年版2020年修订）附录2词汇表；*为必修新增，**为选择性必修新增。
association,,,,gaokao-english,official_curriculum_2020,3,普通高中英语课程标准（2017年版2020年修订）附录2词汇表；*为必修新增，**为选择性必修新增。
assume,,,,gaokao-english,official_curriculum_2020,2,普通高中英语课程标准（2017年版2020年修订）附录2词汇表；*为必修新增，**为选择性必修新增。
assumption,,,,gaokao-english,official_curriculum_2020,3,普通高中英语课程标准（2017年版2020年修订）附录2词汇表；*为必修新增，**为选择性必修新增。
astonish,,,,gaokao-english,official_curriculum_2020,3,普通高中英语课程标准（2017年版2020年修订）附录2词汇表；*为必修新增，**为选择性必修新增。
astronaut,,,,gaokao-english,official_curriculum_2020,3,普通高中英语课程标准（2017年版2020年修订）附录2词汇表；*为必修新增，**为选择性必修新增。
astronomer,,,,gaokao-english,official_curriculum_2020,3,普通高中英语课程标准（2017年版2020年修订）附录2词汇表；*为必修新增，**为选择性必修新增。
at,,,,gaokao-english,official_curriculum_2020,1,普通高中英语课程标准（2017年版2020年修订）附录2词汇表；*为必修新增，**为选择性必修新增。
athlete,,,,gaokao-english,official_curriculum_2020,2,普通高中英语课程标准（2017年版2020年修订）附录2词汇表；*为必修新增，**为选择性必修新增。
Atlantic,,,,gaokao-english,official_curriculum_2020,2,普通高中英语课程标准（2017年版2020年修订）附录2词汇表；*为必修新增，**为选择性必修新增。
atmosphere,,,,gaokao-english,official_curriculum_2020,3,普通高中英语课程标准（2017年版2020年修订）附录2词汇表；*为必修新增，**为选择性必修新增。
attach,,,,gaokao-english,official_curriculum_2020,2,普通高中英语课程标准（2017年版2020年修订）附录2词汇表；*为必修新增，**为选择性必修新增。
attack,,,,gaokao-english,official_curriculum_2020,2,普通高中英语课程标准（2017年版2020年修订）附录2词汇表；*为必修新增，**为选择性必修新增。
attain,,,,gaokao-english,official_curriculum_2020,3,普通高中英语课程标准（2017年版2020年修订）附录2词汇表；*为必修新增，**为选择性必修新增。
attempt,,,,gaokao-english,official_curriculum_2020,2,普通高中英语课程标准（2017年版2020年修订）附录2词汇表；*为必修新增，**为选择性必修新增。
attend,,,,gaokao-english,official_curriculum_2020,1,普通高中英语课程标准（2017年版2020年修订）附录2词汇表；*为必修新增，**为选择性必修新增。
attention,,,,gaokao-english,official_curriculum_2020,1,普通高中英语课程标准（2017年版2020年修订）附录2词汇表；*为必修新增，**为选择性必修新增。
attitude,,,,gaokao-english,official_curriculum_2020,2,普通高中英语课程标准（2017年版2020年修订）附录2词汇表；*为必修新增，**为选择性必修新增。
attract,,,,gaokao-english,official_curriculum_2020,2,普通高中英语课程标准（2017年版2020年修订）附录2词汇表；*为必修新增，**为选择性必修新增。
audience,,,,gaokao-english,official_curriculum_2020,2,普通高中英语课程标准（2017年版2020年修订）附录2词汇表；*为必修新增，**为选择性必修新增。
August,,,,gaokao-english,official_curriculum_2020,1,普通高中英语课程标准（2017年版2020年修订）附录2词汇表；*为必修新增，**为选择性必修新增。
aunt,,,,gaokao-english,official_curriculum_2020,1,普通高中英语课程标准（2017年版2020年修订）附录2词汇表；*为必修新增，**为选择性必修新增。
Australia,,,,gaokao-english,official_curriculum_2020,1,普通高中英语课程标准（2017年版2020年修订）附录2词汇表；*为必修新增，**为选择性必修新增。
Australian,,,,gaokao-english,official_curriculum_2020,1,普通高中英语课程标准（2017年版2020年修订）附录2词汇表；*为必修新增，**为选择性必修新增。
author,,,,gaokao-english,official_curriculum_2020,2,普通高中英语课程标准（2017年版2020年修订）附录2词汇表；*为必修新增，**为选择性必修新增。
authority,,,,gaokao-english,official_curriculum_2020,2,普通高中英语课程标准（2017年版2020年修订）附录2词汇表；*为必修新增，**为选择性必修新增。
automatic,,,,gaokao-english,official_curriculum_2020,3,普通高中英语课程标准（2017年版2020年修订）附录2词汇表；*为必修新增，**为选择性必修新增。
autonomous,,,,gaokao-english,official_curriculum_2020,3,普通高中英语课程标准（2017年版2020年修订）附录2词汇表；*为必修新增，**为选择性必修新增。
autumn,,,,gaokao-english,official_curriculum_2020,1,普通高中英语课程标准（2017年版2020年修订）附录2词汇表；*为必修新增，**为选择性必修新增。
available,,,,gaokao-english,official_curriculum_2020,3,普通高中英语课程标准（2017年版2020年修订）附录2词汇表；*为必修新增，**为选择性必修新增。
average,,,,gaokao-english,official_curriculum_2020,2,普通高中英语课程标准（2017年版2020年修订）附录2词汇表；*为必修新增，**为选择性必修新增。
avoid,,,,gaokao-english,official_curriculum_2020,1,普通高中英语课程标准（2017年版2020年修订）附录2词汇表；*为必修新增，**为选择性必修新增。
awake,,,,gaokao-english,official_curriculum_2020,1,普通高中英语课程标准（2017年版2020年修订）附录2词汇表；*为必修新增，**为选择性必修新增。
award,,,,gaokao-english,official_curriculum_2020,2,普通高中英语课程标准（2017年版2020年修订）附录2词汇表；*为必修新增，**为选择性必修新增。
aware,,,,gaokao-english,official_curriculum_2020,2,普通高中英语课程标准（2017年版2020年修订）附录2词汇表；*为必修新增，**为选择性必修新增。
away,,,,gaokao-english,official_curriculum_2020,1,普通高中英语课程标准（2017年版2020年修订）附录2词汇表；*为必修新增，**为选择性必修新增。
awesome,,,,gaokao-english,official_curriculum_2020,3,普通高中英语课程标准（2017年版2020年修订）附录2词汇表；*为必修新增，**为选择性必修新增。
awful,,,,gaokao-english,official_curriculum_2020,1,普通高中英语课程标准（2017年版2020年修订）附录2词汇表；*为必修新增，**为选择性必修新增。
awkward,,,,gaokao-english,official_curriculum_2020,2,普通高中英语课程标准（2017年版2020年修订）附录2词汇表；*为必修新增，**为选择性必修新增。
baby,,,,gaokao-english,official_curriculum_2020,1,普通高中英语课程标准（2017年版2020年修订）附录2词汇表；*为必修新增，**为选择性必修新增。
back,,,,gaokao-english,official_curriculum_2020,1,普通高中英语课程标准（2017年版2020年修订）附录2词汇表；*为必修新增，**为选择性必修新增。
background,,,,gaokao-english,official_curriculum_2020,1,普通高中英语课程标准（2017年版2020年修订）附录2词汇表；*为必修新增，**为选择性必修新增。
backward,,,,gaokao-english,official_curriculum_2020,3,普通高中英语课程标准（2017年版2020年修订）附录2词汇表；*为必修新增，**为选择性必修新增。
bacon,,,,gaokao-english,official_curriculum_2020,3,普通高中英语课程标准（2017年版2020年修订）附录2词汇表；*为必修新增，**为选择性必修新增。
bad,,,,gaokao-english,official_curriculum_2020,1,普通高中英语课程标准（2017年版2020年修订）附录2词汇表；*为必修新增，**为选择性必修新增。
badminton,,,,gaokao-english,official_curriculum_2020,2,普通高中英语课程标准（2017年版2020年修订）附录2词汇表；*为必修新增，**为选择性必修新增。
bag,,,,gaokao-english,official_curriculum_2020,1,普通高中英语课程标准（2017年版2020年修订）附录2词汇表；*为必修新增，**为选择性必修新增。
bakery,,,,gaokao-english,official_curriculum_2020,3,普通高中英语课程标准（2017年版2020年修订）附录2词汇表；*为必修新增，**为选择性必修新增。
balance,,,,gaokao-english,official_curriculum_2020,2,普通高中英语课程标准（2017年版2020年修订）附录2词汇表；*为必修新增，**为选择性必修新增。
ball,,,,gaokao-english,official_curriculum_2020,1,普通高中英语课程标准（2017年版2020年修订）附录2词汇表；*为必修新增，**为选择性必修新增。
ballet,,,,gaokao-english,official_curriculum_2020,2,普通高中英语课程标准（2017年版2020年修订）附录2词汇表；*为必修新增，**为选择性必修新增。
balloon,,,,gaokao-english,official_curriculum_2020,1,普通高中英语课程标准（2017年版2020年修订）附录2词汇表；*为必修新增，**为选择性必修新增。
bamboo,,,,gaokao-english,official_curriculum_2020,1,普通高中英语课程标准（2017年版2020年修订）附录2词汇表；*为必修新增，**为选择性必修新增。
ban,,,,gaokao-english,official_curriculum_2020,3,普通高中英语课程标准（2017年版2020年修订）附录2词汇表；*为必修新增，**为选择性必修新增。
banana,,,,gaokao-english,official_curriculum_2020,1,普通高中英语课程标准（2017年版2020年修订）附录2词汇表；*为必修新增，**为选择性必修新增。
band,,,,gaokao-english,official_curriculum_2020,2,普通高中英语课程标准（2017年版2020年修订）附录2词汇表；*为必修新增，**为选择性必修新增。
bank,,,,gaokao-english,official_curriculum_2020,1,普通高中英语课程标准（2017年版2020年修订）附录2词汇表；*为必修新增，**为选择性必修新增。
bar,,,,gaokao-english,official_curriculum_2020,2,普通高中英语课程标准（2017年版2020年修订）附录2词汇表；*为必修新增，**为选择性必修新增。
barbecue,,,,gaokao-english,official_curriculum_2020,3,普通高中英语课程标准（2017年版2020年修订）附录2词汇表；*为必修新增，**为选择性必修新增。
barely,,,,gaokao-english,official_curriculum_2020,3,普通高中英语课程标准（2017年版2020年修订）附录2词汇表；*为必修新增，**为选择性必修新增。
bark,,,,gaokao-english,official_curriculum_2020,3,普通高中英语课程标准（2017年版2020年修订）附录2词汇表；*为必修新增，**为选择性必修新增。
barrier,,,,gaokao-english,official_curriculum_2020,3,普通高中英语课程标准（2017年版2020年修订）附录2词汇表；*为必修新增，**为选择性必修新增。
base,,,,gaokao-english,official_curriculum_2020,2,普通高中英语课程标准（2017年版2020年修订）附录2词汇表；*为必修新增，**为选择性必修新增。
baseball,,,,gaokao-english,official_curriculum_2020,1,普通高中英语课程标准（2017年版2020年修订）附录2词汇表；*为必修新增，**为选择性必修新增。
basic,,,,gaokao-english,official_curriculum_2020,1,普通高中英语课程标准（2017年版2020年修订）附录2词汇表；*为必修新增，**为选择性必修新增。
basin,,,,gaokao-english,official_curriculum_2020,3,普通高中英语课程标准（2017年版2020年修订）附录2词汇表；*为必修新增，**为选择性必修新增。
basis,,,,gaokao-english,official_curriculum_2020,2,普通高中英语课程标准（2017年版2020年修订）附录2词汇表；*为必修新增，**为选择性必修新增。
basket,,,,gaokao-english,official_curriculum_2020,1,普通高中英语课程标准（2017年版2020年修订）附录2词汇表；*为必修新增，**为选择性必修新增。
basketball,,,,gaokao-english,official_curriculum_2020,1,普通高中英语课程标准（2017年版2020年修订）附录2词汇表；*为必修新增，**为选择性必修新增。
bat,,,,gaokao-english,official_curriculum_2020,3,普通高中英语课程标准（2017年版2020年修订）附录2词汇表；*为必修新增，**为选择性必修新增。
bath,,,,gaokao-english,official_curriculum_2020,3,普通高中英语课程标准（2017年版2020年修订）附录2词汇表；*为必修新增，**为选择性必修新增。
bathroom,,,,gaokao-english,official_curriculum_2020,1,普通高中英语课程标准（2017年版2020年修订）附录2词汇表；*为必修新增，**为选择性必修新增。
battery,,,,gaokao-english,official_curriculum_2020,2,普通高中英语课程标准（2017年版2020年修订）附录2词汇表；*为必修新增，**为选择性必修新增。
battle,,,,gaokao-english,official_curriculum_2020,2,普通高中英语课程标准（2017年版2020年修订）附录2词汇表；*为必修新增，**为选择性必修新增。
bay,,,,gaokao-english,official_curriculum_2020,3,普通高中英语课程标准（2017年版2020年修订）附录2词汇表；*为必修新增，**为选择性必修新增。
BC,,,,gaokao-english,official_curriculum_2020,3,普通高中英语课程标准（2017年版2020年修订）附录2词汇表；*为必修新增，**为选择性必修新增。
beach,,,,gaokao-english,official_curriculum_2020,1,普通高中英语课程标准（2017年版2020年修订）附录2词汇表；*为必修新增，**为选择性必修新增。
bean,,,,gaokao-english,official_curriculum_2020,1,普通高中英语课程标准（2017年版2020年修订）附录2词汇表；*为必修新增，**为选择性必修新增。
bean curd (tofu),,,,gaokao-english,official_curriculum_2020,3,普通高中英语课程标准（2017年版2020年修订）附录2词汇表；*为必修新增，**为选择性必修新增。
bear,,,,gaokao-english,official_curriculum_2020,1,普通高中英语课程标准（2017年版2020年修订）附录2词汇表；*为必修新增，**为选择性必修新增。
beard,,,,gaokao-english,official_curriculum_2020,3,普通高中英语课程标准（2017年版2020年修订）附录2词汇表；*为必修新增，**为选择性必修新增。
beat,,,,gaokao-english,official_curriculum_2020,1,普通高中英语课程标准（2017年版2020年修订）附录2词汇表；*为必修新增，**为选择性必修新增。
beautiful,,,,gaokao-english,official_curriculum_2020,1,普通高中英语课程标准（2017年版2020年修订）附录2词汇表；*为必修新增，**为选择性必修新增。
beauty,,,,gaokao-english,official_curriculum_2020,3,普通高中英语课程标准（2017年版2020年修订）附录2词汇表；*为必修新增，**为选择性必修新增。
because,,,,gaokao-english,official_curriculum_2020,1,普通高中英语课程标准（2017年版2020年修订）附录2词汇表；*为必修新增，**为选择性必修新增。
become,,,,gaokao-english,official_curriculum_2020,1,普通高中英语课程标准（2017年版2020年修订）附录2词汇表；*为必修新增，**为选择性必修新增。
bed,,,,gaokao-english,official_curriculum_2020,1,普通高中英语课程标准（2017年版2020年修订）附录2词汇表；*为必修新增，**为选择性必修新增。
bedroom,,,,gaokao-english,official_curriculum_2020,1,普通高中英语课程标准（2017年版2020年修订）附录2词汇表；*为必修新增，**为选择性必修新增。
beef,,,,gaokao-english,official_curriculum_2020,1,普通高中英语课程标准（2017年版2020年修订）附录2词汇表；*为必修新增，**为选择性必修新增。
beer,,,,gaokao-english,official_curriculum_2020,2,普通高中英语课程标准（2017年版2020年修订）附录2词汇表；*为必修新增，**为选择性必修新增。
before,,,,gaokao-english,official_curriculum_2020,1,普通高中英语课程标准（2017年版2020年修订）附录2词汇表；*为必修新增，**为选择性必修新增。
begin,,,,gaokao-english,official_curriculum_2020,1,普通高中英语课程标准（2017年版2020年修订）附录2词汇表；*为必修新增，**为选择性必修新增。
behalf,,,,gaokao-english,official_curriculum_2020,3,普通高中英语课程标准（2017年版2020年修订）附录2词汇表；*为必修新增，**为选择性必修新增。
behave,,,,gaokao-english,official_curriculum_2020,3,普通高中英语课程标准（2017年版2020年修订）附录2词汇表；*为必修新增，**为选择性必修新增。
behaviour (behavior),,,,gaokao-english,official_curriculum_2020,2,普通高中英语课程标准（2017年版2020年修订）附录2词汇表；*为必修新增，**为选择性必修新增。
behind,,,,gaokao-english,official_curriculum_2020,1,普通高中英语课程标准（2017年版2020年修订）附录2词汇表；*为必修新增，**为选择性必修新增。
being,,,,gaokao-english,official_curriculum_2020,3,普通高中英语课程标准（2017年版2020年修订）附录2词汇表；*为必修新增，**为选择性必修新增。
belief,,,,gaokao-english,official_curriculum_2020,3,普通高中英语课程标准（2017年版2020年修订）附录2词汇表；*为必修新增，**为选择性必修新增。
believe,,,,gaokao-english,official_curriculum_2020,1,普通高中英语课程标准（2017年版2020年修订）附录2词汇表；*为必修新增，**为选择性必修新增。
bell,,,,gaokao-english,official_curriculum_2020,1,普通高中英语课程标准（2017年版2020年修订）附录2词汇表；*为必修新增，**为选择性必修新增。
belong,,,,gaokao-english,official_curriculum_2020,2,普通高中英语课程标准（2017年版2020年修订）附录2词汇表；*为必修新增，**为选择性必修新增。
below,,,,gaokao-english,official_curriculum_2020,1,普通高中英语课程标准（2017年版2020年修订）附录2词汇表；*为必修新增，**为选择性必修新增。
belt,,,,gaokao-english,official_curriculum_2020,2,普通高中英语课程标准（2017年版2020年修订）附录2词汇表；*为必修新增，**为选择性必修新增。
bend,,,,gaokao-english,official_curriculum_2020,3,普通高中英语课程标准（2017年版2020年修订）附录2词汇表；*为必修新增，**为选择性必修新增。
beneath,,,,gaokao-english,official_curriculum_2020,2,普通高中英语课程标准（2017年版2020年修订）附录2词汇表；*为必修新增，**为选择性必修新增。
benefit,,,,gaokao-english,official_curriculum_2020,2,普通高中英语课程标准（2017年版2020年修订）附录2词汇表；*为必修新增，**为选择性必修新增。
beside,,,,gaokao-english,official_curriculum_2020,1,普通高中英语课程标准（2017年版2020年修订）附录2词汇表；*为必修新增，**为选择性必修新增。
best,,,,gaokao-english,official_curriculum_2020,1,普通高中英语课程标准（2017年版2020年修订）附录2词汇表；*为必修新增，**为选择性必修新增。
bet,,,,gaokao-english,official_curriculum_2020,3,普通高中英语课程标准（2017年版2020年修订）附录2词汇表；*为必修新增，**为选择性必修新增。
better,,,,gaokao-english,official_curriculum_2020,1,普通高中英语课程标准（2017年版2020年修订）附录2词汇表；*为必修新增，**为选择性必修新增。
between,,,,gaokao-english,official_curriculum_2020,1,普通高中英语课程标准（2017年版2020年修订）附录2词汇表；*为必修新增，**为选择性必修新增。
beyond,,,,gaokao-english,official_curriculum_2020,2,普通高中英语课程标准（2017年版2020年修订）附录2词汇表；*为必修新增，**为选择性必修新增。
big,,,,gaokao-english,official_curriculum_2020,1,普通高中英语课程标准（2017年版2020年修订）附录2词汇表；*为必修新增，**为选择性必修新增。
bike (bicycle),,,,gaokao-english,official_curriculum_2020,1,普通高中英语课程标准（2017年版2020年修订）附录2词汇表；*为必修新增，**为选择性必修新增。
bill,,,,gaokao-english,official_curriculum_2020,1,普通高中英语课程标准（2017年版2020年修订）附录2词汇表；*为必修新增，**为选择性必修新增。
billion,,,,gaokao-english,official_curriculum_2020,3,普通高中英语课程标准（2017年版2020年修订）附录2词汇表；*为必修新增，**为选择性必修新增。
biology,,,,gaokao-english,official_curriculum_2020,3,普通高中英语课程标准（2017年版2020年修订）附录2词汇表；*为必修新增，**为选择性必修新增。
bird,,,,gaokao-english,official_curriculum_2020,1,普通高中英语课程标准（2017年版2020年修订）附录2词汇表；*为必修新增，**为选择性必修新增。
birth,,,,gaokao-english,official_curriculum_2020,1,普通高中英语课程标准（2017年版2020年修订）附录2词汇表；*为必修新增，**为选择性必修新增。
birthday,,,,gaokao-english,official_curriculum_2020,1,普通高中英语课程标准（2017年版2020年修订）附录2词汇表；*为必修新增，**为选择性必修新增。
biscuit,,,,gaokao-english,official_curriculum_2020,1,普通高中英语课程标准（2017年版2020年修订）附录2词汇表；*为必修新增，**为选择性必修新增。
bit,,,,gaokao-english,official_curriculum_2020,1,普通高中英语课程标准（2017年版2020年修订）附录2词汇表；*为必修新增，**为选择性必修新增。
bite,,,,gaokao-english,official_curriculum_2020,2,普通高中英语课程标准（2017年版2020年修订）附录2词汇表；*为必修新增，**为选择性必修新增。
bitter,,,,gaokao-english,official_curriculum_2020,3,普通高中英语课程标准（2017年版2020年修订）附录2词汇表；*为必修新增，**为选择性必修新增。
black,,,,gaokao-english,official_curriculum_2020,1,普通高中英语课程标准（2017年版2020年修订）附录2词汇表；*为必修新增，**为选择性必修新增。
blackboard,,,,gaokao-english,official_curriculum_2020,1,普通高中英语课程标准（2017年版2020年修订）附录2词汇表；*为必修新增，**为选择性必修新增。
blame,,,,gaokao-english,official_curriculum_2020,3,普通高中英语课程标准（2017年版2020年修订）附录2词汇表；*为必修新增，**为选择性必修新增。
blank,,,,gaokao-english,official_curriculum_2020,3,普通高中英语课程标准（2017年版2020年修订）附录2词汇表；*为必修新增，**为选择性必修新增。
blanket,,,,gaokao-english,official_curriculum_2020,3,普通高中英语课程标准（2017年版2020年修订）附录2词汇表；*为必修新增，**为选择性必修新增。
bleed,,,,gaokao-english,official_curriculum_2020,3,普通高中英语课程标准（2017年版2020年修订）附录2词汇表；*为必修新增，**为选择性必修新增。
bless,,,,gaokao-english,official_curriculum_2020,3,普通高中英语课程标准（2017年版2020年修订）附录2词汇表；*为必修新增，**为选择性必修新增。
blind,,,,gaokao-english,official_curriculum_2020,1,普通高中英语课程标准（2017年版2020年修订）附录2词汇表；*为必修新增，**为选择性必修新增。
block,,,,gaokao-english,official_curriculum_2020,1,普通高中英语课程标准（2017年版2020年修订）附录2词汇表；*为必修新增，**为选择性必修新增。
blog,,,,gaokao-english,official_curriculum_2020,2,普通高中英语课程标准（2017年版2020年修订）附录2词汇表；*为必修新增，**为选择性必修新增。
blood,,,,gaokao-english,official_curriculum_2020,1,普通高中英语课程标准（2017年版2020年修订）附录2词汇表；*为必修新增，**为选择性必修新增。
blouse,,,,gaokao-english,official_curriculum_2020,1,普通高中英语课程标准（2017年版2020年修订）附录2词汇表；*为必修新增，**为选择性必修新增。
blow,,,,gaokao-english,official_curriculum_2020,1,普通高中英语课程标准（2017年版2020年修订）附录2词汇表；*为必修新增，**为选择性必修新增。
blue,,,,gaokao-english,official_curriculum_2020,1,普通高中英语课程标准（2017年版2020年修订）附录2词汇表；*为必修新增，**为选择性必修新增。
board,,,,gaokao-english,official_curriculum_2020,1,普通高中英语课程标准（2017年版2020年修订）附录2词汇表；*为必修新增，**为选择性必修新增。
boat,,,,gaokao-english,official_curriculum_2020,1,普通高中英语课程标准（2017年版2020年修订）附录2词汇表；*为必修新增，**为选择性必修新增。
body,,,,gaokao-english,official_curriculum_2020,1,普通高中英语课程标准（2017年版2020年修订）附录2词汇表；*为必修新增，**为选择性必修新增。
boil,,,,gaokao-english,official_curriculum_2020,3,普通高中英语课程标准（2017年版2020年修订）附录2词汇表；*为必修新增，**为选择性必修新增。
bomb,,,,gaokao-english,official_curriculum_2020,3,普通高中英语课程标准（2017年版2020年修订）附录2词汇表；*为必修新增，**为选择性必修新增。
bond,,,,gaokao-english,official_curriculum_2020,3,普通高中英语课程标准（2017年版2020年修订）附录2词汇表；*为必修新增，**为选择性必修新增。
bone,,,,gaokao-english,official_curriculum_2020,2,普通高中英语课程标准（2017年版2020年修订）附录2词汇表；*为必修新增，**为选择性必修新增。
bonus,,,,gaokao-english,official_curriculum_2020,3,普通高中英语课程标准（2017年版2020年修订）附录2词汇表；*为必修新增，**为选择性必修新增。
book,,,,gaokao-english,official_curriculum_2020,1,普通高中英语课程标准（2017年版2020年修订）附录2词汇表；*为必修新增，**为选择性必修新增。
boost,,,,gaokao-english,official_curriculum_2020,3,普通高中英语课程标准（2017年版2020年修订）附录2词汇表；*为必修新增，**为选择性必修新增。
boot,,,,gaokao-english,official_curriculum_2020,2,普通高中英语课程标准（2017年版2020年修订）附录2词汇表；*为必修新增，**为选择性必修新增。
border,,,,gaokao-english,official_curriculum_2020,3,普通高中英语课程标准（2017年版2020年修订）附录2词汇表；*为必修新增，**为选择性必修新增。
bored,,,,gaokao-english,official_curriculum_2020,1,普通高中英语课程标准（2017年版2020年修订）附录2词汇表；*为必修新增，**为选择性必修新增。
boring,,,,gaokao-english,official_curriculum_2020,1,普通高中英语课程标准（2017年版2020年修订）附录2词汇表；*为必修新增，**为选择性必修新增。
born,,,,gaokao-english,official_curriculum_2020,1,普通高中英语课程标准（2017年版2020年修订）附录2词汇表；*为必修新增，**为选择性必修新增。
borrow,,,,gaokao-english,official_curriculum_2020,1,普通高中英语课程标准（2017年版2020年修订）附录2词汇表；*为必修新增，**为选择性必修新增。
boss,,,,gaokao-english,official_curriculum_2020,1,普通高中英语课程标准（2017年版2020年修订）附录2词汇表；*为必修新增，**为选择性必修新增。
botanical,,,,gaokao-english,official_curriculum_2020,3,普通高中英语课程标准（2017年版2020年修订）附录2词汇表；*为必修新增，**为选择性必修新增。
both,,,,gaokao-english,official_curriculum_2020,1,普通高中英语课程标准（2017年版2020年修订）附录2词汇表；*为必修新增，**为选择性必修新增。
bother,,,,gaokao-english,official_curriculum_2020,3,普通高中英语课程标准（2017年版2020年修订）附录2词汇表；*为必修新增，**为选择性必修新增。
bottle,,,,gaokao-english,official_curriculum_2020,1,普通高中英语课程标准（2017年版2020年修订）附录2词汇表；*为必修新增，**为选择性必修新增。
bottom,,,,gaokao-english,official_curriculum_2020,1,普通高中英语课程标准（2017年版2020年修订）附录2词汇表；*为必修新增，**为选择性必修新增。
bounce,,,,gaokao-english,official_curriculum_2020,3,普通高中英语课程标准（2017年版2020年修订）附录2词汇表；*为必修新增，**为选择性必修新增。
bound,,,,gaokao-english,official_curriculum_2020,3,普通高中英语课程标准（2017年版2020年修订）附录2词汇表；*为必修新增，**为选择性必修新增。
boundary,,,,gaokao-english,official_curriculum_2020,3,普通高中英语课程标准（2017年版2020年修订）附录2词汇表；*为必修新增，**为选择性必修新增。
bow,,,,gaokao-english,official_curriculum_2020,3,普通高中英语课程标准（2017年版2020年修订）附录2词汇表；*为必修新增，**为选择性必修新增。
bowl,,,,gaokao-english,official_curriculum_2020,1,普通高中英语课程标准（2017年版2020年修订）附录2词汇表；*为必修新增，**为选择性必修新增。
bowling,,,,gaokao-english,official_curriculum_2020,3,普通高中英语课程标准（2017年版2020年修订）附录2词汇表；*为必修新增，**为选择性必修新增。
box,,,,gaokao-english,official_curriculum_2020,1,普通高中英语课程标准（2017年版2020年修订）附录2词汇表；*为必修新增，**为选择性必修新增。
boxing,,,,gaokao-english,official_curriculum_2020,2,普通高中英语课程标准（2017年版2020年修订）附录2词汇表；*为必修新增，**为选择性必修新增。
boy,,,,gaokao-english,official_curriculum_2020,1,普通高中英语课程标准（2017年版2020年修订）附录2词汇表；*为必修新增，**为选择性必修新增。
brain,,,,gaokao-english,official_curriculum_2020,1,普通高中英语课程标准（2017年版2020年修订）附录2词汇表；*为必修新增，**为选择性必修新增。
branch,,,,gaokao-english,official_curriculum_2020,2,普通高中英语课程标准（2017年版2020年修订）附录2词汇表；*为必修新增，**为选择性必修新增。
brave,,,,gaokao-english,official_curriculum_2020,1,普通高中英语课程标准（2017年版2020年修订）附录2词汇表；*为必修新增，**为选择性必修新增。
bread,,,,gaokao-english,official_curriculum_2020,1,普通高中英语课程标准（2017年版2020年修订）附录2词汇表；*为必修新增，**为选择性必修新增。
break,,,,gaokao-english,official_curriculum_2020,1,普通高中英语课程标准（2017年版2020年修订）附录2词汇表；*为必修新增，**为选择性必修新增。
breakfast,,,,gaokao-english,official_curriculum_2020,1,普通高中英语课程标准（2017年版2020年修订）附录2词汇表；*为必修新增，**为选择性必修新增。
breast,,,,gaokao-english,official_curriculum_2020,3,普通高中英语课程标准（2017年版2020年修订）附录2词汇表；*为必修新增，**为选择性必修新增。
breath,,,,gaokao-english,official_curriculum_2020,3,普通高中英语课程标准（2017年版2020年修订）附录2词汇表；*为必修新增，**为选择性必修新增。
breathe,,,,gaokao-english,official_curriculum_2020,2,普通高中英语课程标准（2017年版2020年修订）附录2词汇表；*为必修新增，**为选择性必修新增。
brick,,,,gaokao-english,official_curriculum_2020,3,普通高中英语课程标准（2017年版2020年修订）附录2词汇表；*为必修新增，**为选择性必修新增。
bride / bridegroom,,,,gaokao-english,official_curriculum_2020,3,普通高中英语课程标准（2017年版2020年修订）附录2词汇表；*为必修新增，**为选择性必修新增。
bridge,,,,gaokao-english,official_curriculum_2020,1,普通高中英语课程标准（2017年版2020年修订）附录2词汇表；*为必修新增，**为选择性必修新增。
brief,,,,gaokao-english,official_curriculum_2020,2,普通高中英语课程标准（2017年版2020年修订）附录2词汇表；*为必修新增，**为选择性必修新增。
bright,,,,gaokao-english,official_curriculum_2020,1,普通高中英语课程标准（2017年版2020年修订）附录2词汇表；*为必修新增，**为选择性必修新增。
brilliant,,,,gaokao-english,official_curriculum_2020,3,普通高中英语课程标准（2017年版2020年修订）附录2词汇表；*为必修新增，**为选择性必修新增。
bring,,,,gaokao-english,official_curriculum_2020,1,普通高中英语课程标准（2017年版2020年修订）附录2词汇表；*为必修新增，**为选择性必修新增。
Britain,,,,gaokao-english,official_curriculum_2020,1,普通高中英语课程标准（2017年版2020年修订）附录2词汇表；*为必修新增，**为选择性必修新增。
British,,,,gaokao-english,official_curriculum_2020,1,普通高中英语课程标准（2017年版2020年修订）附录2词汇表；*为必修新增，**为选择性必修新增。
broad,,,,gaokao-english,official_curriculum_2020,2,普通高中英语课程标准（2017年版2020年修订）附录2词汇表；*为必修新增，**为选择性必修新增。
broadcast,,,,gaokao-english,official_curriculum_2020,3,普通高中英语课程标准（2017年版2020年修订）附录2词汇表；*为必修新增，**为选择性必修新增。
brochure,,,,gaokao-english,official_curriculum_2020,2,普通高中英语课程标准（2017年版2020年修订）附录2词汇表；*为必修新增，**为选择性必修新增。
brother,,,,gaokao-english,official_curriculum_2020,1,普通高中英语课程标准（2017年版2020年修订）附录2词汇表；*为必修新增，**为选择性必修新增。
brown,,,,gaokao-english,official_curriculum_2020,1,普通高中英语课程标准（2017年版2020年修订）附录2词汇表；*为必修新增，**为选择性必修新增。
brush,,,,gaokao-english,official_curriculum_2020,1,普通高中英语课程标准（2017年版2020年修订）附录2词汇表；*为必修新增，**为选择性必修新增。
budget,,,,gaokao-english,official_curriculum_2020,3,普通高中英语课程标准（2017年版2020年修订）附录2词汇表；*为必修新增，**为选择性必修新增。
buffet,,,,gaokao-english,official_curriculum_2020,3,普通高中英语课程标准（2017年版2020年修订）附录2词汇表；*为必修新增，**为选择性必修新增。
build,,,,gaokao-english,official_curriculum_2020,1,普通高中英语课程标准（2017年版2020年修订）附录2词汇表；*为必修新增，**为选择性必修新增。
building,,,,gaokao-english,official_curriculum_2020,1,普通高中英语课程标准（2017年版2020年修订）附录2词汇表；*为必修新增，**为选择性必修新增。
bunch,,,,gaokao-english,official_curriculum_2020,3,普通高中英语课程标准（2017年版2020年修订）附录2词汇表；*为必修新增，**为选择性必修新增。
burn,,,,gaokao-english,official_curriculum_2020,1,普通高中英语课程标准（2017年版2020年修订）附录2词汇表；*为必修新增，**为选择性必修新增。
bury,,,,gaokao-english,official_curriculum_2020,3,普通高中英语课程标准（2017年版2020年修订）附录2词汇表；*为必修新增，**为选择性必修新增。
bus,,,,gaokao-english,official_curriculum_2020,1,普通高中英语课程标准（2017年版2020年修订）附录2词汇表；*为必修新增，**为选择性必修新增。
business,,,,gaokao-english,official_curriculum_2020,1,普通高中英语课程标准（2017年版2020年修订）附录2词汇表；*为必修新增，**为选择性必修新增。
busy,,,,gaokao-english,official_curriculum_2020,1,普通高中英语课程标准（2017年版2020年修订）附录2词汇表；*为必修新增，**为选择性必修新增。
but,,,,gaokao-english,official_curriculum_2020,1,普通高中英语课程标准（2017年版2020年修订）附录2词汇表；*为必修新增，**为选择性必修新增。
butcher,,,,gaokao-english,official_curriculum_2020,3,普通高中英语课程标准（2017年版2020年修订）附录2词汇表；*为必修新增，**为选择性必修新增。
butter,,,,gaokao-english,official_curriculum_2020,2,普通高中英语课程标准（2017年版2020年修订）附录2词汇表；*为必修新增，**为选择性必修新增。
button,,,,gaokao-english,official_curriculum_2020,2,普通高中英语课程标准（2017年版2020年修订）附录2词汇表；*为必修新增，**为选择性必修新增。
buy,,,,gaokao-english,official_curriculum_2020,1,普通高中英语课程标准（2017年版2020年修订）附录2词汇表；*为必修新增，**为选择性必修新增。
by,,,,gaokao-english,official_curriculum_2020,1,普通高中英语课程标准（2017年版2020年修订）附录2词汇表；*为必修新增，**为选择性必修新增。
cabbage,,,,gaokao-english,official_curriculum_2020,3,普通高中英语课程标准（2017年版2020年修订）附录2词汇表；*为必修新增，**为选择性必修新增。
cafeteria,,,,gaokao-english,official_curriculum_2020,3,普通高中英语课程标准（2017年版2020年修订）附录2词汇表；*为必修新增，**为选择性必修新增。
cage,,,,gaokao-english,official_curriculum_2020,3,普通高中英语课程标准（2017年版2020年修订）附录2词汇表；*为必修新增，**为选择性必修新增。
cake,,,,gaokao-english,official_curriculum_2020,1,普通高中英语课程标准（2017年版2020年修订）附录2词汇表；*为必修新增，**为选择性必修新增。
calculate,,,,gaokao-english,official_curriculum_2020,3,普通高中英语课程标准（2017年版2020年修订）附录2词汇表；*为必修新增，**为选择性必修新增。
calendar,,,,gaokao-english,official_curriculum_2020,1,普通高中英语课程标准（2017年版2020年修订）附录2词汇表；*为必修新增，**为选择性必修新增。
call,,,,gaokao-english,official_curriculum_2020,1,普通高中英语课程标准（2017年版2020年修订）附录2词汇表；*为必修新增，**为选择性必修新增。
calligraphy,,,,gaokao-english,official_curriculum_2020,3,普通高中英语课程标准（2017年版2020年修订）附录2词汇表；*为必修新增，**为选择性必修新增。
calm,,,,gaokao-english,official_curriculum_2020,2,普通高中英语课程标准（2017年版2020年修订）附录2词汇表；*为必修新增，**为选择性必修新增。
calorie,,,,gaokao-english,official_curriculum_2020,3,普通高中英语课程标准（2017年版2020年修订）附录2词汇表；*为必修新增，**为选择性必修新增。
camel,,,,gaokao-english,official_curriculum_2020,3,普通高中英语课程标准（2017年版2020年修订）附录2词汇表；*为必修新增，**为选择性必修新增。
camera,,,,gaokao-english,official_curriculum_2020,1,普通高中英语课程标准（2017年版2020年修订）附录2词汇表；*为必修新增，**为选择性必修新增。
camp,,,,gaokao-english,official_curriculum_2020,1,普通高中英语课程标准（2017年版2020年修订）附录2词汇表；*为必修新增，**为选择性必修新增。
campaign,,,,gaokao-english,official_curriculum_2020,3,普通高中英语课程标准（2017年版2020年修订）附录2词汇表；*为必修新增，**为选择性必修新增。
campus,,,,gaokao-english,official_curriculum_2020,2,普通高中英语课程标准（2017年版2020年修订）附录2词汇表；*为必修新增，**为选择性必修新增。
can,,,,gaokao-english,official_curriculum_2020,1,普通高中英语课程标准（2017年版2020年修订）附录2词汇表；*为必修新增，**为选择性必修新增。
Canada,,,,gaokao-english,official_curriculum_2020,1,普通高中英语课程标准（2017年版2020年修订）附录2词汇表；*为必修新增，**为选择性必修新增。
Canadian,,,,gaokao-english,official_curriculum_2020,1,普通高中英语课程标准（2017年版2020年修订）附录2词汇表；*为必修新增，**为选择性必修新增。
canal,,,,gaokao-english,official_curriculum_2020,3,普通高中英语课程标准（2017年版2020年修订）附录2词汇表；*为必修新增，**为选择性必修新增。
cancel,,,,gaokao-english,official_curriculum_2020,1,普通高中英语课程标准（2017年版2020年修订）附录2词汇表；*为必修新增，**为选择性必修新增。
cancer,,,,gaokao-english,official_curriculum_2020,3,普通高中英语课程标准（2017年版2020年修订）附录2词汇表；*为必修新增，**为选择性必修新增。
candidate,,,,gaokao-english,official_curriculum_2020,3,普通高中英语课程标准（2017年版2020年修订）附录2词汇表；*为必修新增，**为选择性必修新增。
candle,,,,gaokao-english,official_curriculum_2020,1,普通高中英语课程标准（2017年版2020年修订）附录2词汇表；*为必修新增，**为选择性必修新增。
candy,,,,gaokao-english,official_curriculum_2020,1,普通高中英语课程标准（2017年版2020年修订）附录2词汇表；*为必修新增，**为选择性必修新增。
canteen,,,,gaokao-english,official_curriculum_2020,3,普通高中英语课程标准（2017年版2020年修订）附录2词汇表；*为必修新增，**为选择性必修新增。
cap,,,,gaokao-english,official_curriculum_2020,1,普通高中英语课程标准（2017年版2020年修订）附录2词汇表；*为必修新增，**为选择性必修新增。
capable,,,,gaokao-english,official_curriculum_2020,2,普通高中英语课程标准（2017年版2020年修订）附录2词汇表；*为必修新增，**为选择性必修新增。
capacity,,,,gaokao-english,official_curriculum_2020,3,普通高中英语课程标准（2017年版2020年修订）附录2词汇表；*为必修新增，**为选择性必修新增。
capital,,,,gaokao-english,official_curriculum_2020,1,普通高中英语课程标准（2017年版2020年修订）附录2词汇表；*为必修新增，**为选择性必修新增。
capsule,,,,gaokao-english,official_curriculum_2020,3,普通高中英语课程标准（2017年版2020年修订）附录2词汇表；*为必修新增，**为选择性必修新增。
captain,,,,gaokao-english,official_curriculum_2020,3,普通高中英语课程标准（2017年版2020年修订）附录2词汇表；*为必修新增，**为选择性必修新增。
car,,,,gaokao-english,official_curriculum_2020,1,普通高中英语课程标准（2017年版2020年修订）附录2词汇表；*为必修新增，**为选择性必修新增。
carbon,,,,gaokao-english,official_curriculum_2020,2,普通高中英语课程标准（2017年版2020年修订）附录2词汇表；*为必修新增，**为选择性必修新增。
card,,,,gaokao-english,official_curriculum_2020,1,普通高中英语课程标准（2017年版2020年修订）附录2词汇表；*为必修新增，**为选择性必修新增。
care,,,,gaokao-english,official_curriculum_2020,1,普通高中英语课程标准（2017年版2020年修订）附录2词汇表；*为必修新增，**为选择性必修新增。
career,,,,gaokao-english,official_curriculum_2020,3,普通高中英语课程标准（2017年版2020年修订）附录2词汇表；*为必修新增，**为选择性必修新增。
careful,,,,gaokao-english,official_curriculum_2020,1,普通高中英语课程标准（2017年版2020年修订）附录2词汇表；*为必修新增，**为选择性必修新增。
careless,,,,gaokao-english,official_curriculum_2020,1,普通高中英语课程标准（2017年版2020年修订）附录2词汇表；*为必修新增，**为选择性必修新增。
carpet,,,,gaokao-english,official_curriculum_2020,3,普通高中英语课程标准（2017年版2020年修订）附录2词汇表；*为必修新增，**为选择性必修新增。
carrot,,,,gaokao-english,official_curriculum_2020,1,普通高中英语课程标准（2017年版2020年修订）附录2词汇表；*为必修新增，**为选择性必修新增。
carry,,,,gaokao-english,official_curriculum_2020,1,普通高中英语课程标准（2017年版2020年修订）附录2词汇表；*为必修新增，**为选择性必修新增。
cartoon,,,,gaokao-english,official_curriculum_2020,1,普通高中英语课程标准（2017年版2020年修订）附录2词汇表；*为必修新增，**为选择性必修新增。
carve,,,,gaokao-english,official_curriculum_2020,3,普通高中英语课程标准（2017年版2020年修订）附录2词汇表；*为必修新增，**为选择性必修新增。
case,,,,gaokao-english,official_curriculum_2020,2,普通高中英语课程标准（2017年版2020年修订）附录2词汇表；*为必修新增，**为选择性必修新增。
cash,,,,gaokao-english,official_curriculum_2020,2,普通高中英语课程标准（2017年版2020年修订）附录2词汇表；*为必修新增，**为选择性必修新增。
cast,,,,gaokao-english,official_curriculum_2020,3,普通高中英语课程标准（2017年版2020年修订）附录2词汇表；*为必修新增，**为选择性必修新增。
castle,,,,gaokao-english,official_curriculum_2020,3,普通高中英语课程标准（2017年版2020年修订）附录2词汇表；*为必修新增，**为选择性必修新增。
cat,,,,gaokao-english,official_curriculum_2020,1,普通高中英语课程标准（2017年版2020年修订）附录2词汇表；*为必修新增，**为选择性必修新增。
catch,,,,gaokao-english,official_curriculum_2020,1,普通高中英语课程标准（2017年版2020年修订）附录2词汇表；*为必修新增，**为选择性必修新增。
category,,,,gaokao-english,official_curriculum_2020,3,普通高中英语课程标准（2017年版2020年修订）附录2词汇表；*为必修新增，**为选择性必修新增。
cattle,,,,gaokao-english,official_curriculum_2020,2,普通高中英语课程标准（2017年版2020年修订）附录2词汇表；*为必修新增，**为选择性必修新增。
cause,,,,gaokao-english,official_curriculum_2020,1,普通高中英语课程标准（2017年版2020年修订）附录2词汇表；*为必修新增，**为选择性必修新增。
cave,,,,gaokao-english,official_curriculum_2020,3,普通高中英语课程标准（2017年版2020年修订）附录2词汇表；*为必修新增，**为选择性必修新增。
cease,,,,gaokao-english,official_curriculum_2020,3,普通高中英语课程标准（2017年版2020年修订）附录2词汇表；*为必修新增，**为选择性必修新增。
ceiling,,,,gaokao-english,official_curriculum_2020,3,普通高中英语课程标准（2017年版2020年修订）附录2词汇表；*为必修新增，**为选择性必修新增。
celebrate,,,,gaokao-english,official_curriculum_2020,1,普通高中英语课程标准（2017年版2020年修订）附录2词汇表；*为必修新增，**为选择性必修新增。
celebrity,,,,gaokao-english,official_curriculum_2020,3,普通高中英语课程标准（2017年版2020年修订）附录2词汇表；*为必修新增，**为选择性必修新增。
cell,,,,gaokao-english,official_curriculum_2020,3,普通高中英语课程标准（2017年版2020年修订）附录2词汇表；*为必修新增，**为选择性必修新增。
cent,,,,gaokao-english,official_curriculum_2020,1,普通高中英语课程标准（2017年版2020年修订）附录2词汇表；*为必修新增，**为选择性必修新增。
centimetre (centimeter),,,,gaokao-english,official_curriculum_2020,3,普通高中英语课程标准（2017年版2020年修订）附录2词汇表；*为必修新增，**为选择性必修新增。
central,,,,gaokao-english,official_curriculum_2020,1,普通高中英语课程标准（2017年版2020年修订）附录2词汇表；*为必修新增，**为选择性必修新增。
centre (center),,,,gaokao-english,official_curriculum_2020,1,普通高中英语课程标准（2017年版2020年修订）附录2词汇表；*为必修新增，**为选择性必修新增。
century,,,,gaokao-english,official_curriculum_2020,1,普通高中英语课程标准（2017年版2020年修订）附录2词汇表；*为必修新增，**为选择性必修新增。
certain,,,,gaokao-english,official_curriculum_2020,1,普通高中英语课程标准（2017年版2020年修订）附录2词汇表；*为必修新增，**为选择性必修新增。
certainly,,,,gaokao-english,official_curriculum_2020,1,普通高中英语课程标准（2017年版2020年修订）附录2词汇表；*为必修新增，**为选择性必修新增。
certificate,,,,gaokao-english,official_curriculum_2020,3,普通高中英语课程标准（2017年版2020年修订）附录2词汇表；*为必修新增，**为选择性必修新增。
chain,,,,gaokao-english,official_curriculum_2020,2,普通高中英语课程标准（2017年版2020年修订）附录2词汇表；*为必修新增，**为选择性必修新增。
chair,,,,gaokao-english,official_curriculum_2020,1,普通高中英语课程标准（2017年版2020年修订）附录2词汇表；*为必修新增，**为选择性必修新增。
chairman / chairwoman,,,,gaokao-english,official_curriculum_2020,3,普通高中英语课程标准（2017年版2020年修订）附录2词汇表；*为必修新增，**为选择性必修新增。
chalk,,,,gaokao-english,official_curriculum_2020,1,普通高中英语课程标准（2017年版2020年修订）附录2词汇表；*为必修新增，**为选择性必修新增。
challenge,,,,gaokao-english,official_curriculum_2020,2,普通高中英语课程标准（2017年版2020年修订）附录2词汇表；*为必修新增，**为选择性必修新增。
champion,,,,gaokao-english,official_curriculum_2020,2,普通高中英语课程标准（2017年版2020年修订）附录2词汇表；*为必修新增，**为选择性必修新增。
chance,,,,gaokao-english,official_curriculum_2020,1,普通高中英语课程标准（2017年版2020年修订）附录2词汇表；*为必修新增，**为选择性必修新增。
change,,,,gaokao-english,official_curriculum_2020,1,普通高中英语课程标准（2017年版2020年修订）附录2词汇表；*为必修新增，**为选择性必修新增。
channel,,,,gaokao-english,official_curriculum_2020,3,普通高中英语课程标准（2017年版2020年修订）附录2词汇表；*为必修新增，**为选择性必修新增。
chaos,,,,gaokao-english,official_curriculum_2020,3,普通高中英语课程标准（2017年版2020年修订）附录2词汇表；*为必修新增，**为选择性必修新增。
chapter,,,,gaokao-english,official_curriculum_2020,2,普通高中英语课程标准（2017年版2020年修订）附录2词汇表；*为必修新增，**为选择性必修新增。
character,,,,gaokao-english,official_curriculum_2020,2,普通高中英语课程标准（2017年版2020年修订）附录2词汇表；*为必修新增，**为选择性必修新增。
characteristic,,,,gaokao-english,official_curriculum_2020,3,普通高中英语课程标准（2017年版2020年修订）附录2词汇表；*为必修新增，**为选择性必修新增。
charge,,,,gaokao-english,official_curriculum_2020,2,普通高中英语课程标准（2017年版2020年修订）附录2词汇表；*为必修新增，**为选择性必修新增。
charity,,,,gaokao-english,official_curriculum_2020,2,普通高中英语课程标准（2017年版2020年修订）附录2词汇表；*为必修新增，**为选择性必修新增。
chart,,,,gaokao-english,official_curriculum_2020,3,普通高中英语课程标准（2017年版2020年修订）附录2词汇表；*为必修新增，**为选择性必修新增。
chat,,,,gaokao-english,official_curriculum_2020,2,普通高中英语课程标准（2017年版2020年修订）附录2词汇表；*为必修新增，**为选择性必修新增。
cheap,,,,gaokao-english,official_curriculum_2020,1,普通高中英语课程标准（2017年版2020年修订）附录2词汇表；*为必修新增，**为选择性必修新增。
cheat,,,,gaokao-english,official_curriculum_2020,3,普通高中英语课程标准（2017年版2020年修订）附录2词汇表；*为必修新增，**为选择性必修新增。
check,,,,gaokao-english,official_curriculum_2020,1,普通高中英语课程标准（2017年版2020年修订）附录2词汇表；*为必修新增，**为选择性必修新增。
cheek,,,,gaokao-english,official_curriculum_2020,3,普通高中英语课程标准（2017年版2020年修订）附录2词汇表；*为必修新增，**为选择性必修新增。
cheer,,,,gaokao-english,official_curriculum_2020,1,普通高中英语课程标准（2017年版2020年修订）附录2词汇表；*为必修新增，**为选择性必修新增。
cheese,,,,gaokao-english,official_curriculum_2020,3,普通高中英语课程标准（2017年版2020年修订）附录2词汇表；*为必修新增，**为选择性必修新增。
chef,,,,gaokao-english,official_curriculum_2020,3,普通高中英语课程标准（2017年版2020年修订）附录2词汇表；*为必修新增，**为选择性必修新增。
chemical,,,,gaokao-english,official_curriculum_2020,3,普通高中英语课程标准（2017年版2020年修订）附录2词汇表；*为必修新增，**为选择性必修新增。
chemist,,,,gaokao-english,official_curriculum_2020,3,普通高中英语课程标准（2017年版2020年修订）附录2词汇表；*为必修新增，**为选择性必修新增。
chemistry,,,,gaokao-english,official_curriculum_2020,1,普通高中英语课程标准（2017年版2020年修订）附录2词汇表；*为必修新增，**为选择性必修新增。
chess,,,,gaokao-english,official_curriculum_2020,1,普通高中英语课程标准（2017年版2020年修订）附录2词汇表；*为必修新增，**为选择性必修新增。
chest,,,,gaokao-english,official_curriculum_2020,3,普通高中英语课程标准（2017年版2020年修订）附录2词汇表；*为必修新增，**为选择性必修新增。
chew,,,,gaokao-english,official_curriculum_2020,3,普通高中英语课程标准（2017年版2020年修订）附录2词汇表；*为必修新增，**为选择性必修新增。
chicken,,,,gaokao-english,official_curriculum_2020,1,普通高中英语课程标准（2017年版2020年修订）附录2词汇表；*为必修新增，**为选择性必修新增。
chief,,,,gaokao-english,official_curriculum_2020,2,普通高中英语课程标准（2017年版2020年修订）附录2词汇表；*为必修新增，**为选择性必修新增。
child (pl. children),,,,gaokao-english,official_curriculum_2020,1,普通高中英语课程标准（2017年版2020年修订）附录2词汇表；*为必修新增，**为选择性必修新增。
China,,,,gaokao-english,official_curriculum_2020,1,普通高中英语课程标准（2017年版2020年修订）附录2词汇表；*为必修新增，**为选择性必修新增。
Chinese,,,,gaokao-english,official_curriculum_2020,1,普通高中英语课程标准（2017年版2020年修订）附录2词汇表；*为必修新增，**为选择性必修新增。
chocolate,,,,gaokao-english,official_curriculum_2020,1,普通高中英语课程标准（2017年版2020年修订）附录2词汇表；*为必修新增，**为选择性必修新增。
choice,,,,gaokao-english,official_curriculum_2020,1,普通高中英语课程标准（2017年版2020年修订）附录2词汇表；*为必修新增，**为选择性必修新增。
choke,,,,gaokao-english,official_curriculum_2020,3,普通高中英语课程标准（2017年版2020年修订）附录2词汇表；*为必修新增，**为选择性必修新增。
choose,,,,gaokao-english,official_curriculum_2020,1,普通高中英语课程标准（2017年版2020年修订）附录2词汇表；*为必修新增，**为选择性必修新增。
chopsticks,,,,gaokao-english,official_curriculum_2020,1,普通高中英语课程标准（2017年版2020年修订）附录2词汇表；*为必修新增，**为选择性必修新增。
chorus,,,,gaokao-english,official_curriculum_2020,3,普通高中英语课程标准（2017年版2020年修订）附录2词汇表；*为必修新增，**为选择性必修新增。
Christmas,,,,gaokao-english,official_curriculum_2020,1,普通高中英语课程标准（2017年版2020年修订）附录2词汇表；*为必修新增，**为选择性必修新增。
church,,,,gaokao-english,official_curriculum_2020,3,普通高中英语课程标准（2017年版2020年修订）附录2词汇表；*为必修新增，**为选择性必修新增。
cigarette,,,,gaokao-english,official_curriculum_2020,3,普通高中英语课程标准（2017年版2020年修订）附录2词汇表；*为必修新增，**为选择性必修新增。
cinema,,,,gaokao-english,official_curriculum_2020,1,普通高中英语课程标准（2017年版2020年修订）附录2词汇表；*为必修新增，**为选择性必修新增。
circle,,,,gaokao-english,official_curriculum_2020,1,普通高中英语课程标准（2017年版2020年修订）附录2词汇表；*为必修新增，**为选择性必修新增。
circuit,,,,gaokao-english,official_curriculum_2020,3,普通高中英语课程标准（2017年版2020年修订）附录2词汇表；*为必修新增，**为选择性必修新增。
circumstance,,,,gaokao-english,official_curriculum_2020,3,普通高中英语课程标准（2017年版2020年修订）附录2词汇表；*为必修新增，**为选择性必修新增。
circus,,,,gaokao-english,official_curriculum_2020,3,普通高中英语课程标准（2017年版2020年修订）附录2词汇表；*为必修新增，**为选择性必修新增。
cite,,,,gaokao-english,official_curriculum_2020,3,普通高中英语课程标准（2017年版2020年修订）附录2词汇表；*为必修新增，**为选择性必修新增。
citizen,,,,gaokao-english,official_curriculum_2020,3,普通高中英语课程标准（2017年版2020年修订）附录2词汇表；*为必修新增，**为选择性必修新增。
city,,,,gaokao-english,official_curriculum_2020,1,普通高中英语课程标准（2017年版2020年修订）附录2词汇表；*为必修新增，**为选择性必修新增。
civil,,,,gaokao-english,official_curriculum_2020,3,普通高中英语课程标准（2017年版2020年修订）附录2词汇表；*为必修新增，**为选择性必修新增。
civilian,,,,gaokao-english,official_curriculum_2020,3,普通高中英语课程标准（2017年版2020年修订）附录2词汇表；*为必修新增，**为选择性必修新增。
civilisation (civilization),,,,gaokao-english,official_curriculum_2020,3,普通高中英语课程标准（2017年版2020年修订）附录2词汇表；*为必修新增，**为选择性必修新增。
claim,,,,gaokao-english,official_curriculum_2020,3,普通高中英语课程标准（2017年版2020年修订）附录2词汇表；*为必修新增，**为选择性必修新增。
clap,,,,gaokao-english,official_curriculum_2020,2,普通高中英语课程标准（2017年版2020年修订）附录2词汇表；*为必修新增，**为选择性必修新增。
clarify,,,,gaokao-english,official_curriculum_2020,3,普通高中英语课程标准（2017年版2020年修订）附录2词汇表；*为必修新增，**为选择性必修新增。
class,,,,gaokao-english,official_curriculum_2020,1,普通高中英语课程标准（2017年版2020年修订）附录2词汇表；*为必修新增，**为选择性必修新增。
classic,,,,gaokao-english,official_curriculum_2020,3,普通高中英语课程标准（2017年版2020年修订）附录2词汇表；*为必修新增，**为选择性必修新增。
classmate,,,,gaokao-english,official_curriculum_2020,1,普通高中英语课程标准（2017年版2020年修订）附录2词汇表；*为必修新增，**为选择性必修新增。
classroom,,,,gaokao-english,official_curriculum_2020,1,普通高中英语课程标准（2017年版2020年修订）附录2词汇表；*为必修新增，**为选择性必修新增。
clay,,,,gaokao-english,official_curriculum_2020,3,普通高中英语课程标准（2017年版2020年修订）附录2词汇表；*为必修新增，**为选择性必修新增。
clean,,,,gaokao-english,official_curriculum_2020,1,普通高中英语课程标准（2017年版2020年修订）附录2词汇表；*为必修新增，**为选择性必修新增。
clear,,,,gaokao-english,official_curriculum_2020,1,普通高中英语课程标准（2017年版2020年修订）附录2词汇表；*为必修新增，**为选择性必修新增。
clerk,,,,gaokao-english,official_curriculum_2020,3,普通高中英语课程标准（2017年版2020年修订）附录2词汇表；*为必修新增，**为选择性必修新增。
clever,,,,gaokao-english,official_curriculum_2020,1,普通高中英语课程标准（2017年版2020年修订）附录2词汇表；*为必修新增，**为选择性必修新增。
click,,,,gaokao-english,official_curriculum_2020,2,普通高中英语课程标准（2017年版2020年修订）附录2词汇表；*为必修新增，**为选择性必修新增。
client,,,,gaokao-english,official_curriculum_2020,3,普通高中英语课程标准（2017年版2020年修订）附录2词汇表；*为必修新增，**为选择性必修新增。
climate,,,,gaokao-english,official_curriculum_2020,2,普通高中英语课程标准（2017年版2020年修订）附录2词汇表；*为必修新增，**为选择性必修新增。
climb,,,,gaokao-english,official_curriculum_2020,1,普通高中英语课程标准（2017年版2020年修订）附录2词汇表；*为必修新增，**为选择性必修新增。
clinic,,,,gaokao-english,official_curriculum_2020,3,普通高中英语课程标准（2017年版2020年修订）附录2词汇表；*为必修新增，**为选择性必修新增。
clock,,,,gaokao-english,official_curriculum_2020,1,普通高中英语课程标准（2017年版2020年修订）附录2词汇表；*为必修新增，**为选择性必修新增。
clone,,,,gaokao-english,official_curriculum_2020,3,普通高中英语课程标准（2017年版2020年修订）附录2词汇表；*为必修新增，**为选择性必修新增。
close,,,,gaokao-english,official_curriculum_2020,1,普通高中英语课程标准（2017年版2020年修订）附录2词汇表；*为必修新增，**为选择性必修新增。
cloth,,,,gaokao-english,official_curriculum_2020,3,普通高中英语课程标准（2017年版2020年修订）附录2词汇表；*为必修新增，**为选择性必修新增。
clothes,,,,gaokao-english,official_curriculum_2020,1,普通高中英语课程标准（2017年版2020年修订）附录2词汇表；*为必修新增，**为选择性必修新增。
cloud,,,,gaokao-english,official_curriculum_2020,1,普通高中英语课程标准（2017年版2020年修订）附录2词汇表；*为必修新增，**为选择性必修新增。
cloudy,,,,gaokao-english,official_curriculum_2020,1,普通高中英语课程标准（2017年版2020年修订）附录2词汇表；*为必修新增，**为选择性必修新增。
club,,,,gaokao-english,official_curriculum_2020,1,普通高中英语课程标准（2017年版2020年修订）附录2词汇表；*为必修新增，**为选择性必修新增。
clue,,,,gaokao-english,official_curriculum_2020,3,普通高中英语课程标准（2017年版2020年修订）附录2词汇表；*为必修新增，**为选择性必修新增。
coach,,,,gaokao-english,official_curriculum_2020,1,普通高中英语课程标准（2017年版2020年修订）附录2词汇表；*为必修新增，**为选择性必修新增。
coal,,,,gaokao-english,official_curriculum_2020,1,普通高中英语课程标准（2017年版2020年修订）附录2词汇表；*为必修新增，**为选择性必修新增。
coast,,,,gaokao-english,official_curriculum_2020,1,普通高中英语课程标准（2017年版2020年修订）附录2词汇表；*为必修新增，**为选择性必修新增。
coat,,,,gaokao-english,official_curriculum_2020,1,普通高中英语课程标准（2017年版2020年修订）附录2词汇表；*为必修新增，**为选择性必修新增。
coffee,,,,gaokao-english,official_curriculum_2020,1,普通高中英语课程标准（2017年版2020年修订）附录2词汇表；*为必修新增，**为选择性必修新增。
coin,,,,gaokao-english,official_curriculum_2020,1,普通高中英语课程标准（2017年版2020年修订）附录2词汇表；*为必修新增，**为选择性必修新增。
cold,,,,gaokao-english,official_curriculum_2020,1,普通高中英语课程标准（2017年版2020年修订）附录2词汇表；*为必修新增，**为选择性必修新增。
collapse,,,,gaokao-english,official_curriculum_2020,3,普通高中英语课程标准（2017年版2020年修订）附录2词汇表；*为必修新增，**为选择性必修新增。
collar,,,,gaokao-english,official_curriculum_2020,3,普通高中英语课程标准（2017年版2020年修订）附录2词汇表；*为必修新增，**为选择性必修新增。
collect,,,,gaokao-english,official_curriculum_2020,1,普通高中英语课程标准（2017年版2020年修订）附录2词汇表；*为必修新增，**为选择性必修新增。
collection,,,,gaokao-english,official_curriculum_2020,2,普通高中英语课程标准（2017年版2020年修订）附录2词汇表；*为必修新增，**为选择性必修新增。
college,,,,gaokao-english,official_curriculum_2020,1,普通高中英语课程标准（2017年版2020年修订）附录2词汇表；*为必修新增，**为选择性必修新增。
colour (color),,,,gaokao-english,official_curriculum_2020,1,普通高中英语课程标准（2017年版2020年修订）附录2词汇表；*为必修新增，**为选择性必修新增。
column,,,,gaokao-english,official_curriculum_2020,3,普通高中英语课程标准（2017年版2020年修订）附录2词汇表；*为必修新增，**为选择性必修新增。
combine,,,,gaokao-english,official_curriculum_2020,3,普通高中英语课程标准（2017年版2020年修订）附录2词汇表；*为必修新增，**为选择性必修新增。
come,,,,gaokao-english,official_curriculum_2020,1,普通高中英语课程标准（2017年版2020年修订）附录2词汇表；*为必修新增，**为选择性必修新增。
comedy,,,,gaokao-english,official_curriculum_2020,3,普通高中英语课程标准（2017年版2020年修订）附录2词汇表；*为必修新增，**为选择性必修新增。
comfort,,,,gaokao-english,official_curriculum_2020,3,普通高中英语课程标准（2017年版2020年修订）附录2词汇表；*为必修新增，**为选择性必修新增。
comfortable,,,,gaokao-english,official_curriculum_2020,1,普通高中英语课程标准（2017年版2020年修订）附录2词汇表；*为必修新增，**为选择性必修新增。
comic,,,,gaokao-english,official_curriculum_2020,3,普通高中英语课程标准（2017年版2020年修订）附录2词汇表；*为必修新增，**为选择性必修新增。
comment,,,,gaokao-english,official_curriculum_2020,2,普通高中英语课程标准（2017年版2020年修订）附录2词汇表；*为必修新增，**为选择性必修新增。
commercial,,,,gaokao-english,official_curriculum_2020,3,普通高中英语课程标准（2017年版2020年修订）附录2词汇表；*为必修新增，**为选择性必修新增。
commit,,,,gaokao-english,official_curriculum_2020,3,普通高中英语课程标准（2017年版2020年修订）附录2词汇表；*为必修新增，**为选择性必修新增。
commitment,,,,gaokao-english,official_curriculum_2020,3,普通高中英语课程标准（2017年版2020年修订）附录2词汇表；*为必修新增，**为选择性必修新增。
committee,,,,gaokao-english,official_curriculum_2020,2,普通高中英语课程标准（2017年版2020年修订）附录2词汇表；*为必修新增，**为选择性必修新增。
common,,,,gaokao-english,official_curriculum_2020,1,普通高中英语课程标准（2017年版2020年修订）附录2词汇表；*为必修新增，**为选择性必修新增。
communicate,,,,gaokao-english,official_curriculum_2020,1,普通高中英语课程标准（2017年版2020年修订）附录2词汇表；*为必修新增，**为选择性必修新增。
communication,,,,gaokao-english,official_curriculum_2020,1,普通高中英语课程标准（2017年版2020年修订）附录2词汇表；*为必修新增，**为选择性必修新增。
communist,,,,gaokao-english,official_curriculum_2020,3,普通高中英语课程标准（2017年版2020年修订）附录2词汇表；*为必修新增，**为选择性必修新增。
community,,,,gaokao-english,official_curriculum_2020,1,普通高中英语课程标准（2017年版2020年修订）附录2词汇表；*为必修新增，**为选择性必修新增。
company,,,,gaokao-english,official_curriculum_2020,2,普通高中英语课程标准（2017年版2020年修订）附录2词汇表；*为必修新增，**为选择性必修新增。
compare,,,,gaokao-english,official_curriculum_2020,1,普通高中英语课程标准（2017年版2020年修订）附录2词汇表；*为必修新增，**为选择性必修新增。
comparison,,,,gaokao-english,official_curriculum_2020,3,普通高中英语课程标准（2017年版2020年修订）附录2词汇表；*为必修新增，**为选择性必修新增。
compete,,,,gaokao-english,official_curriculum_2020,3,普通高中英语课程标准（2017年版2020年修订）附录2词汇表；*为必修新增，**为选择性必修新增。
competence,,,,gaokao-english,official_curriculum_2020,3,普通高中英语课程标准（2017年版2020年修订）附录2词汇表；*为必修新增，**为选择性必修新增。
competition,,,,gaokao-english,official_curriculum_2020,1,普通高中英语课程标准（2017年版2020年修订）附录2词汇表；*为必修新增，**为选择性必修新增。
complain,,,,gaokao-english,official_curriculum_2020,3,普通高中英语课程标准（2017年版2020年修订）附录2词汇表；*为必修新增，**为选择性必修新增。
complete,,,,gaokao-english,official_curriculum_2020,1,普通高中英语课程标准（2017年版2020年修订）附录2词汇表；*为必修新增，**为选择性必修新增。
complex,,,,gaokao-english,official_curriculum_2020,3,普通高中英语课程标准（2017年版2020年修订）附录2词汇表；*为必修新增，**为选择性必修新增。
complicated,,,,gaokao-english,official_curriculum_2020,3,普通高中英语课程标准（2017年版2020年修订）附录2词汇表；*为必修新增，**为选择性必修新增。
component,,,,gaokao-english,official_curriculum_2020,3,普通高中英语课程标准（2017年版2020年修订）附录2词汇表；*为必修新增，**为选择性必修新增。
compose,,,,gaokao-english,official_curriculum_2020,3,普通高中英语课程标准（2017年版2020年修订）附录2词汇表；*为必修新增，**为选择性必修新增。
composition,,,,gaokao-english,official_curriculum_2020,3,普通高中英语课程标准（2017年版2020年修订）附录2词汇表；*为必修新增，**为选择性必修新增。
comprehension,,,,gaokao-english,official_curriculum_2020,3,普通高中英语课程标准（2017年版2020年修订）附录2词汇表；*为必修新增，**为选择性必修新增。
comprehensive,,,,gaokao-english,official_curriculum_2020,3,普通高中英语课程标准（2017年版2020年修订）附录2词汇表；*为必修新增，**为选择性必修新增。
comprise,,,,gaokao-english,official_curriculum_2020,3,普通高中英语课程标准（2017年版2020年修订）附录2词汇表；*为必修新增，**为选择性必修新增。
computer,,,,gaokao-english,official_curriculum_2020,1,普通高中英语课程标准（2017年版2020年修订）附录2词汇表；*为必修新增，**为选择性必修新增。
concentrate,,,,gaokao-english,official_curriculum_2020,2,普通高中英语课程标准（2017年版2020年修订）附录2词汇表；*为必修新增，**为选择性必修新增。
concept,,,,gaokao-english,official_curriculum_2020,3,普通高中英语课程标准（2017年版2020年修订）附录2词汇表；*为必修新增，**为选择性必修新增。
concern,,,,gaokao-english,official_curriculum_2020,2,普通高中英语课程标准（2017年版2020年修订）附录2词汇表；*为必修新增，**为选择性必修新增。
concert,,,,gaokao-english,official_curriculum_2020,1,普通高中英语课程标准（2017年版2020年修订）附录2词汇表；*为必修新增，**为选择性必修新增。
conclude,,,,gaokao-english,official_curriculum_2020,3,普通高中英语课程标准（2017年版2020年修订）附录2词汇表；*为必修新增，**为选择性必修新增。
conclusion,,,,gaokao-english,official_curriculum_2020,3,普通高中英语课程标准（2017年版2020年修订）附录2词汇表；*为必修新增，**为选择性必修新增。
concrete,,,,gaokao-english,official_curriculum_2020,3,普通高中英语课程标准（2017年版2020年修订）附录2词汇表；*为必修新增，**为选择性必修新增。
condition,,,,gaokao-english,official_curriculum_2020,1,普通高中英语课程标准（2017年版2020年修订）附录2词汇表；*为必修新增，**为选择性必修新增。
conduct,,,,gaokao-english,official_curriculum_2020,2,普通高中英语课程标准（2017年版2020年修订）附录2词汇表；*为必修新增，**为选择性必修新增。
conference,,,,gaokao-english,official_curriculum_2020,2,普通高中英语课程标准（2017年版2020年修订）附录2词汇表；*为必修新增，**为选择性必修新增。
confidence,,,,gaokao-english,official_curriculum_2020,2,普通高中英语课程标准（2017年版2020年修订）附录2词汇表；*为必修新增，**为选择性必修新增。
confirm,,,,gaokao-english,official_curriculum_2020,2,普通高中英语课程标准（2017年版2020年修订）附录2词汇表；*为必修新增，**为选择性必修新增。
conflict,,,,gaokao-english,official_curriculum_2020,3,普通高中英语课程标准（2017年版2020年修订）附录2词汇表；*为必修新增，**为选择性必修新增。
Confucianism,,,,gaokao-english,official_curriculum_2020,3,普通高中英语课程标准（2017年版2020年修订）附录2词汇表；*为必修新增，**为选择性必修新增。
Confucius,,,,gaokao-english,official_curriculum_2020,3,普通高中英语课程标准（2017年版2020年修订）附录2词汇表；*为必修新增，**为选择性必修新增。
confused,,,,gaokao-english,official_curriculum_2020,3,普通高中英语课程标准（2017年版2020年修订）附录2词汇表；*为必修新增，**为选择性必修新增。
congratulation,,,,gaokao-english,official_curriculum_2020,2,普通高中英语课程标准（2017年版2020年修订）附录2词汇表；*为必修新增，**为选择性必修新增。
connect,,,,gaokao-english,official_curriculum_2020,1,普通高中英语课程标准（2017年版2020年修订）附录2词汇表；*为必修新增，**为选择性必修新增。
consequence,,,,gaokao-english,official_curriculum_2020,3,普通高中英语课程标准（2017年版2020年修订）附录2词汇表；*为必修新增，**为选择性必修新增。
conservation,,,,gaokao-english,official_curriculum_2020,3,普通高中英语课程标准（2017年版2020年修订）附录2词汇表；*为必修新增，**为选择性必修新增。
consider,,,,gaokao-english,official_curriculum_2020,1,普通高中英语课程标准（2017年版2020年修订）附录2词汇表；*为必修新增，**为选择性必修新增。
consist,,,,gaokao-english,official_curriculum_2020,3,普通高中英语课程标准（2017年版2020年修订）附录2词汇表；*为必修新增，**为选择性必修新增。
consistent,,,,gaokao-english,official_curriculum_2020,3,普通高中英语课程标准（2017年版2020年修订）附录2词汇表；*为必修新增，**为选择性必修新增。
constant,,,,gaokao-english,official_curriculum_2020,3,普通高中英语课程标准（2017年版2020年修订）附录2词汇表；*为必修新增，**为选择性必修新增。
constitution,,,,gaokao-english,official_curriculum_2020,3,普通高中英语课程标准（2017年版2020年修订）附录2词汇表；*为必修新增，**为选择性必修新增。
construction,,,,gaokao-english,official_curriculum_2020,3,普通高中英语课程标准（2017年版2020年修订）附录2词汇表；*为必修新增，**为选择性必修新增。
consultant,,,,gaokao-english,official_curriculum_2020,3,普通高中英语课程标准（2017年版2020年修订）附录2词汇表；*为必修新增，**为选择性必修新增。
consultation,,,,gaokao-english,official_curriculum_2020,3,普通高中英语课程标准（2017年版2020年修订）附录2词汇表；*为必修新增，**为选择性必修新增。
consume,,,,gaokao-english,official_curriculum_2020,3,普通高中英语课程标准（2017年版2020年修订）附录2词汇表；*为必修新增，**为选择性必修新增。
consumption,,,,gaokao-english,official_curriculum_2020,3,普通高中英语课程标准（2017年版2020年修订）附录2词汇表；*为必修新增，**为选择性必修新增。
contact,,,,gaokao-english,official_curriculum_2020,2,普通高中英语课程标准（2017年版2020年修订）附录2词汇表；*为必修新增，**为选择性必修新增。
contain,,,,gaokao-english,official_curriculum_2020,2,普通高中英语课程标准（2017年版2020年修订）附录2词汇表；*为必修新增，**为选择性必修新增。
contemporary,,,,gaokao-english,official_curriculum_2020,3,普通高中英语课程标准（2017年版2020年修订）附录2词汇表；*为必修新增，**为选择性必修新增。
content,,,,gaokao-english,official_curriculum_2020,2,普通高中英语课程标准（2017年版2020年修订）附录2词汇表；*为必修新增，**为选择性必修新增。
contest,,,,gaokao-english,official_curriculum_2020,3,普通高中英语课程标准（2017年版2020年修订）附录2词汇表；*为必修新增，**为选择性必修新增。
context,,,,gaokao-english,official_curriculum_2020,2,普通高中英语课程标准（2017年版2020年修订）附录2词汇表；*为必修新增，**为选择性必修新增。
continent,,,,gaokao-english,official_curriculum_2020,2,普通高中英语课程标准（2017年版2020年修订）附录2词汇表；*为必修新增，**为选择性必修新增。
continue,,,,gaokao-english,official_curriculum_2020,1,普通高中英语课程标准（2017年版2020年修订）附录2词汇表；*为必修新增，**为选择性必修新增。
contract,,,,gaokao-english,official_curriculum_2020,3,普通高中英语课程标准（2017年版2020年修订）附录2词汇表；*为必修新增，**为选择性必修新增。
contradictory,,,,gaokao-english,official_curriculum_2020,3,普通高中英语课程标准（2017年版2020年修订）附录2词汇表；*为必修新增，**为选择性必修新增。
contrary,,,,gaokao-english,official_curriculum_2020,3,普通高中英语课程标准（2017年版2020年修订）附录2词汇表；*为必修新增，**为选择性必修新增。
contrast,,,,gaokao-english,official_curriculum_2020,3,普通高中英语课程标准（2017年版2020年修订）附录2词汇表；*为必修新增，**为选择性必修新增。
contribution,,,,gaokao-english,official_curriculum_2020,2,普通高中英语课程标准（2017年版2020年修订）附录2词汇表；*为必修新增，**为选择性必修新增。
control,,,,gaokao-english,official_curriculum_2020,1,普通高中英语课程标准（2017年版2020年修订）附录2词汇表；*为必修新增，**为选择性必修新增。
convenient,,,,gaokao-english,official_curriculum_2020,2,普通高中英语课程标准（2017年版2020年修订）附录2词汇表；*为必修新增，**为选择性必修新增。
conventional,,,,gaokao-english,official_curriculum_2020,3,普通高中英语课程标准（2017年版2020年修订）附录2词汇表；*为必修新增，**为选择性必修新增。
conversation,,,,gaokao-english,official_curriculum_2020,1,普通高中英语课程标准（2017年版2020年修订）附录2词汇表；*为必修新增，**为选择性必修新增。
convince,,,,gaokao-english,official_curriculum_2020,3,普通高中英语课程标准（2017年版2020年修订）附录2词汇表；*为必修新增，**为选择性必修新增。
cook,,,,gaokao-english,official_curriculum_2020,1,普通高中英语课程标准（2017年版2020年修订）附录2词汇表；*为必修新增，**为选择性必修新增。
cookie,,,,gaokao-english,official_curriculum_2020,1,普通高中英语课程标准（2017年版2020年修订）附录2词汇表；*为必修新增，**为选择性必修新增。
cool,,,,gaokao-english,official_curriculum_2020,1,普通高中英语课程标准（2017年版2020年修订）附录2词汇表；*为必修新增，**为选择性必修新增。
cooperate,,,,gaokao-english,official_curriculum_2020,3,普通高中英语课程标准（2017年版2020年修订）附录2词汇表；*为必修新增，**为选择性必修新增。
copy,,,,gaokao-english,official_curriculum_2020,1,普通高中英语课程标准（2017年版2020年修订）附录2词汇表；*为必修新增，**为选择性必修新增。
core,,,,gaokao-english,official_curriculum_2020,3,普通高中英语课程标准（2017年版2020年修订）附录2词汇表；*为必修新增，**为选择性必修新增。
corn,,,,gaokao-english,official_curriculum_2020,1,普通高中英语课程标准（2017年版2020年修订）附录2词汇表；*为必修新增，**为选择性必修新增。
corner,,,,gaokao-english,official_curriculum_2020,1,普通高中英语课程标准（2017年版2020年修订）附录2词汇表；*为必修新增，**为选择性必修新增。
corporate,,,,gaokao-english,official_curriculum_2020,3,普通高中英语课程标准（2017年版2020年修订）附录2词汇表；*为必修新增，**为选择性必修新增。
correct,,,,gaokao-english,official_curriculum_2020,1,普通高中英语课程标准（2017年版2020年修订）附录2词汇表；*为必修新增，**为选择性必修新增。
correspond,,,,gaokao-english,official_curriculum_2020,3,普通高中英语课程标准（2017年版2020年修订）附录2词汇表；*为必修新增，**为选择性必修新增。
cost,,,,gaokao-english,official_curriculum_2020,1,普通高中英语课程标准（2017年版2020年修订）附录2词汇表；*为必修新增，**为选择性必修新增。
costume,,,,gaokao-english,official_curriculum_2020,3,普通高中英语课程标准（2017年版2020年修订）附录2词汇表；*为必修新增，**为选择性必修新增。
cottage,,,,gaokao-english,official_curriculum_2020,3,普通高中英语课程标准（2017年版2020年修订）附录2词汇表；*为必修新增，**为选择性必修新增。
cotton,,,,gaokao-english,official_curriculum_2020,3,普通高中英语课程标准（2017年版2020年修订）附录2词汇表；*为必修新增，**为选择性必修新增。
cough,,,,gaokao-english,official_curriculum_2020,1,普通高中英语课程标准（2017年版2020年修订）附录2词汇表；*为必修新增，**为选择性必修新增。
could,,,,gaokao-english,official_curriculum_2020,1,普通高中英语课程标准（2017年版2020年修订）附录2词汇表；*为必修新增，**为选择性必修新增。
council,,,,gaokao-english,official_curriculum_2020,3,普通高中英语课程标准（2017年版2020年修订）附录2词汇表；*为必修新增，**为选择性必修新增。
count,,,,gaokao-english,official_curriculum_2020,1,普通高中英语课程标准（2017年版2020年修订）附录2词汇表；*为必修新增，**为选择性必修新增。
country,,,,gaokao-english,official_curriculum_2020,1,普通高中英语课程标准（2017年版2020年修订）附录2词汇表；*为必修新增，**为选择性必修新增。
countryside,,,,gaokao-english,official_curriculum_2020,1,普通高中英语课程标准（2017年版2020年修订）附录2词汇表；*为必修新增，**为选择性必修新增。
county,,,,gaokao-english,official_curriculum_2020,2,普通高中英语课程标准（2017年版2020年修订）附录2词汇表；*为必修新增，**为选择性必修新增。
couple,,,,gaokao-english,official_curriculum_2020,1,普通高中英语课程标准（2017年版2020年修订）附录2词汇表；*为必修新增，**为选择性必修新增。
courage,,,,gaokao-english,official_curriculum_2020,1,普通高中英语课程标准（2017年版2020年修订）附录2词汇表；*为必修新增，**为选择性必修新增。
course,,,,gaokao-english,official_curriculum_2020,1,普通高中英语课程标准（2017年版2020年修订）附录2词汇表；*为必修新增，**为选择性必修新增。
court,,,,gaokao-english,official_curriculum_2020,2,普通高中英语课程标准（2017年版2020年修订）附录2词汇表；*为必修新增，**为选择性必修新增。
cousin,,,,gaokao-english,official_curriculum_2020,1,普通高中英语课程标准（2017年版2020年修订）附录2词汇表；*为必修新增，**为选择性必修新增。
cover,,,,gaokao-english,official_curriculum_2020,1,普通高中英语课程标准（2017年版2020年修订）附录2词汇表；*为必修新增，**为选择性必修新增。
coverage,,,,gaokao-english,official_curriculum_2020,3,普通高中英语课程标准（2017年版2020年修订）附录2词汇表；*为必修新增，**为选择性必修新增。
cow,,,,gaokao-english,official_curriculum_2020,1,普通高中英语课程标准（2017年版2020年修订）附录2词汇表；*为必修新增，**为选择性必修新增。
crash,,,,gaokao-english,official_curriculum_2020,2,普通高中英语课程标准（2017年版2020年修订）附录2词汇表；*为必修新增，**为选择性必修新增。
crayon,,,,gaokao-english,official_curriculum_2020,1,普通高中英语课程标准（2017年版2020年修订）附录2词汇表；*为必修新增，**为选择性必修新增。
crazy,,,,gaokao-english,official_curriculum_2020,1,普通高中英语课程标准（2017年版2020年修订）附录2词汇表；*为必修新增，**为选择性必修新增。
cream,,,,gaokao-english,official_curriculum_2020,3,普通高中英语课程标准（2017年版2020年修订）附录2词汇表；*为必修新增，**为选择性必修新增。
create,,,,gaokao-english,official_curriculum_2020,1,普通高中英语课程标准（2017年版2020年修订）附录2词汇表；*为必修新增，**为选择性必修新增。
creative,,,,gaokao-english,official_curriculum_2020,2,普通高中英语课程标准（2017年版2020年修订）附录2词汇表；*为必修新增，**为选择性必修新增。
creature,,,,gaokao-english,official_curriculum_2020,3,普通高中英语课程标准（2017年版2020年修订）附录2词汇表；*为必修新增，**为选择性必修新增。
credit,,,,gaokao-english,official_curriculum_2020,2,普通高中英语课程标准（2017年版2020年修订）附录2词汇表；*为必修新增，**为选择性必修新增。
crew,,,,gaokao-english,official_curriculum_2020,3,普通高中英语课程标准（2017年版2020年修订）附录2词汇表；*为必修新增，**为选择性必修新增。
crime,,,,gaokao-english,official_curriculum_2020,3,普通高中英语课程标准（2017年版2020年修订）附录2词汇表；*为必修新增，**为选择性必修新增。
crisis,,,,gaokao-english,official_curriculum_2020,3,普通高中英语课程标准（2017年版2020年修订）附录2词汇表；*为必修新增，**为选择性必修新增。
criterion (pl. criteria),,,,gaokao-english,official_curriculum_2020,3,普通高中英语课程标准（2017年版2020年修订）附录2词汇表；*为必修新增，**为选择性必修新增。
critical,,,,gaokao-english,official_curriculum_2020,3,普通高中英语课程标准（2017年版2020年修订）附录2词汇表；*为必修新增，**为选择性必修新增。
criticise (criticize),,,,gaokao-english,official_curriculum_2020,3,普通高中英语课程标准（2017年版2020年修订）附录2词汇表；*为必修新增，**为选择性必修新增。
crop,,,,gaokao-english,official_curriculum_2020,3,普通高中英语课程标准（2017年版2020年修订）附录2词汇表；*为必修新增，**为选择性必修新增。
cross,,,,gaokao-english,official_curriculum_2020,1,普通高中英语课程标准（2017年版2020年修订）附录2词汇表；*为必修新增，**为选择性必修新增。
crowd,,,,gaokao-english,official_curriculum_2020,2,普通高中英语课程标准（2017年版2020年修订）附录2词汇表；*为必修新增，**为选择性必修新增。
crucial,,,,gaokao-english,official_curriculum_2020,3,普通高中英语课程标准（2017年版2020年修订）附录2词汇表；*为必修新增，**为选择性必修新增。
cruel,,,,gaokao-english,official_curriculum_2020,3,普通高中英语课程标准（2017年版2020年修订）附录2词汇表；*为必修新增，**为选择性必修新增。
cry,,,,gaokao-english,official_curriculum_2020,1,普通高中英语课程标准（2017年版2020年修订）附录2词汇表；*为必修新增，**为选择性必修新增。
cuisine,,,,gaokao-english,official_curriculum_2020,3,普通高中英语课程标准（2017年版2020年修订）附录2词汇表；*为必修新增，**为选择性必修新增。
culture,,,,gaokao-english,official_curriculum_2020,1,普通高中英语课程标准（2017年版2020年修订）附录2词汇表；*为必修新增，**为选择性必修新增。
cup,,,,gaokao-english,official_curriculum_2020,1,普通高中英语课程标准（2017年版2020年修订）附录2词汇表；*为必修新增，**为选择性必修新增。
cupboard,,,,gaokao-english,official_curriculum_2020,3,普通高中英语课程标准（2017年版2020年修订）附录2词汇表；*为必修新增，**为选择性必修新增。
cure,,,,gaokao-english,official_curriculum_2020,2,普通高中英语课程标准（2017年版2020年修订）附录2词汇表；*为必修新增，**为选择性必修新增。
curious,,,,gaokao-english,official_curriculum_2020,2,普通高中英语课程标准（2017年版2020年修订）附录2词汇表；*为必修新增，**为选择性必修新增。
current,,,,gaokao-english,official_curriculum_2020,2,普通高中英语课程标准（2017年版2020年修订）附录2词汇表；*为必修新增，**为选择性必修新增。
curtain,,,,gaokao-english,official_curriculum_2020,3,普通高中英语课程标准（2017年版2020年修订）附录2词汇表；*为必修新增，**为选择性必修新增。
custom,,,,gaokao-english,official_curriculum_2020,2,普通高中英语课程标准（2017年版2020年修订）附录2词汇表；*为必修新增，**为选择性必修新增。
customer,,,,gaokao-english,official_curriculum_2020,1,普通高中英语课程标准（2017年版2020年修订）附录2词汇表；*为必修新增，**为选择性必修新增。
cut,,,,gaokao-english,official_curriculum_2020,1,普通高中英语课程标准（2017年版2020年修订）附录2词汇表；*为必修新增，**为选择性必修新增。
cute,,,,gaokao-english,official_curriculum_2020,1,普通高中英语课程标准（2017年版2020年修订）附录2词汇表；*为必修新增，**为选择性必修新增。
cycle,,,,gaokao-english,official_curriculum_2020,3,普通高中英语课程标准（2017年版2020年修订）附录2词汇表；*为必修新增，**为选择性必修新增。
daily,,,,gaokao-english,official_curriculum_2020,1,普通高中英语课程标准（2017年版2020年修订）附录2词汇表；*为必修新增，**为选择性必修新增。
damage,,,,gaokao-english,official_curriculum_2020,3,普通高中英语课程标准（2017年版2020年修订）附录2词汇表；*为必修新增，**为选择性必修新增。
damp,,,,gaokao-english,official_curriculum_2020,3,普通高中英语课程标准（2017年版2020年修订）附录2词汇表；*为必修新增，**为选择性必修新增。
dance,,,,gaokao-english,official_curriculum_2020,1,普通高中英语课程标准（2017年版2020年修订）附录2词汇表；*为必修新增，**为选择性必修新增。
danger,,,,gaokao-english,official_curriculum_2020,1,普通高中英语课程标准（2017年版2020年修订）附录2词汇表；*为必修新增，**为选择性必修新增。
dangerous,,,,gaokao-english,official_curriculum_2020,1,普通高中英语课程标准（2017年版2020年修订）附录2词汇表；*为必修新增，**为选择性必修新增。
dare,,,,gaokao-english,official_curriculum_2020,3,普通高中英语课程标准（2017年版2020年修订）附录2词汇表；*为必修新增，**为选择性必修新增。
dark,,,,gaokao-english,official_curriculum_2020,1,普通高中英语课程标准（2017年版2020年修订）附录2词汇表；*为必修新增，**为选择性必修新增。
data,,,,gaokao-english,official_curriculum_2020,2,普通高中英语课程标准（2017年版2020年修订）附录2词汇表；*为必修新增，**为选择性必修新增。
database,,,,gaokao-english,official_curriculum_2020,3,普通高中英语课程标准（2017年版2020年修订）附录2词汇表；*为必修新增，**为选择性必修新增。
date,,,,gaokao-english,official_curriculum_2020,1,普通高中英语课程标准（2017年版2020年修订）附录2词汇表；*为必修新增，**为选择性必修新增。
daughter,,,,gaokao-english,official_curriculum_2020,1,普通高中英语课程标准（2017年版2020年修订）附录2词汇表；*为必修新增，**为选择性必修新增。
day,,,,gaokao-english,official_curriculum_2020,1,普通高中英语课程标准（2017年版2020年修订）附录2词汇表；*为必修新增，**为选择性必修新增。
dead,,,,gaokao-english,official_curriculum_2020,1,普通高中英语课程标准（2017年版2020年修订）附录2词汇表；*为必修新增，**为选择性必修新增。
deadline,,,,gaokao-english,official_curriculum_2020,3,普通高中英语课程标准（2017年版2020年修订）附录2词汇表；*为必修新增，**为选择性必修新增。
deaf,,,,gaokao-english,official_curriculum_2020,1,普通高中英语课程标准（2017年版2020年修订）附录2词汇表；*为必修新增，**为选择性必修新增。
deal,,,,gaokao-english,official_curriculum_2020,1,普通高中英语课程标准（2017年版2020年修订）附录2词汇表；*为必修新增，**为选择性必修新增。
dear,,,,gaokao-english,official_curriculum_2020,1,普通高中英语课程标准（2017年版2020年修订）附录2词汇表；*为必修新增，**为选择性必修新增。
death,,,,gaokao-english,official_curriculum_2020,2,普通高中英语课程标准（2017年版2020年修订）附录2词汇表；*为必修新增，**为选择性必修新增。
debate,,,,gaokao-english,official_curriculum_2020,3,普通高中英语课程标准（2017年版2020年修订）附录2词汇表；*为必修新增，**为选择性必修新增。
debt,,,,gaokao-english,official_curriculum_2020,3,普通高中英语课程标准（2017年版2020年修订）附录2词汇表；*为必修新增，**为选择性必修新增。
decade,,,,gaokao-english,official_curriculum_2020,3,普通高中英语课程标准（2017年版2020年修订）附录2词汇表；*为必修新增，**为选择性必修新增。
December,,,,gaokao-english,official_curriculum_2020,1,普通高中英语课程标准（2017年版2020年修订）附录2词汇表；*为必修新增，**为选择性必修新增。
decent,,,,gaokao-english,official_curriculum_2020,3,普通高中英语课程标准（2017年版2020年修订）附录2词汇表；*为必修新增，**为选择性必修新增。
decide,,,,gaokao-english,official_curriculum_2020,1,普通高中英语课程标准（2017年版2020年修订）附录2词汇表；*为必修新增，**为选择性必修新增。
decision,,,,gaokao-english,official_curriculum_2020,1,普通高中英语课程标准（2017年版2020年修订）附录2词汇表；*为必修新增，**为选择性必修新增。
declare,,,,gaokao-english,official_curriculum_2020,2,普通高中英语课程标准（2017年版2020年修订）附录2词汇表；*为必修新增，**为选择性必修新增。
decline,,,,gaokao-english,official_curriculum_2020,3,普通高中英语课程标准（2017年版2020年修订）附录2词汇表；*为必修新增，**为选择性必修新增。
decorate,,,,gaokao-english,official_curriculum_2020,2,普通高中英语课程标准（2017年版2020年修订）附录2词汇表；*为必修新增，**为选择性必修新增。
decrease,,,,gaokao-english,official_curriculum_2020,3,普通高中英语课程标准（2017年版2020年修订）附录2词汇表；*为必修新增，**为选择性必修新增。
deep,,,,gaokao-english,official_curriculum_2020,1,普通高中英语课程标准（2017年版2020年修订）附录2词汇表；*为必修新增，**为选择性必修新增。
deer,,,,gaokao-english,official_curriculum_2020,2,普通高中英语课程标准（2017年版2020年修订）附录2词汇表；*为必修新增，**为选择性必修新增。
defeat,,,,gaokao-english,official_curriculum_2020,3,普通高中英语课程标准（2017年版2020年修订）附录2词汇表；*为必修新增，**为选择性必修新增。
defence (defense),,,,gaokao-english,official_curriculum_2020,2,普通高中英语课程标准（2017年版2020年修订）附录2词汇表；*为必修新增，**为选择性必修新增。
defend,,,,gaokao-english,official_curriculum_2020,3,普通高中英语课程标准（2017年版2020年修订）附录2词汇表；*为必修新增，**为选择性必修新增。
definitely,,,,gaokao-english,official_curriculum_2020,2,普通高中英语课程标准（2017年版2020年修订）附录2词汇表；*为必修新增，**为选择性必修新增。
definition,,,,gaokao-english,official_curriculum_2020,3,普通高中英语课程标准（2017年版2020年修订）附录2词汇表；*为必修新增，**为选择性必修新增。
degree,,,,gaokao-english,official_curriculum_2020,1,普通高中英语课程标准（2017年版2020年修订）附录2词汇表；*为必修新增，**为选择性必修新增。
delay,,,,gaokao-english,official_curriculum_2020,3,普通高中英语课程标准（2017年版2020年修订）附录2词汇表；*为必修新增，**为选择性必修新增。
delete,,,,gaokao-english,official_curriculum_2020,3,普通高中英语课程标准（2017年版2020年修订）附录2词汇表；*为必修新增，**为选择性必修新增。
delicate,,,,gaokao-english,official_curriculum_2020,3,普通高中英语课程标准（2017年版2020年修订）附录2词汇表；*为必修新增，**为选择性必修新增。
delicious,,,,gaokao-english,official_curriculum_2020,1,普通高中英语课程标准（2017年版2020年修订）附录2词汇表；*为必修新增，**为选择性必修新增。
deliver,,,,gaokao-english,official_curriculum_2020,2,普通高中英语课程标准（2017年版2020年修订）附录2词汇表；*为必修新增，**为选择性必修新增。
demand,,,,gaokao-english,official_curriculum_2020,3,普通高中英语课程标准（2017年版2020年修订）附录2词汇表；*为必修新增，**为选择性必修新增。
demonstrate,,,,gaokao-english,official_curriculum_2020,3,普通高中英语课程标准（2017年版2020年修订）附录2词汇表；*为必修新增，**为选择性必修新增。
dentist,,,,gaokao-english,official_curriculum_2020,3,普通高中英语课程标准（2017年版2020年修订）附录2词汇表；*为必修新增，**为选择性必修新增。
deny,,,,gaokao-english,official_curriculum_2020,3,普通高中英语课程标准（2017年版2020年修订）附录2词汇表；*为必修新增，**为选择性必修新增。
department,,,,gaokao-english,official_curriculum_2020,3,普通高中英语课程标准（2017年版2020年修订）附录2词汇表；*为必修新增，**为选择性必修新增。
departure,,,,gaokao-english,official_curriculum_2020,3,普通高中英语课程标准（2017年版2020年修订）附录2词汇表；*为必修新增，**为选择性必修新增。
depend,,,,gaokao-english,official_curriculum_2020,1,普通高中英语课程标准（2017年版2020年修订）附录2词汇表；*为必修新增，**为选择性必修新增。
depress,,,,gaokao-english,official_curriculum_2020,3,普通高中英语课程标准（2017年版2020年修订）附录2词汇表；*为必修新增，**为选择性必修新增。
depth,,,,gaokao-english,official_curriculum_2020,3,普通高中英语课程标准（2017年版2020年修订）附录2词汇表；*为必修新增，**为选择性必修新增。
describe,,,,gaokao-english,official_curriculum_2020,1,普通高中英语课程标准（2017年版2020年修订）附录2词汇表；*为必修新增，**为选择性必修新增。
description,,,,gaokao-english,official_curriculum_2020,2,普通高中英语课程标准（2017年版2020年修订）附录2词汇表；*为必修新增，**为选择性必修新增。
desert,,,,gaokao-english,official_curriculum_2020,2,普通高中英语课程标准（2017年版2020年修订）附录2词汇表；*为必修新增，**为选择性必修新增。
deserve,,,,gaokao-english,official_curriculum_2020,3,普通高中英语课程标准（2017年版2020年修订）附录2词汇表；*为必修新增，**为选择性必修新增。
design,,,,gaokao-english,official_curriculum_2020,2,普通高中英语课程标准（2017年版2020年修订）附录2词汇表；*为必修新增，**为选择性必修新增。
desire,,,,gaokao-english,official_curriculum_2020,2,普通高中英语课程标准（2017年版2020年修订）附录2词汇表；*为必修新增，**为选择性必修新增。
desk,,,,gaokao-english,official_curriculum_2020,1,普通高中英语课程标准（2017年版2020年修订）附录2词汇表；*为必修新增，**为选择性必修新增。
desperate,,,,gaokao-english,official_curriculum_2020,3,普通高中英语课程标准（2017年版2020年修订）附录2词汇表；*为必修新增，**为选择性必修新增。
despite,,,,gaokao-english,official_curriculum_2020,2,普通高中英语课程标准（2017年版2020年修订）附录2词汇表；*为必修新增，**为选择性必修新增。
dessert,,,,gaokao-english,official_curriculum_2020,3,普通高中英语课程标准（2017年版2020年修订）附录2词汇表；*为必修新增，**为选择性必修新增。
destination,,,,gaokao-english,official_curriculum_2020,2,普通高中英语课程标准（2017年版2020年修订）附录2词汇表；*为必修新增，**为选择性必修新增。
destroy,,,,gaokao-english,official_curriculum_2020,2,普通高中英语课程标准（2017年版2020年修订）附录2词汇表；*为必修新增，**为选择性必修新增。
detail,,,,gaokao-english,official_curriculum_2020,2,普通高中英语课程标准（2017年版2020年修订）附录2词汇表；*为必修新增，**为选择性必修新增。
detect,,,,gaokao-english,official_curriculum_2020,3,普通高中英语课程标准（2017年版2020年修订）附录2词汇表；*为必修新增，**为选择性必修新增。
detective,,,,gaokao-english,official_curriculum_2020,3,普通高中英语课程标准（2017年版2020年修订）附录2词汇表；*为必修新增，**为选择性必修新增。
determine,,,,gaokao-english,official_curriculum_2020,2,普通高中英语课程标准（2017年版2020年修订）附录2词汇表；*为必修新增，**为选择性必修新增。
develop,,,,gaokao-english,official_curriculum_2020,1,普通高中英语课程标准（2017年版2020年修订）附录2词汇表；*为必修新增，**为选择性必修新增。
development,,,,gaokao-english,official_curriculum_2020,1,普通高中英语课程标准（2017年版2020年修订）附录2词汇表；*为必修新增，**为选择性必修新增。
device,,,,gaokao-english,official_curriculum_2020,3,普通高中英语课程标准（2017年版2020年修订）附录2词汇表；*为必修新增，**为选择性必修新增。
devote,,,,gaokao-english,official_curriculum_2020,3,普通高中英语课程标准（2017年版2020年修订）附录2词汇表；*为必修新增，**为选择性必修新增。
diagram,,,,gaokao-english,official_curriculum_2020,2,普通高中英语课程标准（2017年版2020年修订）附录2词汇表；*为必修新增，**为选择性必修新增。
dialogue (dialog),,,,gaokao-english,official_curriculum_2020,1,普通高中英语课程标准（2017年版2020年修订）附录2词汇表；*为必修新增，**为选择性必修新增。
diamond,,,,gaokao-english,official_curriculum_2020,3,普通高中英语课程标准（2017年版2020年修订）附录2词汇表；*为必修新增，**为选择性必修新增。
diary,,,,gaokao-english,official_curriculum_2020,1,普通高中英语课程标准（2017年版2020年修订）附录2词汇表；*为必修新增，**为选择性必修新增。
dictionary,,,,gaokao-english,official_curriculum_2020,1,普通高中英语课程标准（2017年版2020年修订）附录2词汇表；*为必修新增，**为选择性必修新增。
die,,,,gaokao-english,official_curriculum_2020,1,普通高中英语课程标准（2017年版2020年修订）附录2词汇表；*为必修新增，**为选择性必修新增。
diet,,,,gaokao-english,official_curriculum_2020,2,普通高中英语课程标准（2017年版2020年修订）附录2词汇表；*为必修新增，**为选择性必修新增。
differ,,,,gaokao-english,official_curriculum_2020,3,普通高中英语课程标准（2017年版2020年修订）附录2词汇表；*为必修新增，**为选择性必修新增。
difference,,,,gaokao-english,official_curriculum_2020,1,普通高中英语课程标准（2017年版2020年修订）附录2词汇表；*为必修新增，**为选择性必修新增。
different,,,,gaokao-english,official_curriculum_2020,1,普通高中英语课程标准（2017年版2020年修订）附录2词汇表；*为必修新增，**为选择性必修新增。
difficult,,,,gaokao-english,official_curriculum_2020,1,普通高中英语课程标准（2017年版2020年修订）附录2词汇表；*为必修新增，**为选择性必修新增。
difficulty,,,,gaokao-english,official_curriculum_2020,1,普通高中英语课程标准（2017年版2020年修订）附录2词汇表；*为必修新增，**为选择性必修新增。
dig,,,,gaokao-english,official_curriculum_2020,1,普通高中英语课程标准（2017年版2020年修订）附录2词汇表；*为必修新增，**为选择性必修新增。
digest,,,,gaokao-english,official_curriculum_2020,3,普通高中英语课程标准（2017年版2020年修订）附录2词汇表；*为必修新增，**为选择性必修新增。
digital,,,,gaokao-english,official_curriculum_2020,2,普通高中英语课程标准（2017年版2020年修订）附录2词汇表；*为必修新增，**为选择性必修新增。
dignity,,,,gaokao-english,official_curriculum_2020,3,普通高中英语课程标准（2017年版2020年修订）附录2词汇表；*为必修新增，**为选择性必修新增。
dimension,,,,gaokao-english,official_curriculum_2020,3,普通高中英语课程标准（2017年版2020年修订）附录2词汇表；*为必修新增，**为选择性必修新增。
dining,,,,gaokao-english,official_curriculum_2020,1,普通高中英语课程标准（2017年版2020年修订）附录2词汇表；*为必修新增，**为选择性必修新增。
dinner,,,,gaokao-english,official_curriculum_2020,1,普通高中英语课程标准（2017年版2020年修订）附录2词汇表；*为必修新增，**为选择性必修新增。
dinosaur,,,,gaokao-english,official_curriculum_2020,2,普通高中英语课程标准（2017年版2020年修订）附录2词汇表；*为必修新增，**为选择性必修新增。
direct,,,,gaokao-english,official_curriculum_2020,1,普通高中英语课程标准（2017年版2020年修订）附录2词汇表；*为必修新增，**为选择性必修新增。
direction,,,,gaokao-english,official_curriculum_2020,1,普通高中英语课程标准（2017年版2020年修订）附录2词汇表；*为必修新增，**为选择性必修新增。
director,,,,gaokao-english,official_curriculum_2020,1,普通高中英语课程标准（2017年版2020年修订）附录2词汇表；*为必修新增，**为选择性必修新增。
directory,,,,gaokao-english,official_curriculum_2020,3,普通高中英语课程标准（2017年版2020年修订）附录2词汇表；*为必修新增，**为选择性必修新增。
dirty,,,,gaokao-english,official_curriculum_2020,1,普通高中英语课程标准（2017年版2020年修订）附录2词汇表；*为必修新增，**为选择性必修新增。
disability,,,,gaokao-english,official_curriculum_2020,3,普通高中英语课程标准（2017年版2020年修订）附录2词汇表；*为必修新增，**为选择性必修新增。
disabled,,,,gaokao-english,official_curriculum_2020,3,普通高中英语课程标准（2017年版2020年修订）附录2词汇表；*为必修新增，**为选择性必修新增。
disappear,,,,gaokao-english,official_curriculum_2020,2,普通高中英语课程标准（2017年版2020年修订）附录2词汇表；*为必修新增，**为选择性必修新增。
disappointed,,,,gaokao-english,official_curriculum_2020,3,普通高中英语课程标准（2017年版2020年修订）附录2词汇表；*为必修新增，**为选择性必修新增。
disaster,,,,gaokao-english,official_curriculum_2020,2,普通高中英语课程标准（2017年版2020年修订）附录2词汇表；*为必修新增，**为选择性必修新增。
discipline,,,,gaokao-english,official_curriculum_2020,3,普通高中英语课程标准（2017年版2020年修订）附录2词汇表；*为必修新增，**为选择性必修新增。
discount,,,,gaokao-english,official_curriculum_2020,3,普通高中英语课程标准（2017年版2020年修订）附录2词汇表；*为必修新增，**为选择性必修新增。
discover,,,,gaokao-english,official_curriculum_2020,1,普通高中英语课程标准（2017年版2020年修订）附录2词汇表；*为必修新增，**为选择性必修新增。
discovery,,,,gaokao-english,official_curriculum_2020,1,普通高中英语课程标准（2017年版2020年修订）附录2词汇表；*为必修新增，**为选择性必修新增。
discrimination,,,,gaokao-english,official_curriculum_2020,3,普通高中英语课程标准（2017年版2020年修订）附录2词汇表；*为必修新增，**为选择性必修新增。
discuss,,,,gaokao-english,official_curriculum_2020,1,普通高中英语课程标准（2017年版2020年修订）附录2词汇表；*为必修新增，**为选择性必修新增。
discussion,,,,gaokao-english,official_curriculum_2020,1,普通高中英语课程标准（2017年版2020年修订）附录2词汇表；*为必修新增，**为选择性必修新增。
disease,,,,gaokao-english,official_curriculum_2020,2,普通高中英语课程标准（2017年版2020年修订）附录2词汇表；*为必修新增，**为选择性必修新增。
dish,,,,gaokao-english,official_curriculum_2020,1,普通高中英语课程标准（2017年版2020年修订）附录2词汇表；*为必修新增，**为选择性必修新增。
disk (disc),,,,gaokao-english,official_curriculum_2020,3,普通高中英语课程标准（2017年版2020年修订）附录2词汇表；*为必修新增，**为选择性必修新增。
dismiss,,,,gaokao-english,official_curriculum_2020,3,普通高中英语课程标准（2017年版2020年修订）附录2词汇表；*为必修新增，**为选择性必修新增。
display,,,,gaokao-english,official_curriculum_2020,3,普通高中英语课程标准（2017年版2020年修订）附录2词汇表；*为必修新增，**为选择性必修新增。
distance,,,,gaokao-english,official_curriculum_2020,2,普通高中英语课程标准（2017年版2020年修订）附录2词汇表；*为必修新增，**为选择性必修新增。
distant,,,,gaokao-english,official_curriculum_2020,3,普通高中英语课程标准（2017年版2020年修订）附录2词汇表；*为必修新增，**为选择性必修新增。
distinct,,,,gaokao-english,official_curriculum_2020,3,普通高中英语课程标准（2017年版2020年修订）附录2词汇表；*为必修新增，**为选择性必修新增。
distinguish,,,,gaokao-english,official_curriculum_2020,3,普通高中英语课程标准（2017年版2020年修订）附录2词汇表；*为必修新增，**为选择性必修新增。
distribution,,,,gaokao-english,official_curriculum_2020,3,普通高中英语课程标准（2017年版2020年修订）附录2词汇表；*为必修新增，**为选择性必修新增。
district,,,,gaokao-english,official_curriculum_2020,3,普通高中英语课程标准（2017年版2020年修订）附录2词汇表；*为必修新增，**为选择性必修新增。
disturb,,,,gaokao-english,official_curriculum_2020,3,普通高中英语课程标准（2017年版2020年修订）附录2词汇表；*为必修新增，**为选择性必修新增。
dive,,,,gaokao-english,official_curriculum_2020,3,普通高中英语课程标准（2017年版2020年修订）附录2词汇表；*为必修新增，**为选择性必修新增。
diverse,,,,gaokao-english,official_curriculum_2020,3,普通高中英语课程标准（2017年版2020年修订）附录2词汇表；*为必修新增，**为选择性必修新增。
divide,,,,gaokao-english,official_curriculum_2020,1,普通高中英语课程标准（2017年版2020年修订）附录2词汇表；*为必修新增，**为选择性必修新增。
division,,,,gaokao-english,official_curriculum_2020,3,普通高中英语课程标准（2017年版2020年修订）附录2词汇表；*为必修新增，**为选择性必修新增。
dizzy,,,,gaokao-english,official_curriculum_2020,3,普通高中英语课程标准（2017年版2020年修订）附录2词汇表；*为必修新增，**为选择性必修新增。
do,,,,gaokao-english,official_curriculum_2020,1,普通高中英语课程标准（2017年版2020年修订）附录2词汇表；*为必修新增，**为选择性必修新增。
doctor,,,,gaokao-english,official_curriculum_2020,1,普通高中英语课程标准（2017年版2020年修订）附录2词汇表；*为必修新增，**为选择性必修新增。
document,,,,gaokao-english,official_curriculum_2020,2,普通高中英语课程标准（2017年版2020年修订）附录2词汇表；*为必修新增，**为选择性必修新增。
dog,,,,gaokao-english,official_curriculum_2020,1,普通高中英语课程标准（2017年版2020年修订）附录2词汇表；*为必修新增，**为选择性必修新增。
dollar,,,,gaokao-english,official_curriculum_2020,1,普通高中英语课程标准（2017年版2020年修订）附录2词汇表；*为必修新增，**为选择性必修新增。
dolphin,,,,gaokao-english,official_curriculum_2020,2,普通高中英语课程标准（2017年版2020年修订）附录2词汇表；*为必修新增，**为选择性必修新增。
domain,,,,gaokao-english,official_curriculum_2020,3,普通高中英语课程标准（2017年版2020年修订）附录2词汇表；*为必修新增，**为选择性必修新增。
domestic,,,,gaokao-english,official_curriculum_2020,3,普通高中英语课程标准（2017年版2020年修订）附录2词汇表；*为必修新增，**为选择性必修新增。
dominate,,,,gaokao-english,official_curriculum_2020,3,普通高中英语课程标准（2017年版2020年修订）附录2词汇表；*为必修新增，**为选择性必修新增。
donate,,,,gaokao-english,official_curriculum_2020,2,普通高中英语课程标准（2017年版2020年修订）附录2词汇表；*为必修新增，**为选择性必修新增。
door,,,,gaokao-english,official_curriculum_2020,1,普通高中英语课程标准（2017年版2020年修订）附录2词汇表；*为必修新增，**为选择性必修新增。
dormitory,,,,gaokao-english,official_curriculum_2020,3,普通高中英语课程标准（2017年版2020年修订）附录2词汇表；*为必修新增，**为选择性必修新增。
double,,,,gaokao-english,official_curriculum_2020,1,普通高中英语课程标准（2017年版2020年修订）附录2词汇表；*为必修新增，**为选择性必修新增。
doubt,,,,gaokao-english,official_curriculum_2020,1,普通高中英语课程标准（2017年版2020年修订）附录2词汇表；*为必修新增，**为选择性必修新增。
down,,,,gaokao-english,official_curriculum_2020,1,普通高中英语课程标准（2017年版2020年修订）附录2词汇表；*为必修新增，**为选择性必修新增。
download,,,,gaokao-english,official_curriculum_2020,2,普通高中英语课程标准（2017年版2020年修订）附录2词汇表；*为必修新增，**为选择性必修新增。
downstairs,,,,gaokao-english,official_curriculum_2020,2,普通高中英语课程标准（2017年版2020年修订）附录2词汇表；*为必修新增，**为选择性必修新增。
downtown,,,,gaokao-english,official_curriculum_2020,2,普通高中英语课程标准（2017年版2020年修订）附录2词汇表；*为必修新增，**为选择性必修新增。
dozen,,,,gaokao-english,official_curriculum_2020,3,普通高中英语课程标准（2017年版2020年修订）附录2词汇表；*为必修新增，**为选择性必修新增。
draft,,,,gaokao-english,official_curriculum_2020,3,普通高中英语课程标准（2017年版2020年修订）附录2词汇表；*为必修新增，**为选择性必修新增。
drag,,,,gaokao-english,official_curriculum_2020,3,普通高中英语课程标准（2017年版2020年修订）附录2词汇表；*为必修新增，**为选择性必修新增。
dragon,,,,gaokao-english,official_curriculum_2020,2,普通高中英语课程标准（2017年版2020年修订）附录2词汇表；*为必修新增，**为选择性必修新增。
drama,,,,gaokao-english,official_curriculum_2020,3,普通高中英语课程标准（2017年版2020年修订）附录2词汇表；*为必修新增，**为选择性必修新增。
dramatic,,,,gaokao-english,official_curriculum_2020,3,普通高中英语课程标准（2017年版2020年修订）附录2词汇表；*为必修新增，**为选择性必修新增。
draw,,,,gaokao-english,official_curriculum_2020,1,普通高中英语课程标准（2017年版2020年修订）附录2词汇表；*为必修新增，**为选择性必修新增。
drawer,,,,gaokao-english,official_curriculum_2020,3,普通高中英语课程标准（2017年版2020年修订）附录2词汇表；*为必修新增，**为选择性必修新增。
dream,,,,gaokao-english,official_curriculum_2020,1,普通高中英语课程标准（2017年版2020年修订）附录2词汇表；*为必修新增，**为选择性必修新增。
dress,,,,gaokao-english,official_curriculum_2020,1,普通高中英语课程标准（2017年版2020年修订）附录2词汇表；*为必修新增，**为选择性必修新增。
drill,,,,gaokao-english,official_curriculum_2020,3,普通高中英语课程标准（2017年版2020年修订）附录2词汇表；*为必修新增，**为选择性必修新增。
drink,,,,gaokao-english,official_curriculum_2020,1,普通高中英语课程标准（2017年版2020年修订）附录2词汇表；*为必修新增，**为选择性必修新增。
drive,,,,gaokao-english,official_curriculum_2020,1,普通高中英语课程标准（2017年版2020年修订）附录2词汇表；*为必修新增，**为选择性必修新增。
driver,,,,gaokao-english,official_curriculum_2020,1,普通高中英语课程标准（2017年版2020年修订）附录2词汇表；*为必修新增，**为选择性必修新增。
drop,,,,gaokao-english,official_curriculum_2020,1,普通高中英语课程标准（2017年版2020年修订）附录2词汇表；*为必修新增，**为选择性必修新增。
drought,,,,gaokao-english,official_curriculum_2020,2,普通高中英语课程标准（2017年版2020年修订）附录2词汇表；*为必修新增，**为选择性必修新增。
drug,,,,gaokao-english,official_curriculum_2020,3,普通高中英语课程标准（2017年版2020年修订）附录2词汇表；*为必修新增，**为选择性必修新增。
dry,,,,gaokao-english,official_curriculum_2020,1,普通高中英语课程标准（2017年版2020年修订）附录2词汇表；*为必修新增，**为选择性必修新增。
duck,,,,gaokao-english,official_curriculum_2020,1,普通高中英语课程标准（2017年版2020年修订）附录2词汇表；*为必修新增，**为选择性必修新增。
due to,,,,gaokao-english,official_curriculum_2020,2,普通高中英语课程标准（2017年版2020年修订）附录2词汇表；*为必修新增，**为选择性必修新增。
dumpling,,,,gaokao-english,official_curriculum_2020,1,普通高中英语课程标准（2017年版2020年修订）附录2词汇表；*为必修新增，**为选择性必修新增。
duration,,,,gaokao-english,official_curriculum_2020,3,普通高中英语课程标准（2017年版2020年修订）附录2词汇表；*为必修新增，**为选择性必修新增。
during,,,,gaokao-english,official_curriculum_2020,1,普通高中英语课程标准（2017年版2020年修订）附录2词汇表；*为必修新增，**为选择性必修新增。
dust,,,,gaokao-english,official_curriculum_2020,3,普通高中英语课程标准（2017年版2020年修订）附录2词汇表；*为必修新增，**为选择性必修新增。
duty,,,,gaokao-english,official_curriculum_2020,2,普通高中英语课程标准（2017年版2020年修订）附录2词汇表；*为必修新增，**为选择性必修新增。
dynamic,,,,gaokao-english,official_curriculum_2020,3,普通高中英语课程标准（2017年版2020年修订）附录2词汇表；*为必修新增，**为选择性必修新增。
dynasty,,,,gaokao-english,official_curriculum_2020,3,普通高中英语课程标准（2017年版2020年修订）附录2词汇表；*为必修新增，**为选择性必修新增。
each,,,,gaokao-english,official_curriculum_2020,1,普通高中英语课程标准（2017年版2020年修订）附录2词汇表；*为必修新增，**为选择性必修新增。
eager,,,,gaokao-english,official_curriculum_2020,2,普通高中英语课程标准（2017年版2020年修订）附录2词汇表；*为必修新增，**为选择性必修新增。
eagle,,,,gaokao-english,official_curriculum_2020,3,普通高中英语课程标准（2017年版2020年修订）附录2词汇表；*为必修新增，**为选择性必修新增。
ear,,,,gaokao-english,official_curriculum_2020,1,普通高中英语课程标准（2017年版2020年修订）附录2词汇表；*为必修新增，**为选择性必修新增。
early,,,,gaokao-english,official_curriculum_2020,1,普通高中英语课程标准（2017年版2020年修订）附录2词汇表；*为必修新增，**为选择性必修新增。
earn,,,,gaokao-english,official_curriculum_2020,2,普通高中英语课程标准（2017年版2020年修订）附录2词汇表；*为必修新增，**为选择性必修新增。
earth,,,,gaokao-english,official_curriculum_2020,1,普通高中英语课程标准（2017年版2020年修订）附录2词汇表；*为必修新增，**为选择性必修新增。
earthquake,,,,gaokao-english,official_curriculum_2020,1,普通高中英语课程标准（2017年版2020年修订）附录2词汇表；*为必修新增，**为选择性必修新增。
ease,,,,gaokao-english,official_curriculum_2020,3,普通高中英语课程标准（2017年版2020年修订）附录2词汇表；*为必修新增，**为选择性必修新增。
east,,,,gaokao-english,official_curriculum_2020,1,普通高中英语课程标准（2017年版2020年修订）附录2词汇表；*为必修新增，**为选择性必修新增。
eastern,,,,gaokao-english,official_curriculum_2020,1,普通高中英语课程标准（2017年版2020年修订）附录2词汇表；*为必修新增，**为选择性必修新增。
easy,,,,gaokao-english,official_curriculum_2020,1,普通高中英语课程标准（2017年版2020年修订）附录2词汇表；*为必修新增，**为选择性必修新增。
eat,,,,gaokao-english,official_curriculum_2020,1,普通高中英语课程标准（2017年版2020年修订）附录2词汇表；*为必修新增，**为选择性必修新增。
ecology,,,,gaokao-english,official_curriculum_2020,3,普通高中英语课程标准（2017年版2020年修订）附录2词汇表；*为必修新增，**为选择性必修新增。
economic,,,,gaokao-english,official_curriculum_2020,3,普通高中英语课程标准（2017年版2020年修订）附录2词汇表；*为必修新增，**为选择性必修新增。
edge,,,,gaokao-english,official_curriculum_2020,3,普通高中英语课程标准（2017年版2020年修订）附录2词汇表；*为必修新增，**为选择性必修新增。
editor,,,,gaokao-english,official_curriculum_2020,2,普通高中英语课程标准（2017年版2020年修订）附录2词汇表；*为必修新增，**为选择性必修新增。
education,,,,gaokao-english,official_curriculum_2020,1,普通高中英语课程标准（2017年版2020年修订）附录2词汇表；*为必修新增，**为选择性必修新增。
educator,,,,gaokao-english,official_curriculum_2020,3,普通高中英语课程标准（2017年版2020年修订）附录2词汇表；*为必修新增，**为选择性必修新增。
effect,,,,gaokao-english,official_curriculum_2020,2,普通高中英语课程标准（2017年版2020年修订）附录2词汇表；*为必修新增，**为选择性必修新增。
efficient,,,,gaokao-english,official_curriculum_2020,3,普通高中英语课程标准（2017年版2020年修订）附录2词汇表；*为必修新增，**为选择性必修新增。
effort,,,,gaokao-english,official_curriculum_2020,2,普通高中英语课程标准（2017年版2020年修订）附录2词汇表；*为必修新增，**为选择性必修新增。
egg,,,,gaokao-english,official_curriculum_2020,1,普通高中英语课程标准（2017年版2020年修订）附录2词汇表；*为必修新增，**为选择性必修新增。
eight,,,,gaokao-english,official_curriculum_2020,1,普通高中英语课程标准（2017年版2020年修订）附录2词汇表；*为必修新增，**为选择性必修新增。
eighteen,,,,gaokao-english,official_curriculum_2020,1,普通高中英语课程标准（2017年版2020年修订）附录2词汇表；*为必修新增，**为选择性必修新增。
eighth,,,,gaokao-english,official_curriculum_2020,1,普通高中英语课程标准（2017年版2020年修订）附录2词汇表；*为必修新增，**为选择性必修新增。
eighty,,,,gaokao-english,official_curriculum_2020,1,普通高中英语课程标准（2017年版2020年修订）附录2词汇表；*为必修新增，**为选择性必修新增。
either,,,,gaokao-english,official_curriculum_2020,1,普通高中英语课程标准（2017年版2020年修订）附录2词汇表；*为必修新增，**为选择性必修新增。
elder,,,,gaokao-english,official_curriculum_2020,1,普通高中英语课程标准（2017年版2020年修订）附录2词汇表；*为必修新增，**为选择性必修新增。
elderly,,,,gaokao-english,official_curriculum_2020,3,普通高中英语课程标准（2017年版2020年修订）附录2词汇表；*为必修新增，**为选择性必修新增。
election,,,,gaokao-english,official_curriculum_2020,3,普通高中英语课程标准（2017年版2020年修订）附录2词汇表；*为必修新增，**为选择性必修新增。
electricity,,,,gaokao-english,official_curriculum_2020,2,普通高中英语课程标准（2017年版2020年修订）附录2词汇表；*为必修新增，**为选择性必修新增。
electronic,,,,gaokao-english,official_curriculum_2020,1,普通高中英语课程标准（2017年版2020年修订）附录2词汇表；*为必修新增，**为选择性必修新增。
elegant,,,,gaokao-english,official_curriculum_2020,3,普通高中英语课程标准（2017年版2020年修订）附录2词汇表；*为必修新增，**为选择性必修新增。
element,,,,gaokao-english,official_curriculum_2020,2,普通高中英语课程标准（2017年版2020年修订）附录2词汇表；*为必修新增，**为选择性必修新增。
elephant,,,,gaokao-english,official_curriculum_2020,1,普通高中英语课程标准（2017年版2020年修订）附录2词汇表；*为必修新增，**为选择性必修新增。
eleven,,,,gaokao-english,official_curriculum_2020,1,普通高中英语课程标准（2017年版2020年修订）附录2词汇表；*为必修新增，**为选择性必修新增。
else,,,,gaokao-english,official_curriculum_2020,1,普通高中英语课程标准（2017年版2020年修订）附录2词汇表；*为必修新增，**为选择性必修新增。
elsewhere,,,,gaokao-english,official_curriculum_2020,3,普通高中英语课程标准（2017年版2020年修订）附录2词汇表；*为必修新增，**为选择性必修新增。
email,,,,gaokao-english,official_curriculum_2020,1,普通高中英语课程标准（2017年版2020年修订）附录2词汇表；*为必修新增，**为选择性必修新增。
embarrassed,,,,gaokao-english,official_curriculum_2020,3,普通高中英语课程标准（2017年版2020年修订）附录2词汇表；*为必修新增，**为选择性必修新增。
emerge,,,,gaokao-english,official_curriculum_2020,3,普通高中英语课程标准（2017年版2020年修订）附录2词汇表；*为必修新增，**为选择性必修新增。
emergency,,,,gaokao-english,official_curriculum_2020,3,普通高中英语课程标准（2017年版2020年修订）附录2词汇表；*为必修新增，**为选择性必修新增。
emotion,,,,gaokao-english,official_curriculum_2020,3,普通高中英语课程标准（2017年版2020年修订）附录2词汇表；*为必修新增，**为选择性必修新增。
emperor,,,,gaokao-english,official_curriculum_2020,3,普通高中英语课程标准（2017年版2020年修订）附录2词汇表；*为必修新增，**为选择性必修新增。
emphasis,,,,gaokao-english,official_curriculum_2020,3,普通高中英语课程标准（2017年版2020年修订）附录2词汇表；*为必修新增，**为选择性必修新增。
employ,,,,gaokao-english,official_curriculum_2020,3,普通高中英语课程标准（2017年版2020年修订）附录2词汇表；*为必修新增，**为选择性必修新增。
empty,,,,gaokao-english,official_curriculum_2020,1,普通高中英语课程标准（2017年版2020年修订）附录2词汇表；*为必修新增，**为选择性必修新增。
enable,,,,gaokao-english,official_curriculum_2020,2,普通高中英语课程标准（2017年版2020年修订）附录2词汇表；*为必修新增，**为选择性必修新增。
encounter,,,,gaokao-english,official_curriculum_2020,3,普通高中英语课程标准（2017年版2020年修订）附录2词汇表；*为必修新增，**为选择性必修新增。
encourage,,,,gaokao-english,official_curriculum_2020,1,普通高中英语课程标准（2017年版2020年修订）附录2词汇表；*为必修新增，**为选择性必修新增。
end,,,,gaokao-english,official_curriculum_2020,1,普通高中英语课程标准（2017年版2020年修订）附录2词汇表；*为必修新增，**为选择性必修新增。
enemy,,,,gaokao-english,official_curriculum_2020,1,普通高中英语课程标准（2017年版2020年修订）附录2词汇表；*为必修新增，**为选择性必修新增。
energetic,,,,gaokao-english,official_curriculum_2020,2,普通高中英语课程标准（2017年版2020年修订）附录2词汇表；*为必修新增，**为选择性必修新增。
energy,,,,gaokao-english,official_curriculum_2020,2,普通高中英语课程标准（2017年版2020年修订）附录2词汇表；*为必修新增，**为选择性必修新增。
engage,,,,gaokao-english,official_curriculum_2020,3,普通高中英语课程标准（2017年版2020年修订）附录2词汇表；*为必修新增，**为选择性必修新增。
engine,,,,gaokao-english,official_curriculum_2020,2,普通高中英语课程标准（2017年版2020年修订）附录2词汇表；*为必修新增，**为选择性必修新增。
engineer,,,,gaokao-english,official_curriculum_2020,1,普通高中英语课程标准（2017年版2020年修订）附录2词汇表；*为必修新增，**为选择性必修新增。
England,,,,gaokao-english,official_curriculum_2020,1,普通高中英语课程标准（2017年版2020年修订）附录2词汇表；*为必修新增，**为选择性必修新增。
English,,,,gaokao-english,official_curriculum_2020,1,普通高中英语课程标准（2017年版2020年修订）附录2词汇表；*为必修新增，**为选择性必修新增。
enhance,,,,gaokao-english,official_curriculum_2020,3,普通高中英语课程标准（2017年版2020年修订）附录2词汇表；*为必修新增，**为选择性必修新增。
enjoy,,,,gaokao-english,official_curriculum_2020,1,普通高中英语课程标准（2017年版2020年修订）附录2词汇表；*为必修新增，**为选择性必修新增。
enormous,,,,gaokao-english,official_curriculum_2020,3,普通高中英语课程标准（2017年版2020年修订）附录2词汇表；*为必修新增，**为选择性必修新增。
enough,,,,gaokao-english,official_curriculum_2020,1,普通高中英语课程标准（2017年版2020年修订）附录2词汇表；*为必修新增，**为选择性必修新增。
ensure,,,,gaokao-english,official_curriculum_2020,2,普通高中英语课程标准（2017年版2020年修订）附录2词汇表；*为必修新增，**为选择性必修新增。
enter,,,,gaokao-english,official_curriculum_2020,1,普通高中英语课程标准（2017年版2020年修订）附录2词汇表；*为必修新增，**为选择性必修新增。
enterprise,,,,gaokao-english,official_curriculum_2020,3,普通高中英语课程标准（2017年版2020年修订）附录2词汇表；*为必修新增，**为选择性必修新增。
entertainment,,,,gaokao-english,official_curriculum_2020,3,普通高中英语课程标准（2017年版2020年修订）附录2词汇表；*为必修新增，**为选择性必修新增。
enthusiastic,,,,gaokao-english,official_curriculum_2020,3,普通高中英语课程标准（2017年版2020年修订）附录2词汇表；*为必修新增，**为选择性必修新增。
entirely,,,,gaokao-english,official_curriculum_2020,2,普通高中英语课程标准（2017年版2020年修订）附录2词汇表；*为必修新增，**为选择性必修新增。
entitle,,,,gaokao-english,official_curriculum_2020,3,普通高中英语课程标准（2017年版2020年修订）附录2词汇表；*为必修新增，**为选择性必修新增。
entrance,,,,gaokao-english,official_curriculum_2020,2,普通高中英语课程标准（2017年版2020年修订）附录2词汇表；*为必修新增，**为选择性必修新增。
entry,,,,gaokao-english,official_curriculum_2020,3,普通高中英语课程标准（2017年版2020年修订）附录2词汇表；*为必修新增，**为选择性必修新增。
envelope,,,,gaokao-english,official_curriculum_2020,2,普通高中英语课程标准（2017年版2020年修订）附录2词汇表；*为必修新增，**为选择性必修新增。
environment,,,,gaokao-english,official_curriculum_2020,1,普通高中英语课程标准（2017年版2020年修订）附录2词汇表；*为必修新增，**为选择性必修新增。
envy,,,,gaokao-english,official_curriculum_2020,3,普通高中英语课程标准（2017年版2020年修订）附录2词汇表；*为必修新增，**为选择性必修新增。
episode,,,,gaokao-english,official_curriculum_2020,3,普通高中英语课程标准（2017年版2020年修订）附录2词汇表；*为必修新增，**为选择性必修新增。
equal,,,,gaokao-english,official_curriculum_2020,2,普通高中英语课程标准（2017年版2020年修订）附录2词汇表；*为必修新增，**为选择性必修新增。
equator,,,,gaokao-english,official_curriculum_2020,3,普通高中英语课程标准（2017年版2020年修订）附录2词汇表；*为必修新增，**为选择性必修新增。
equipment,,,,gaokao-english,official_curriculum_2020,2,普通高中英语课程标准（2017年版2020年修订）附录2词汇表；*为必修新增，**为选择性必修新增。
era,,,,gaokao-english,official_curriculum_2020,3,普通高中英语课程标准（2017年版2020年修订）附录2词汇表；*为必修新增，**为选择性必修新增。
eraser,,,,gaokao-english,official_curriculum_2020,1,普通高中英语课程标准（2017年版2020年修订）附录2词汇表；*为必修新增，**为选择性必修新增。
error,,,,gaokao-english,official_curriculum_2020,2,普通高中英语课程标准（2017年版2020年修订）附录2词汇表；*为必修新增，**为选择性必修新增。
erupt,,,,gaokao-english,official_curriculum_2020,2,普通高中英语课程标准（2017年版2020年修订）附录2词汇表；*为必修新增，**为选择性必修新增。
escape,,,,gaokao-english,official_curriculum_2020,2,普通高中英语课程标准（2017年版2020年修订）附录2词汇表；*为必修新增，**为选择性必修新增。
especially,,,,gaokao-english,official_curriculum_2020,1,普通高中英语课程标准（2017年版2020年修订）附录2词汇表；*为必修新增，**为选择性必修新增。
essay,,,,gaokao-english,official_curriculum_2020,3,普通高中英语课程标准（2017年版2020年修订）附录2词汇表；*为必修新增，**为选择性必修新增。
essential,,,,gaokao-english,official_curriculum_2020,3,普通高中英语课程标准（2017年版2020年修订）附录2词汇表；*为必修新增，**为选择性必修新增。
establish,,,,gaokao-english,official_curriculum_2020,2,普通高中英语课程标准（2017年版2020年修订）附录2词汇表；*为必修新增，**为选择性必修新增。
estate,,,,gaokao-english,official_curriculum_2020,3,普通高中英语课程标准（2017年版2020年修订）附录2词汇表；*为必修新增，**为选择性必修新增。
estimate,,,,gaokao-english,official_curriculum_2020,3,普通高中英语课程标准（2017年版2020年修订）附录2词汇表；*为必修新增，**为选择性必修新增。
Europe,,,,gaokao-english,official_curriculum_2020,1,普通高中英语课程标准（2017年版2020年修订）附录2词汇表；*为必修新增，**为选择性必修新增。
European,,,,gaokao-english,official_curriculum_2020,1,普通高中英语课程标准（2017年版2020年修订）附录2词汇表；*为必修新增，**为选择性必修新增。
evaluate,,,,gaokao-english,official_curriculum_2020,3,普通高中英语课程标准（2017年版2020年修订）附录2词汇表；*为必修新增，**为选择性必修新增。
eve,,,,gaokao-english,official_curriculum_2020,2,普通高中英语课程标准（2017年版2020年修订）附录2词汇表；*为必修新增，**为选择性必修新增。
even,,,,gaokao-english,official_curriculum_2020,1,普通高中英语课程标准（2017年版2020年修订）附录2词汇表；*为必修新增，**为选择性必修新增。
evening,,,,gaokao-english,official_curriculum_2020,1,普通高中英语课程标准（2017年版2020年修订）附录2词汇表；*为必修新增，**为选择性必修新增。
event,,,,gaokao-english,official_curriculum_2020,2,普通高中英语课程标准（2017年版2020年修订）附录2词汇表；*为必修新增，**为选择性必修新增。
eventually,,,,gaokao-english,official_curriculum_2020,2,普通高中英语课程标准（2017年版2020年修订）附录2词汇表；*为必修新增，**为选择性必修新增。
ever,,,,gaokao-english,official_curriculum_2020,1,普通高中英语课程标准（2017年版2020年修订）附录2词汇表；*为必修新增，**为选择性必修新增。
every,,,,gaokao-english,official_curriculum_2020,1,普通高中英语课程标准（2017年版2020年修订）附录2词汇表；*为必修新增，**为选择性必修新增。
everybody,,,,gaokao-english,official_curriculum_2020,1,普通高中英语课程标准（2017年版2020年修订）附录2词汇表；*为必修新增，**为选择性必修新增。
everyday,,,,gaokao-english,official_curriculum_2020,1,普通高中英语课程标准（2017年版2020年修订）附录2词汇表；*为必修新增，**为选择性必修新增。
everyone,,,,gaokao-english,official_curriculum_2020,1,普通高中英语课程标准（2017年版2020年修订）附录2词汇表；*为必修新增，**为选择性必修新增。
everything,,,,gaokao-english,official_curriculum_2020,1,普通高中英语课程标准（2017年版2020年修订）附录2词汇表；*为必修新增，**为选择性必修新增。
everywhere,,,,gaokao-english,official_curriculum_2020,1,普通高中英语课程标准（2017年版2020年修订）附录2词汇表；*为必修新增，**为选择性必修新增。
evidence,,,,gaokao-english,official_curriculum_2020,3,普通高中英语课程标准（2017年版2020年修订）附录2词汇表；*为必修新增，**为选择性必修新增。
exactly,,,,gaokao-english,official_curriculum_2020,1,普通高中英语课程标准（2017年版2020年修订）附录2词汇表；*为必修新增，**为选择性必修新增。
exam (examination),,,,gaokao-english,official_curriculum_2020,1,普通高中英语课程标准（2017年版2020年修订）附录2词汇表；*为必修新增，**为选择性必修新增。
examine,,,,gaokao-english,official_curriculum_2020,3,普通高中英语课程标准（2017年版2020年修订）附录2词汇表；*为必修新增，**为选择性必修新增。
example,,,,gaokao-english,official_curriculum_2020,1,普通高中英语课程标准（2017年版2020年修订）附录2词汇表；*为必修新增，**为选择性必修新增。
excellent,,,,gaokao-english,official_curriculum_2020,1,普通高中英语课程标准（2017年版2020年修订）附录2词汇表；*为必修新增，**为选择性必修新增。
except,,,,gaokao-english,official_curriculum_2020,1,普通高中英语课程标准（2017年版2020年修订）附录2词汇表；*为必修新增，**为选择性必修新增。
exceptional,,,,gaokao-english,official_curriculum_2020,3,普通高中英语课程标准（2017年版2020年修订）附录2词汇表；*为必修新增，**为选择性必修新增。
exchange,,,,gaokao-english,official_curriculum_2020,2,普通高中英语课程标准（2017年版2020年修订）附录2词汇表；*为必修新增，**为选择性必修新增。
excited,,,,gaokao-english,official_curriculum_2020,1,普通高中英语课程标准（2017年版2020年修订）附录2词汇表；*为必修新增，**为选择性必修新增。
exciting,,,,gaokao-english,official_curriculum_2020,1,普通高中英语课程标准（2017年版2020年修订）附录2词汇表；*为必修新增，**为选择性必修新增。
excuse,,,,gaokao-english,official_curriculum_2020,1,普通高中英语课程标准（2017年版2020年修订）附录2词汇表；*为必修新增，**为选择性必修新增。
exercise,,,,gaokao-english,official_curriculum_2020,1,普通高中英语课程标准（2017年版2020年修订）附录2词汇表；*为必修新增，**为选择性必修新增。
exhibition,,,,gaokao-english,official_curriculum_2020,3,普通高中英语课程标准（2017年版2020年修订）附录2词汇表；*为必修新增，**为选择性必修新增。
exist,,,,gaokao-english,official_curriculum_2020,2,普通高中英语课程标准（2017年版2020年修订）附录2词汇表；*为必修新增，**为选择性必修新增。
exit,,,,gaokao-english,official_curriculum_2020,2,普通高中英语课程标准（2017年版2020年修订）附录2词汇表；*为必修新增，**为选择性必修新增。
expand,,,,gaokao-english,official_curriculum_2020,3,普通高中英语课程标准（2017年版2020年修订）附录2词汇表；*为必修新增，**为选择性必修新增。
expansion,,,,gaokao-english,official_curriculum_2020,3,普通高中英语课程标准（2017年版2020年修订）附录2词汇表；*为必修新增，**为选择性必修新增。
expect,,,,gaokao-english,official_curriculum_2020,1,普通高中英语课程标准（2017年版2020年修订）附录2词汇表；*为必修新增，**为选择性必修新增。
expectation,,,,gaokao-english,official_curriculum_2020,3,普通高中英语课程标准（2017年版2020年修订）附录2词汇表；*为必修新增，**为选择性必修新增。
expense,,,,gaokao-english,official_curriculum_2020,3,普通高中英语课程标准（2017年版2020年修订）附录2词汇表；*为必修新增，**为选择性必修新增。
expensive,,,,gaokao-english,official_curriculum_2020,1,普通高中英语课程标准（2017年版2020年修订）附录2词汇表；*为必修新增，**为选择性必修新增。
experience,,,,gaokao-english,official_curriculum_2020,1,普通高中英语课程标准（2017年版2020年修订）附录2词汇表；*为必修新增，**为选择性必修新增。
experiment,,,,gaokao-english,official_curriculum_2020,2,普通高中英语课程标准（2017年版2020年修订）附录2词汇表；*为必修新增，**为选择性必修新增。
expert,,,,gaokao-english,official_curriculum_2020,2,普通高中英语课程标准（2017年版2020年修订）附录2词汇表；*为必修新增，**为选择性必修新增。
explain,,,,gaokao-english,official_curriculum_2020,1,普通高中英语课程标准（2017年版2020年修订）附录2词汇表；*为必修新增，**为选择性必修新增。
explode,,,,gaokao-english,official_curriculum_2020,3,普通高中英语课程标准（2017年版2020年修订）附录2词汇表；*为必修新增，**为选择性必修新增。
explore,,,,gaokao-english,official_curriculum_2020,2,普通高中英语课程标准（2017年版2020年修订）附录2词汇表；*为必修新增，**为选择性必修新增。
export,,,,gaokao-english,official_curriculum_2020,2,普通高中英语课程标准（2017年版2020年修订）附录2词汇表；*为必修新增，**为选择性必修新增。
expose,,,,gaokao-english,official_curriculum_2020,3,普通高中英语课程标准（2017年版2020年修订）附录2词汇表；*为必修新增，**为选择性必修新增。
exposure,,,,gaokao-english,official_curriculum_2020,3,普通高中英语课程标准（2017年版2020年修订）附录2词汇表；*为必修新增，**为选择性必修新增。
express,,,,gaokao-english,official_curriculum_2020,1,普通高中英语课程标准（2017年版2020年修订）附录2词汇表；*为必修新增，**为选择性必修新增。
extend,,,,gaokao-english,official_curriculum_2020,3,普通高中英语课程标准（2017年版2020年修订）附录2词汇表；*为必修新增，**为选择性必修新增。
extension,,,,gaokao-english,official_curriculum_2020,3,普通高中英语课程标准（2017年版2020年修订）附录2词汇表；*为必修新增，**为选择性必修新增。
extent,,,,gaokao-english,official_curriculum_2020,2,普通高中英语课程标准（2017年版2020年修订）附录2词汇表；*为必修新增，**为选择性必修新增。
external,,,,gaokao-english,official_curriculum_2020,2,普通高中英语课程标准（2017年版2020年修订）附录2词汇表；*为必修新增，**为选择性必修新增。
extinction,,,,gaokao-english,official_curriculum_2020,2,普通高中英语课程标准（2017年版2020年修订）附录2词汇表；*为必修新增，**为选择性必修新增。
extra,,,,gaokao-english,official_curriculum_2020,2,普通高中英语课程标准（2017年版2020年修订）附录2词汇表；*为必修新增，**为选择性必修新增。
extraordinary,,,,gaokao-english,official_curriculum_2020,3,普通高中英语课程标准（2017年版2020年修订）附录2词汇表；*为必修新增，**为选择性必修新增。
extremely,,,,gaokao-english,official_curriculum_2020,2,普通高中英语课程标准（2017年版2020年修订）附录2词汇表；*为必修新增，**为选择性必修新增。
eye,,,,gaokao-english,official_curriculum_2020,1,普通高中英语课程标准（2017年版2020年修订）附录2词汇表；*为必修新增，**为选择性必修新增。
fabric,,,,gaokao-english,official_curriculum_2020,3,普通高中英语课程标准（2017年版2020年修订）附录2词汇表；*为必修新增，**为选择性必修新增。
face,,,,gaokao-english,official_curriculum_2020,1,普通高中英语课程标准（2017年版2020年修订）附录2词汇表；*为必修新增，**为选择性必修新增。
facilitate,,,,gaokao-english,official_curriculum_2020,3,普通高中英语课程标准（2017年版2020年修订）附录2词汇表；*为必修新增，**为选择性必修新增。
facility,,,,gaokao-english,official_curriculum_2020,2,普通高中英语课程标准（2017年版2020年修订）附录2词汇表；*为必修新增，**为选择性必修新增。
fact,,,,gaokao-english,official_curriculum_2020,1,普通高中英语课程标准（2017年版2020年修订）附录2词汇表；*为必修新增，**为选择性必修新增。
factor,,,,gaokao-english,official_curriculum_2020,2,普通高中英语课程标准（2017年版2020年修订）附录2词汇表；*为必修新增，**为选择性必修新增。
factory,,,,gaokao-english,official_curriculum_2020,1,普通高中英语课程标准（2017年版2020年修订）附录2词汇表；*为必修新增，**为选择性必修新增。
fail,,,,gaokao-english,official_curriculum_2020,1,普通高中英语课程标准（2017年版2020年修订）附录2词汇表；*为必修新增，**为选择性必修新增。
failure,,,,gaokao-english,official_curriculum_2020,2,普通高中英语课程标准（2017年版2020年修订）附录2词汇表；*为必修新增，**为选择性必修新增。
fair,,,,gaokao-english,official_curriculum_2020,1,普通高中英语课程标准（2017年版2020年修订）附录2词汇表；*为必修新增，**为选择性必修新增。
faith,,,,gaokao-english,official_curriculum_2020,3,普通高中英语课程标准（2017年版2020年修订）附录2词汇表；*为必修新增，**为选择性必修新增。
fall,,,,gaokao-english,official_curriculum_2020,1,普通高中英语课程标准（2017年版2020年修订）附录2词汇表；*为必修新增，**为选择性必修新增。
false,,,,gaokao-english,official_curriculum_2020,3,普通高中英语课程标准（2017年版2020年修订）附录2词汇表；*为必修新增，**为选择性必修新增。
familiar,,,,gaokao-english,official_curriculum_2020,2,普通高中英语课程标准（2017年版2020年修订）附录2词汇表；*为必修新增，**为选择性必修新增。
family,,,,gaokao-english,official_curriculum_2020,1,普通高中英语课程标准（2017年版2020年修订）附录2词汇表；*为必修新增，**为选择性必修新增。
famous,,,,gaokao-english,official_curriculum_2020,1,普通高中英语课程标准（2017年版2020年修订）附录2词汇表；*为必修新增，**为选择性必修新增。
fan,,,,gaokao-english,official_curriculum_2020,1,普通高中英语课程标准（2017年版2020年修订）附录2词汇表；*为必修新增，**为选择性必修新增。
fancy,,,,gaokao-english,official_curriculum_2020,2,普通高中英语课程标准（2017年版2020年修订）附录2词汇表；*为必修新增，**为选择性必修新增。
fantastic,,,,gaokao-english,official_curriculum_2020,1,普通高中英语课程标准（2017年版2020年修订）附录2词汇表；*为必修新增，**为选择性必修新增。
fantasy,,,,gaokao-english,official_curriculum_2020,3,普通高中英语课程标准（2017年版2020年修订）附录2词汇表；*为必修新增，**为选择性必修新增。
far,,,,gaokao-english,official_curriculum_2020,1,普通高中英语课程标准（2017年版2020年修订）附录2词汇表；*为必修新增，**为选择性必修新增。
farm,,,,gaokao-english,official_curriculum_2020,1,普通高中英语课程标准（2017年版2020年修订）附录2词汇表；*为必修新增，**为选择性必修新增。
farmer,,,,gaokao-english,official_curriculum_2020,1,普通高中英语课程标准（2017年版2020年修订）附录2词汇表；*为必修新增，**为选择性必修新增。
fashion,,,,gaokao-english,official_curriculum_2020,3,普通高中英语课程标准（2017年版2020年修订）附录2词汇表；*为必修新增，**为选择性必修新增。
fast,,,,gaokao-english,official_curriculum_2020,1,普通高中英语课程标准（2017年版2020年修订）附录2词汇表；*为必修新增，**为选择性必修新增。
fat,,,,gaokao-english,official_curriculum_2020,1,普通高中英语课程标准（2017年版2020年修订）附录2词汇表；*为必修新增，**为选择性必修新增。
father (dad),,,,gaokao-english,official_curriculum_2020,1,普通高中英语课程标准（2017年版2020年修订）附录2词汇表；*为必修新增，**为选择性必修新增。
fault,,,,gaokao-english,official_curriculum_2020,3,普通高中英语课程标准（2017年版2020年修订）附录2词汇表；*为必修新增，**为选择性必修新增。
favour (favor),,,,gaokao-english,official_curriculum_2020,3,普通高中英语课程标准（2017年版2020年修订）附录2词汇表；*为必修新增，**为选择性必修新增。
favourite (favorite),,,,gaokao-english,official_curriculum_2020,1,普通高中英语课程标准（2017年版2020年修订）附录2词汇表；*为必修新增，**为选择性必修新增。
fear,,,,gaokao-english,official_curriculum_2020,1,普通高中英语课程标准（2017年版2020年修订）附录2词汇表；*为必修新增，**为选择性必修新增。
feature,,,,gaokao-english,official_curriculum_2020,2,普通高中英语课程标准（2017年版2020年修订）附录2词汇表；*为必修新增，**为选择性必修新增。
February,,,,gaokao-english,official_curriculum_2020,1,普通高中英语课程标准（2017年版2020年修订）附录2词汇表；*为必修新增，**为选择性必修新增。
fee,,,,gaokao-english,official_curriculum_2020,3,普通高中英语课程标准（2017年版2020年修订）附录2词汇表；*为必修新增，**为选择性必修新增。
feed,,,,gaokao-english,official_curriculum_2020,1,普通高中英语课程标准（2017年版2020年修订）附录2词汇表；*为必修新增，**为选择性必修新增。
feel,,,,gaokao-english,official_curriculum_2020,1,普通高中英语课程标准（2017年版2020年修订）附录2词汇表；*为必修新增，**为选择性必修新增。
feeling,,,,gaokao-english,official_curriculum_2020,1,普通高中英语课程标准（2017年版2020年修订）附录2词汇表；*为必修新增，**为选择性必修新增。
fellow,,,,gaokao-english,official_curriculum_2020,3,普通高中英语课程标准（2017年版2020年修订）附录2词汇表；*为必修新增，**为选择性必修新增。
female,,,,gaokao-english,official_curriculum_2020,2,普通高中英语课程标准（2017年版2020年修订）附录2词汇表；*为必修新增，**为选择性必修新增。
fence,,,,gaokao-english,official_curriculum_2020,3,普通高中英语课程标准（2017年版2020年修订）附录2词汇表；*为必修新增，**为选择性必修新增。
festival,,,,gaokao-english,official_curriculum_2020,1,普通高中英语课程标准（2017年版2020年修订）附录2词汇表；*为必修新增，**为选择性必修新增。
fetch,,,,gaokao-english,official_curriculum_2020,3,普通高中英语课程标准（2017年版2020年修订）附录2词汇表；*为必修新增，**为选择性必修新增。
fever,,,,gaokao-english,official_curriculum_2020,1,普通高中英语课程标准（2017年版2020年修订）附录2词汇表；*为必修新增，**为选择性必修新增。
few,,,,gaokao-english,official_curriculum_2020,1,普通高中英语课程标准（2017年版2020年修订）附录2词汇表；*为必修新增，**为选择性必修新增。
fibre (fiber),,,,gaokao-english,official_curriculum_2020,3,普通高中英语课程标准（2017年版2020年修订）附录2词汇表；*为必修新增，**为选择性必修新增。
fiction,,,,gaokao-english,official_curriculum_2020,3,普通高中英语课程标准（2017年版2020年修订）附录2词汇表；*为必修新增，**为选择性必修新增。
field,,,,gaokao-english,official_curriculum_2020,1,普通高中英语课程标准（2017年版2020年修订）附录2词汇表；*为必修新增，**为选择性必修新增。
fifteen,,,,gaokao-english,official_curriculum_2020,1,普通高中英语课程标准（2017年版2020年修订）附录2词汇表；*为必修新增，**为选择性必修新增。
fifth,,,,gaokao-english,official_curriculum_2020,1,普通高中英语课程标准（2017年版2020年修订）附录2词汇表；*为必修新增，**为选择性必修新增。
fifty,,,,gaokao-english,official_curriculum_2020,1,普通高中英语课程标准（2017年版2020年修订）附录2词汇表；*为必修新增，**为选择性必修新增。
fight,,,,gaokao-english,official_curriculum_2020,1,普通高中英语课程标准（2017年版2020年修订）附录2词汇表；*为必修新增，**为选择性必修新增。
figure,,,,gaokao-english,official_curriculum_2020,2,普通高中英语课程标准（2017年版2020年修订）附录2词汇表；*为必修新增，**为选择性必修新增。
file,,,,gaokao-english,official_curriculum_2020,2,普通高中英语课程标准（2017年版2020年修订）附录2词汇表；*为必修新增，**为选择性必修新增。
fill,,,,gaokao-english,official_curriculum_2020,1,普通高中英语课程标准（2017年版2020年修订）附录2词汇表；*为必修新增，**为选择性必修新增。
film,,,,gaokao-english,official_curriculum_2020,1,普通高中英语课程标准（2017年版2020年修订）附录2词汇表；*为必修新增，**为选择性必修新增。
finally,,,,gaokao-english,official_curriculum_2020,1,普通高中英语课程标准（2017年版2020年修订）附录2词汇表；*为必修新增，**为选择性必修新增。
finance,,,,gaokao-english,official_curriculum_2020,3,普通高中英语课程标准（2017年版2020年修订）附录2词汇表；*为必修新增，**为选择性必修新增。
financial,,,,gaokao-english,official_curriculum_2020,3,普通高中英语课程标准（2017年版2020年修订）附录2词汇表；*为必修新增，**为选择性必修新增。
find,,,,gaokao-english,official_curriculum_2020,1,普通高中英语课程标准（2017年版2020年修订）附录2词汇表；*为必修新增，**为选择性必修新增。
finding,,,,gaokao-english,official_curriculum_2020,3,普通高中英语课程标准（2017年版2020年修订）附录2词汇表；*为必修新增，**为选择性必修新增。
fine,,,,gaokao-english,official_curriculum_2020,1,普通高中英语课程标准（2017年版2020年修订）附录2词汇表；*为必修新增，**为选择性必修新增。
finger,,,,gaokao-english,official_curriculum_2020,1,普通高中英语课程标准（2017年版2020年修订）附录2词汇表；*为必修新增，**为选择性必修新增。
finish,,,,gaokao-english,official_curriculum_2020,1,普通高中英语课程标准（2017年版2020年修订）附录2词汇表；*为必修新增，**为选择性必修新增。
fire,,,,gaokao-english,official_curriculum_2020,1,普通高中英语课程标准（2017年版2020年修订）附录2词汇表；*为必修新增，**为选择性必修新增。
firm,,,,gaokao-english,official_curriculum_2020,3,普通高中英语课程标准（2017年版2020年修订）附录2词汇表；*为必修新增，**为选择性必修新增。
first,,,,gaokao-english,official_curriculum_2020,1,普通高中英语课程标准（2017年版2020年修订）附录2词汇表；*为必修新增，**为选择性必修新增。
fish,,,,gaokao-english,official_curriculum_2020,1,普通高中英语课程标准（2017年版2020年修订）附录2词汇表；*为必修新增，**为选择性必修新增。
fisherman,,,,gaokao-english,official_curriculum_2020,1,普通高中英语课程标准（2017年版2020年修订）附录2词汇表；*为必修新增，**为选择性必修新增。
fist,,,,gaokao-english,official_curriculum_2020,3,普通高中英语课程标准（2017年版2020年修订）附录2词汇表；*为必修新增，**为选择性必修新增。
fit,,,,gaokao-english,official_curriculum_2020,1,普通高中英语课程标准（2017年版2020年修订）附录2词汇表；*为必修新增，**为选择性必修新增。
five,,,,gaokao-english,official_curriculum_2020,1,普通高中英语课程标准（2017年版2020年修订）附录2词汇表；*为必修新增，**为选择性必修新增。
fix,,,,gaokao-english,official_curriculum_2020,1,普通高中英语课程标准（2017年版2020年修订）附录2词汇表；*为必修新增，**为选择性必修新增。
flag,,,,gaokao-english,official_curriculum_2020,1,普通高中英语课程标准（2017年版2020年修订）附录2词汇表；*为必修新增，**为选择性必修新增。
flash,,,,gaokao-english,official_curriculum_2020,2,普通高中英语课程标准（2017年版2020年修订）附录2词汇表；*为必修新增，**为选择性必修新增。
flat,,,,gaokao-english,official_curriculum_2020,2,普通高中英语课程标准（2017年版2020年修订）附录2词汇表；*为必修新增，**为选择性必修新增。
flavour (flavor),,,,gaokao-english,official_curriculum_2020,3,普通高中英语课程标准（2017年版2020年修订）附录2词汇表；*为必修新增，**为选择性必修新增。
flexible,,,,gaokao-english,official_curriculum_2020,2,普通高中英语课程标准（2017年版2020年修订）附录2词汇表；*为必修新增，**为选择性必修新增。
flight,,,,gaokao-english,official_curriculum_2020,2,普通高中英语课程标准（2017年版2020年修订）附录2词汇表；*为必修新增，**为选择性必修新增。
flood,,,,gaokao-english,official_curriculum_2020,2,普通高中英语课程标准（2017年版2020年修订）附录2词汇表；*为必修新增，**为选择性必修新增。
floor,,,,gaokao-english,official_curriculum_2020,1,普通高中英语课程标准（2017年版2020年修订）附录2词汇表；*为必修新增，**为选择性必修新增。
flour,,,,gaokao-english,official_curriculum_2020,3,普通高中英语课程标准（2017年版2020年修订）附录2词汇表；*为必修新增，**为选择性必修新增。
flow,,,,gaokao-english,official_curriculum_2020,3,普通高中英语课程标准（2017年版2020年修订）附录2词汇表；*为必修新增，**为选择性必修新增。
flower,,,,gaokao-english,official_curriculum_2020,1,普通高中英语课程标准（2017年版2020年修订）附录2词汇表；*为必修新增，**为选择性必修新增。
flu,,,,gaokao-english,official_curriculum_2020,3,普通高中英语课程标准（2017年版2020年修订）附录2词汇表；*为必修新增，**为选择性必修新增。
fluent,,,,gaokao-english,official_curriculum_2020,3,普通高中英语课程标准（2017年版2020年修订）附录2词汇表；*为必修新增，**为选择性必修新增。
fly,,,,gaokao-english,official_curriculum_2020,1,普通高中英语课程标准（2017年版2020年修订）附录2词汇表；*为必修新增，**为选择性必修新增。
focus,,,,gaokao-english,official_curriculum_2020,2,普通高中英语课程标准（2017年版2020年修订）附录2词汇表；*为必修新增，**为选择性必修新增。
foggy,,,,gaokao-english,official_curriculum_2020,3,普通高中英语课程标准（2017年版2020年修订）附录2词汇表；*为必修新增，**为选择性必修新增。
fold,,,,gaokao-english,official_curriculum_2020,3,普通高中英语课程标准（2017年版2020年修订）附录2词汇表；*为必修新增，**为选择性必修新增。
folk,,,,gaokao-english,official_curriculum_2020,3,普通高中英语课程标准（2017年版2020年修订）附录2词汇表；*为必修新增，**为选择性必修新增。
follow,,,,gaokao-english,official_curriculum_2020,1,普通高中英语课程标准（2017年版2020年修订）附录2词汇表；*为必修新增，**为选择性必修新增。
fond,,,,gaokao-english,official_curriculum_2020,3,普通高中英语课程标准（2017年版2020年修订）附录2词汇表；*为必修新增，**为选择性必修新增。
food,,,,gaokao-english,official_curriculum_2020,1,普通高中英语课程标准（2017年版2020年修订）附录2词汇表；*为必修新增，**为选择性必修新增。
foot (pl. feet),,,,gaokao-english,official_curriculum_2020,1,普通高中英语课程标准（2017年版2020年修订）附录2词汇表；*为必修新增，**为选择性必修新增。
football,,,,gaokao-english,official_curriculum_2020,1,普通高中英语课程标准（2017年版2020年修订）附录2词汇表；*为必修新增，**为选择性必修新增。
for,,,,gaokao-english,official_curriculum_2020,1,普通高中英语课程标准（2017年版2020年修订）附录2词汇表；*为必修新增，**为选择性必修新增。
force,,,,gaokao-english,official_curriculum_2020,1,普通高中英语课程标准（2017年版2020年修订）附录2词汇表；*为必修新增，**为选择性必修新增。
forecast,,,,gaokao-english,official_curriculum_2020,3,普通高中英语课程标准（2017年版2020年修订）附录2词汇表；*为必修新增，**为选择性必修新增。
forehead,,,,gaokao-english,official_curriculum_2020,3,普通高中英语课程标准（2017年版2020年修订）附录2词汇表；*为必修新增，**为选择性必修新增。
foreign,,,,gaokao-english,official_curriculum_2020,1,普通高中英语课程标准（2017年版2020年修订）附录2词汇表；*为必修新增，**为选择性必修新增。
forest,,,,gaokao-english,official_curriculum_2020,1,普通高中英语课程标准（2017年版2020年修订）附录2词汇表；*为必修新增，**为选择性必修新增。
forever,,,,gaokao-english,official_curriculum_2020,3,普通高中英语课程标准（2017年版2020年修订）附录2词汇表；*为必修新增，**为选择性必修新增。
forget,,,,gaokao-english,official_curriculum_2020,1,普通高中英语课程标准（2017年版2020年修订）附录2词汇表；*为必修新增，**为选择性必修新增。
forgive,,,,gaokao-english,official_curriculum_2020,3,普通高中英语课程标准（2017年版2020年修订）附录2词汇表；*为必修新增，**为选择性必修新增。
fork,,,,gaokao-english,official_curriculum_2020,1,普通高中英语课程标准（2017年版2020年修订）附录2词汇表；*为必修新增，**为选择性必修新增。
form,,,,gaokao-english,official_curriculum_2020,1,普通高中英语课程标准（2017年版2020年修订）附录2词汇表；*为必修新增，**为选择性必修新增。
formal,,,,gaokao-english,official_curriculum_2020,2,普通高中英语课程标准（2017年版2020年修订）附录2词汇表；*为必修新增，**为选择性必修新增。
format,,,,gaokao-english,official_curriculum_2020,3,普通高中英语课程标准（2017年版2020年修订）附录2词汇表；*为必修新增，**为选择性必修新增。
former,,,,gaokao-english,official_curriculum_2020,2,普通高中英语课程标准（2017年版2020年修订）附录2词汇表；*为必修新增，**为选择性必修新增。
fortunately,,,,gaokao-english,official_curriculum_2020,2,普通高中英语课程标准（2017年版2020年修订）附录2词汇表；*为必修新增，**为选择性必修新增。
forty,,,,gaokao-english,official_curriculum_2020,1,普通高中英语课程标准（2017年版2020年修订）附录2词汇表；*为必修新增，**为选择性必修新增。
forward,,,,gaokao-english,official_curriculum_2020,2,普通高中英语课程标准（2017年版2020年修订）附录2词汇表；*为必修新增，**为选择性必修新增。
found,,,,gaokao-english,official_curriculum_2020,3,普通高中英语课程标准（2017年版2020年修订）附录2词汇表；*为必修新增，**为选择性必修新增。
foundation,,,,gaokao-english,official_curriculum_2020,3,普通高中英语课程标准（2017年版2020年修订）附录2词汇表；*为必修新增，**为选择性必修新增。
fountain,,,,gaokao-english,official_curriculum_2020,3,普通高中英语课程标准（2017年版2020年修订）附录2词汇表；*为必修新增，**为选择性必修新增。
four,,,,gaokao-english,official_curriculum_2020,1,普通高中英语课程标准（2017年版2020年修订）附录2词汇表；*为必修新增，**为选择性必修新增。
fourteen,,,,gaokao-english,official_curriculum_2020,1,普通高中英语课程标准（2017年版2020年修订）附录2词汇表；*为必修新增，**为选择性必修新增。
fourth,,,,gaokao-english,official_curriculum_2020,1,普通高中英语课程标准（2017年版2020年修订）附录2词汇表；*为必修新增，**为选择性必修新增。
fox,,,,gaokao-english,official_curriculum_2020,3,普通高中英语课程标准（2017年版2020年修订）附录2词汇表；*为必修新增，**为选择性必修新增。
France,,,,gaokao-english,official_curriculum_2020,1,普通高中英语课程标准（2017年版2020年修订）附录2词汇表；*为必修新增，**为选择性必修新增。
frank,,,,gaokao-english,official_curriculum_2020,2,普通高中英语课程标准（2017年版2020年修订）附录2词汇表；*为必修新增，**为选择性必修新增。
free,,,,gaokao-english,official_curriculum_2020,1,普通高中英语课程标准（2017年版2020年修订）附录2词汇表；*为必修新增，**为选择性必修新增。
freedom,,,,gaokao-english,official_curriculum_2020,3,普通高中英语课程标准（2017年版2020年修订）附录2词汇表；*为必修新增，**为选择性必修新增。
freeze,,,,gaokao-english,official_curriculum_2020,3,普通高中英语课程标准（2017年版2020年修订）附录2词汇表；*为必修新增，**为选择性必修新增。
French,,,,gaokao-english,official_curriculum_2020,1,普通高中英语课程标准（2017年版2020年修订）附录2词汇表；*为必修新增，**为选择性必修新增。
frequency,,,,gaokao-english,official_curriculum_2020,3,普通高中英语课程标准（2017年版2020年修订）附录2词汇表；*为必修新增，**为选择性必修新增。
frequently,,,,gaokao-english,official_curriculum_2020,2,普通高中英语课程标准（2017年版2020年修订）附录2词汇表；*为必修新增，**为选择性必修新增。
fresh,,,,gaokao-english,official_curriculum_2020,1,普通高中英语课程标准（2017年版2020年修订）附录2词汇表；*为必修新增，**为选择性必修新增。
friction,,,,gaokao-english,official_curriculum_2020,3,普通高中英语课程标准（2017年版2020年修订）附录2词汇表；*为必修新增，**为选择性必修新增。
Friday,,,,gaokao-english,official_curriculum_2020,1,普通高中英语课程标准（2017年版2020年修订）附录2词汇表；*为必修新增，**为选择性必修新增。
fridge (refrigerator),,,,gaokao-english,official_curriculum_2020,1,普通高中英语课程标准（2017年版2020年修订）附录2词汇表；*为必修新增，**为选择性必修新增。
friend,,,,gaokao-english,official_curriculum_2020,1,普通高中英语课程标准（2017年版2020年修订）附录2词汇表；*为必修新增，**为选择性必修新增。
friendly,,,,gaokao-english,official_curriculum_2020,1,普通高中英语课程标准（2017年版2020年修订）附录2词汇表；*为必修新增，**为选择性必修新增。
friendship,,,,gaokao-english,official_curriculum_2020,1,普通高中英语课程标准（2017年版2020年修订）附录2词汇表；*为必修新增，**为选择性必修新增。
frightened,,,,gaokao-english,official_curriculum_2020,2,普通高中英语课程标准（2017年版2020年修订）附录2词汇表；*为必修新增，**为选择性必修新增。
frog,,,,gaokao-english,official_curriculum_2020,3,普通高中英语课程标准（2017年版2020年修订）附录2词汇表；*为必修新增，**为选择性必修新增。
from,,,,gaokao-english,official_curriculum_2020,1,普通高中英语课程标准（2017年版2020年修订）附录2词汇表；*为必修新增，**为选择性必修新增。
front,,,,gaokao-english,official_curriculum_2020,1,普通高中英语课程标准（2017年版2020年修订）附录2词汇表；*为必修新增，**为选择性必修新增。
frontier,,,,gaokao-english,official_curriculum_2020,3,普通高中英语课程标准（2017年版2020年修订）附录2词汇表；*为必修新增，**为选择性必修新增。
frost,,,,gaokao-english,official_curriculum_2020,3,普通高中英语课程标准（2017年版2020年修订）附录2词汇表；*为必修新增，**为选择性必修新增。
fruit,,,,gaokao-english,official_curriculum_2020,1,普通高中英语课程标准（2017年版2020年修订）附录2词汇表；*为必修新增，**为选择性必修新增。
fry,,,,gaokao-english,official_curriculum_2020,3,普通高中英语课程标准（2017年版2020年修订）附录2词汇表；*为必修新增，**为选择性必修新增。
fuel,,,,gaokao-english,official_curriculum_2020,3,普通高中英语课程标准（2017年版2020年修订）附录2词汇表；*为必修新增，**为选择性必修新增。
full,,,,gaokao-english,official_curriculum_2020,1,普通高中英语课程标准（2017年版2020年修订）附录2词汇表；*为必修新增，**为选择性必修新增。
fun,,,,gaokao-english,official_curriculum_2020,1,普通高中英语课程标准（2017年版2020年修订）附录2词汇表；*为必修新增，**为选择性必修新增。
function,,,,gaokao-english,official_curriculum_2020,2,普通高中英语课程标准（2017年版2020年修订）附录2词汇表；*为必修新增，**为选择性必修新增。
fund,,,,gaokao-english,official_curriculum_2020,2,普通高中英语课程标准（2017年版2020年修订）附录2词汇表；*为必修新增，**为选择性必修新增。
fundamental,,,,gaokao-english,official_curriculum_2020,3,普通高中英语课程标准（2017年版2020年修订）附录2词汇表；*为必修新增，**为选择性必修新增。
funny,,,,gaokao-english,official_curriculum_2020,1,普通高中英语课程标准（2017年版2020年修订）附录2词汇表；*为必修新增，**为选择性必修新增。
furniture,,,,gaokao-english,official_curriculum_2020,3,普通高中英语课程标准（2017年版2020年修订）附录2词汇表；*为必修新增，**为选择性必修新增。
further,,,,gaokao-english,official_curriculum_2020,2,普通高中英语课程标准（2017年版2020年修订）附录2词汇表；*为必修新增，**为选择性必修新增。
future,,,,gaokao-english,official_curriculum_2020,1,普通高中英语课程标准（2017年版2020年修订）附录2词汇表；*为必修新增，**为选择性必修新增。
gain,,,,gaokao-english,official_curriculum_2020,3,普通高中英语课程标准（2017年版2020年修订）附录2词汇表；*为必修新增，**为选择性必修新增。
gallery,,,,gaokao-english,official_curriculum_2020,3,普通高中英语课程标准（2017年版2020年修订）附录2词汇表；*为必修新增，**为选择性必修新增。
game,,,,gaokao-english,official_curriculum_2020,1,普通高中英语课程标准（2017年版2020年修订）附录2词汇表；*为必修新增，**为选择性必修新增。
gap,,,,gaokao-english,official_curriculum_2020,2,普通高中英语课程标准（2017年版2020年修订）附录2词汇表；*为必修新增，**为选择性必修新增。
garbage,,,,gaokao-english,official_curriculum_2020,3,普通高中英语课程标准（2017年版2020年修订）附录2词汇表；*为必修新增，**为选择性必修新增。
garden,,,,gaokao-english,official_curriculum_2020,1,普通高中英语课程标准（2017年版2020年修订）附录2词汇表；*为必修新增，**为选择性必修新增。
garlic,,,,gaokao-english,official_curriculum_2020,3,普通高中英语课程标准（2017年版2020年修订）附录2词汇表；*为必修新增，**为选择性必修新增。
gas,,,,gaokao-english,official_curriculum_2020,2,普通高中英语课程标准（2017年版2020年修订）附录2词汇表；*为必修新增，**为选择性必修新增。
gate,,,,gaokao-english,official_curriculum_2020,1,普通高中英语课程标准（2017年版2020年修订）附录2词汇表；*为必修新增，**为选择性必修新增。
gather,,,,gaokao-english,official_curriculum_2020,2,普通高中英语课程标准（2017年版2020年修订）附录2词汇表；*为必修新增，**为选择性必修新增。
gender,,,,gaokao-english,official_curriculum_2020,3,普通高中英语课程标准（2017年版2020年修订）附录2词汇表；*为必修新增，**为选择性必修新增。
general,,,,gaokao-english,official_curriculum_2020,1,普通高中英语课程标准（2017年版2020年修订）附录2词汇表；*为必修新增，**为选择性必修新增。
generate,,,,gaokao-english,official_curriculum_2020,3,普通高中英语课程标准（2017年版2020年修订）附录2词汇表；*为必修新增，**为选择性必修新增。
generation,,,,gaokao-english,official_curriculum_2020,2,普通高中英语课程标准（2017年版2020年修订）附录2词汇表；*为必修新增，**为选择性必修新增。
generous,,,,gaokao-english,official_curriculum_2020,2,普通高中英语课程标准（2017年版2020年修订）附录2词汇表；*为必修新增，**为选择性必修新增。
genius,,,,gaokao-english,official_curriculum_2020,3,普通高中英语课程标准（2017年版2020年修订）附录2词汇表；*为必修新增，**为选择性必修新增。
gentle,,,,gaokao-english,official_curriculum_2020,3,普通高中英语课程标准（2017年版2020年修订）附录2词汇表；*为必修新增，**为选择性必修新增。
gentleman,,,,gaokao-english,official_curriculum_2020,1,普通高中英语课程标准（2017年版2020年修订）附录2词汇表；*为必修新增，**为选择性必修新增。
genuine,,,,gaokao-english,official_curriculum_2020,3,普通高中英语课程标准（2017年版2020年修订）附录2词汇表；*为必修新增，**为选择性必修新增。
geography,,,,gaokao-english,official_curriculum_2020,1,普通高中英语课程标准（2017年版2020年修订）附录2词汇表；*为必修新增，**为选择性必修新增。
geometry,,,,gaokao-english,official_curriculum_2020,3,普通高中英语课程标准（2017年版2020年修订）附录2词汇表；*为必修新增，**为选择性必修新增。
German,,,,gaokao-english,official_curriculum_2020,1,普通高中英语课程标准（2017年版2020年修订）附录2词汇表；*为必修新增，**为选择性必修新增。
Germany,,,,gaokao-english,official_curriculum_2020,1,普通高中英语课程标准（2017年版2020年修订）附录2词汇表；*为必修新增，**为选择性必修新增。
get,,,,gaokao-english,official_curriculum_2020,1,普通高中英语课程标准（2017年版2020年修订）附录2词汇表；*为必修新增，**为选择性必修新增。
gift,,,,gaokao-english,official_curriculum_2020,1,普通高中英语课程标准（2017年版2020年修订）附录2词汇表；*为必修新增，**为选择性必修新增。
gifted,,,,gaokao-english,official_curriculum_2020,3,普通高中英语课程标准（2017年版2020年修订）附录2词汇表；*为必修新增，**为选择性必修新增。
giraffe,,,,gaokao-english,official_curriculum_2020,1,普通高中英语课程标准（2017年版2020年修订）附录2词汇表；*为必修新增，**为选择性必修新增。
girl,,,,gaokao-english,official_curriculum_2020,1,普通高中英语课程标准（2017年版2020年修订）附录2词汇表；*为必修新增，**为选择性必修新增。
give,,,,gaokao-english,official_curriculum_2020,1,普通高中英语课程标准（2017年版2020年修订）附录2词汇表；*为必修新增，**为选择性必修新增。
glad,,,,gaokao-english,official_curriculum_2020,1,普通高中英语课程标准（2017年版2020年修订）附录2词汇表；*为必修新增，**为选择性必修新增。
glass,,,,gaokao-english,official_curriculum_2020,1,普通高中英语课程标准（2017年版2020年修订）附录2词汇表；*为必修新增，**为选择性必修新增。
global,,,,gaokao-english,official_curriculum_2020,2,普通高中英语课程标准（2017年版2020年修订）附录2词汇表；*为必修新增，**为选择性必修新增。
globe,,,,gaokao-english,official_curriculum_2020,3,普通高中英语课程标准（2017年版2020年修订）附录2词汇表；*为必修新增，**为选择性必修新增。
glove,,,,gaokao-english,official_curriculum_2020,1,普通高中英语课程标准（2017年版2020年修订）附录2词汇表；*为必修新增，**为选择性必修新增。
glue,,,,gaokao-english,official_curriculum_2020,1,普通高中英语课程标准（2017年版2020年修订）附录2词汇表；*为必修新增，**为选择性必修新增。
go,,,,gaokao-english,official_curriculum_2020,1,普通高中英语课程标准（2017年版2020年修订）附录2词汇表；*为必修新增，**为选择性必修新增。
goal,,,,gaokao-english,official_curriculum_2020,2,普通高中英语课程标准（2017年版2020年修订）附录2词汇表；*为必修新增，**为选择性必修新增。
goat,,,,gaokao-english,official_curriculum_2020,3,普通高中英语课程标准（2017年版2020年修订）附录2词汇表；*为必修新增，**为选择性必修新增。
gold,,,,gaokao-english,official_curriculum_2020,1,普通高中英语课程标准（2017年版2020年修订）附录2词汇表；*为必修新增，**为选择性必修新增。
golf,,,,gaokao-english,official_curriculum_2020,3,普通高中英语课程标准（2017年版2020年修订）附录2词汇表；*为必修新增，**为选择性必修新增。
good,,,,gaokao-english,official_curriculum_2020,1,普通高中英语课程标准（2017年版2020年修订）附录2词汇表；*为必修新增，**为选择性必修新增。
goodbye (bye),,,,gaokao-english,official_curriculum_2020,1,普通高中英语课程标准（2017年版2020年修订）附录2词汇表；*为必修新增，**为选择性必修新增。
goods,,,,gaokao-english,official_curriculum_2020,2,普通高中英语课程标准（2017年版2020年修订）附录2词汇表；*为必修新增，**为选择性必修新增。
government,,,,gaokao-english,official_curriculum_2020,1,普通高中英语课程标准（2017年版2020年修订）附录2词汇表；*为必修新增，**为选择性必修新增。
grab,,,,gaokao-english,official_curriculum_2020,3,普通高中英语课程标准（2017年版2020年修订）附录2词汇表；*为必修新增，**为选择性必修新增。
grade,,,,gaokao-english,official_curriculum_2020,1,普通高中英语课程标准（2017年版2020年修订）附录2词汇表；*为必修新增，**为选择性必修新增。
gradually,,,,gaokao-english,official_curriculum_2020,3,普通高中英语课程标准（2017年版2020年修订）附录2词汇表；*为必修新增，**为选择性必修新增。
graduate,,,,gaokao-english,official_curriculum_2020,2,普通高中英语课程标准（2017年版2020年修订）附录2词汇表；*为必修新增，**为选择性必修新增。
grain,,,,gaokao-english,official_curriculum_2020,3,普通高中英语课程标准（2017年版2020年修订）附录2词汇表；*为必修新增，**为选择性必修新增。
grammar,,,,gaokao-english,official_curriculum_2020,1,普通高中英语课程标准（2017年版2020年修订）附录2词汇表；*为必修新增，**为选择性必修新增。
gramme (gram),,,,gaokao-english,official_curriculum_2020,3,普通高中英语课程标准（2017年版2020年修订）附录2词汇表；*为必修新增，**为选择性必修新增。
grand,,,,gaokao-english,official_curriculum_2020,3,普通高中英语课程标准（2017年版2020年修订）附录2词汇表；*为必修新增，**为选择性必修新增。
granddaughter,,,,gaokao-english,official_curriculum_2020,1,普通高中英语课程标准（2017年版2020年修订）附录2词汇表；*为必修新增，**为选择性必修新增。
grandfather (grandpa),,,,gaokao-english,official_curriculum_2020,1,普通高中英语课程标准（2017年版2020年修订）附录2词汇表；*为必修新增，**为选择性必修新增。
grandmother (grandma),,,,gaokao-english,official_curriculum_2020,1,普通高中英语课程标准（2017年版2020年修订）附录2词汇表；*为必修新增，**为选择性必修新增。
grandparent,,,,gaokao-english,official_curriculum_2020,1,普通高中英语课程标准（2017年版2020年修订）附录2词汇表；*为必修新增，**为选择性必修新增。
grandson,,,,gaokao-english,official_curriculum_2020,1,普通高中英语课程标准（2017年版2020年修订）附录2词汇表；*为必修新增，**为选择性必修新增。
grape,,,,gaokao-english,official_curriculum_2020,1,普通高中英语课程标准（2017年版2020年修订）附录2词汇表；*为必修新增，**为选择性必修新增。
grasp,,,,gaokao-english,official_curriculum_2020,3,普通高中英语课程标准（2017年版2020年修订）附录2词汇表；*为必修新增，**为选择性必修新增。
grass,,,,gaokao-english,official_curriculum_2020,1,普通高中英语课程标准（2017年版2020年修订）附录2词汇表；*为必修新增，**为选择性必修新增。
grateful,,,,gaokao-english,official_curriculum_2020,3,普通高中英语课程标准（2017年版2020年修订）附录2词汇表；*为必修新增，**为选择性必修新增。
gravity,,,,gaokao-english,official_curriculum_2020,3,普通高中英语课程标准（2017年版2020年修订）附录2词汇表；*为必修新增，**为选择性必修新增。
great,,,,gaokao-english,official_curriculum_2020,1,普通高中英语课程标准（2017年版2020年修订）附录2词汇表；*为必修新增，**为选择性必修新增。
greedy,,,,gaokao-english,official_curriculum_2020,3,普通高中英语课程标准（2017年版2020年修订）附录2词汇表；*为必修新增，**为选择性必修新增。
green,,,,gaokao-english,official_curriculum_2020,1,普通高中英语课程标准（2017年版2020年修订）附录2词汇表；*为必修新增，**为选择性必修新增。
greenhouse,,,,gaokao-english,official_curriculum_2020,2,普通高中英语课程标准（2017年版2020年修订）附录2词汇表；*为必修新增，**为选择性必修新增。
greet,,,,gaokao-english,official_curriculum_2020,3,普通高中英语课程标准（2017年版2020年修订）附录2词汇表；*为必修新增，**为选择性必修新增。
grey,,,,gaokao-english,official_curriculum_2020,1,普通高中英语课程标准（2017年版2020年修订）附录2词汇表；*为必修新增，**为选择性必修新增。
grocery,,,,gaokao-english,official_curriculum_2020,3,普通高中英语课程标准（2017年版2020年修订）附录2词汇表；*为必修新增，**为选择性必修新增。
ground,,,,gaokao-english,official_curriculum_2020,1,普通高中英语课程标准（2017年版2020年修订）附录2词汇表；*为必修新增，**为选择性必修新增。
group,,,,gaokao-english,official_curriculum_2020,1,普通高中英语课程标准（2017年版2020年修订）附录2词汇表；*为必修新增，**为选择性必修新增。
grow,,,,gaokao-english,official_curriculum_2020,1,普通高中英语课程标准（2017年版2020年修订）附录2词汇表；*为必修新增，**为选择性必修新增。
guarantee,,,,gaokao-english,official_curriculum_2020,3,普通高中英语课程标准（2017年版2020年修订）附录2词汇表；*为必修新增，**为选择性必修新增。
guard,,,,gaokao-english,official_curriculum_2020,1,普通高中英语课程标准（2017年版2020年修订）附录2词汇表；*为必修新增，**为选择性必修新增。
guess,,,,gaokao-english,official_curriculum_2020,1,普通高中英语课程标准（2017年版2020年修订）附录2词汇表；*为必修新增，**为选择性必修新增。
guest,,,,gaokao-english,official_curriculum_2020,1,普通高中英语课程标准（2017年版2020年修订）附录2词汇表；*为必修新增，**为选择性必修新增。
guidance,,,,gaokao-english,official_curriculum_2020,3,普通高中英语课程标准（2017年版2020年修订）附录2词汇表；*为必修新增，**为选择性必修新增。
guide,,,,gaokao-english,official_curriculum_2020,1,普通高中英语课程标准（2017年版2020年修订）附录2词汇表；*为必修新增，**为选择性必修新增。
guideline,,,,gaokao-english,official_curriculum_2020,2,普通高中英语课程标准（2017年版2020年修订）附录2词汇表；*为必修新增，**为选择性必修新增。
guilty,,,,gaokao-english,official_curriculum_2020,3,普通高中英语课程标准（2017年版2020年修订）附录2词汇表；*为必修新增，**为选择性必修新增。
guitar,,,,gaokao-english,official_curriculum_2020,1,普通高中英语课程标准（2017年版2020年修订）附录2词汇表；*为必修新增，**为选择性必修新增。
gun,,,,gaokao-english,official_curriculum_2020,1,普通高中英语课程标准（2017年版2020年修订）附录2词汇表；*为必修新增，**为选择性必修新增。
guy,,,,gaokao-english,official_curriculum_2020,2,普通高中英语课程标准（2017年版2020年修订）附录2词汇表；*为必修新增，**为选择性必修新增。
gym,,,,gaokao-english,official_curriculum_2020,2,普通高中英语课程标准（2017年版2020年修订）附录2词汇表；*为必修新增，**为选择性必修新增。
gymnastics,,,,gaokao-english,official_curriculum_2020,2,普通高中英语课程标准（2017年版2020年修订）附录2词汇表；*为必修新增，**为选择性必修新增。
habit,,,,gaokao-english,official_curriculum_2020,1,普通高中英语课程标准（2017年版2020年修订）附录2词汇表；*为必修新增，**为选择性必修新增。
habitat,,,,gaokao-english,official_curriculum_2020,3,普通高中英语课程标准（2017年版2020年修订）附录2词汇表；*为必修新增，**为选择性必修新增。
hair,,,,gaokao-english,official_curriculum_2020,1,普通高中英语课程标准（2017年版2020年修订）附录2词汇表；*为必修新增，**为选择性必修新增。
half,,,,gaokao-english,official_curriculum_2020,1,普通高中英语课程标准（2017年版2020年修订）附录2词汇表；*为必修新增，**为选择性必修新增。
hall,,,,gaokao-english,official_curriculum_2020,1,普通高中英语课程标准（2017年版2020年修订）附录2词汇表；*为必修新增，**为选择性必修新增。
ham,,,,gaokao-english,official_curriculum_2020,3,普通高中英语课程标准（2017年版2020年修订）附录2词汇表；*为必修新增，**为选择性必修新增。
hamburger,,,,gaokao-english,official_curriculum_2020,1,普通高中英语课程标准（2017年版2020年修订）附录2词汇表；*为必修新增，**为选择性必修新增。
hand,,,,gaokao-english,official_curriculum_2020,1,普通高中英语课程标准（2017年版2020年修订）附录2词汇表；*为必修新增，**为选择性必修新增。
handbag,,,,gaokao-english,official_curriculum_2020,1,普通高中英语课程标准（2017年版2020年修订）附录2词汇表；*为必修新增，**为选择性必修新增。
handkerchief,,,,gaokao-english,official_curriculum_2020,3,普通高中英语课程标准（2017年版2020年修订）附录2词汇表；*为必修新增，**为选择性必修新增。
handle,,,,gaokao-english,official_curriculum_2020,3,普通高中英语课程标准（2017年版2020年修订）附录2词汇表；*为必修新增，**为选择性必修新增。
handsome,,,,gaokao-english,official_curriculum_2020,1,普通高中英语课程标准（2017年版2020年修订）附录2词汇表；*为必修新增，**为选择性必修新增。
handwriting,,,,gaokao-english,official_curriculum_2020,3,普通高中英语课程标准（2017年版2020年修订）附录2词汇表；*为必修新增，**为选择性必修新增。
hang,,,,gaokao-english,official_curriculum_2020,1,普通高中英语课程标准（2017年版2020年修订）附录2词汇表；*为必修新增，**为选择性必修新增。
happen,,,,gaokao-english,official_curriculum_2020,1,普通高中英语课程标准（2017年版2020年修订）附录2词汇表；*为必修新增，**为选择性必修新增。
happy,,,,gaokao-english,official_curriculum_2020,1,普通高中英语课程标准（2017年版2020年修订）附录2词汇表；*为必修新增，**为选择性必修新增。
hard,,,,gaokao-english,official_curriculum_2020,1,普通高中英语课程标准（2017年版2020年修订）附录2词汇表；*为必修新增，**为选择性必修新增。
hardly,,,,gaokao-english,official_curriculum_2020,1,普通高中英语课程标准（2017年版2020年修订）附录2词汇表；*为必修新增，**为选择性必修新增。
harm,,,,gaokao-english,official_curriculum_2020,3,普通高中英语课程标准（2017年版2020年修订）附录2词汇表；*为必修新增，**为选择性必修新增。
harmful,,,,gaokao-english,official_curriculum_2020,1,普通高中英语课程标准（2017年版2020年修订）附录2词汇表；*为必修新增，**为选择性必修新增。
harmonious,,,,gaokao-english,official_curriculum_2020,3,普通高中英语课程标准（2017年版2020年修订）附录2词汇表；*为必修新增，**为选择性必修新增。
harmony,,,,gaokao-english,official_curriculum_2020,3,普通高中英语课程标准（2017年版2020年修订）附录2词汇表；*为必修新增，**为选择性必修新增。
harvest,,,,gaokao-english,official_curriculum_2020,3,普通高中英语课程标准（2017年版2020年修订）附录2词汇表；*为必修新增，**为选择性必修新增。
hat,,,,gaokao-english,official_curriculum_2020,1,普通高中英语课程标准（2017年版2020年修订）附录2词汇表；*为必修新增，**为选择性必修新增。
hatch,,,,gaokao-english,official_curriculum_2020,3,普通高中英语课程标准（2017年版2020年修订）附录2词汇表；*为必修新增，**为选择性必修新增。
hate,,,,gaokao-english,official_curriculum_2020,1,普通高中英语课程标准（2017年版2020年修订）附录2词汇表；*为必修新增，**为选择性必修新增。
have (has),,,,gaokao-english,official_curriculum_2020,1,普通高中英语课程标准（2017年版2020年修订）附录2词汇表；*为必修新增，**为选择性必修新增。
he,,,,gaokao-english,official_curriculum_2020,1,普通高中英语课程标准（2017年版2020年修订）附录2词汇表；*为必修新增，**为选择性必修新增。
head,,,,gaokao-english,official_curriculum_2020,1,普通高中英语课程标准（2017年版2020年修订）附录2词汇表；*为必修新增，**为选择性必修新增。
headache,,,,gaokao-english,official_curriculum_2020,1,普通高中英语课程标准（2017年版2020年修订）附录2词汇表；*为必修新增，**为选择性必修新增。
health,,,,gaokao-english,official_curriculum_2020,1,普通高中英语课程标准（2017年版2020年修订）附录2词汇表；*为必修新增，**为选择性必修新增。
healthy,,,,gaokao-english,official_curriculum_2020,1,普通高中英语课程标准（2017年版2020年修订）附录2词汇表；*为必修新增，**为选择性必修新增。
hear,,,,gaokao-english,official_curriculum_2020,1,普通高中英语课程标准（2017年版2020年修订）附录2词汇表；*为必修新增，**为选择性必修新增。
heart,,,,gaokao-english,official_curriculum_2020,1,普通高中英语课程标准（2017年版2020年修订）附录2词汇表；*为必修新增，**为选择性必修新增。
heat,,,,gaokao-english,official_curriculum_2020,1,普通高中英语课程标准（2017年版2020年修订）附录2词汇表；*为必修新增，**为选择性必修新增。
heavy,,,,gaokao-english,official_curriculum_2020,1,普通高中英语课程标准（2017年版2020年修订）附录2词汇表；*为必修新增，**为选择性必修新增。
height,,,,gaokao-english,official_curriculum_2020,1,普通高中英语课程标准（2017年版2020年修订）附录2词汇表；*为必修新增，**为选择性必修新增。
hello,,,,gaokao-english,official_curriculum_2020,1,普通高中英语课程标准（2017年版2020年修订）附录2词汇表；*为必修新增，**为选择性必修新增。
help,,,,gaokao-english,official_curriculum_2020,1,普通高中英语课程标准（2017年版2020年修订）附录2词汇表；*为必修新增，**为选择性必修新增。
helpful,,,,gaokao-english,official_curriculum_2020,1,普通高中英语课程标准（2017年版2020年修订）附录2词汇表；*为必修新增，**为选择性必修新增。
hen,,,,gaokao-english,official_curriculum_2020,1,普通高中英语课程标准（2017年版2020年修订）附录2词汇表；*为必修新增，**为选择性必修新增。
hence,,,,gaokao-english,official_curriculum_2020,3,普通高中英语课程标准（2017年版2020年修订）附录2词汇表；*为必修新增，**为选择性必修新增。
her,,,,gaokao-english,official_curriculum_2020,1,普通高中英语课程标准（2017年版2020年修订）附录2词汇表；*为必修新增，**为选择性必修新增。
herb,,,,gaokao-english,official_curriculum_2020,3,普通高中英语课程标准（2017年版2020年修订）附录2词汇表；*为必修新增，**为选择性必修新增。
here,,,,gaokao-english,official_curriculum_2020,1,普通高中英语课程标准（2017年版2020年修订）附录2词汇表；*为必修新增，**为选择性必修新增。
hero,,,,gaokao-english,official_curriculum_2020,1,普通高中英语课程标准（2017年版2020年修订）附录2词汇表；*为必修新增，**为选择性必修新增。
hers,,,,gaokao-english,official_curriculum_2020,1,普通高中英语课程标准（2017年版2020年修订）附录2词汇表；*为必修新增，**为选择性必修新增。
herself,,,,gaokao-english,official_curriculum_2020,1,普通高中英语课程标准（2017年版2020年修订）附录2词汇表；*为必修新增，**为选择性必修新增。
hesitate,,,,gaokao-english,official_curriculum_2020,2,普通高中英语课程标准（2017年版2020年修订）附录2词汇表；*为必修新增，**为选择性必修新增。
hi,,,,gaokao-english,official_curriculum_2020,1,普通高中英语课程标准（2017年版2020年修订）附录2词汇表；*为必修新增，**为选择性必修新增。
hide,,,,gaokao-english,official_curriculum_2020,1,普通高中英语课程标准（2017年版2020年修订）附录2词汇表；*为必修新增，**为选择性必修新增。
high,,,,gaokao-english,official_curriculum_2020,1,普通高中英语课程标准（2017年版2020年修订）附录2词汇表；*为必修新增，**为选择性必修新增。
highlight,,,,gaokao-english,official_curriculum_2020,3,普通高中英语课程标准（2017年版2020年修订）附录2词汇表；*为必修新增，**为选择性必修新增。
hike,,,,gaokao-english,official_curriculum_2020,3,普通高中英语课程标准（2017年版2020年修订）附录2词汇表；*为必修新增，**为选择性必修新增。
hill,,,,gaokao-english,official_curriculum_2020,1,普通高中英语课程标准（2017年版2020年修订）附录2词汇表；*为必修新增，**为选择性必修新增。
him,,,,gaokao-english,official_curriculum_2020,1,普通高中英语课程标准（2017年版2020年修订）附录2词汇表；*为必修新增，**为选择性必修新增。
himself,,,,gaokao-english,official_curriculum_2020,1,普通高中英语课程标准（2017年版2020年修订）附录2词汇表；*为必修新增，**为选择性必修新增。
hire,,,,gaokao-english,official_curriculum_2020,3,普通高中英语课程标准（2017年版2020年修订）附录2词汇表；*为必修新增，**为选择性必修新增。
his,,,,gaokao-english,official_curriculum_2020,1,普通高中英语课程标准（2017年版2020年修订）附录2词汇表；*为必修新增，**为选择性必修新增。
historic,,,,gaokao-english,official_curriculum_2020,3,普通高中英语课程标准（2017年版2020年修订）附录2词汇表；*为必修新增，**为选择性必修新增。
history,,,,gaokao-english,official_curriculum_2020,1,普通高中英语课程标准（2017年版2020年修订）附录2词汇表；*为必修新增，**为选择性必修新增。
hit,,,,gaokao-english,official_curriculum_2020,1,普通高中英语课程标准（2017年版2020年修订）附录2词汇表；*为必修新增，**为选择性必修新增。
hobby,,,,gaokao-english,official_curriculum_2020,1,普通高中英语课程标准（2017年版2020年修订）附录2词汇表；*为必修新增，**为选择性必修新增。
hold,,,,gaokao-english,official_curriculum_2020,1,普通高中英语课程标准（2017年版2020年修订）附录2词汇表；*为必修新增，**为选择性必修新增。
hole,,,,gaokao-english,official_curriculum_2020,1,普通高中英语课程标准（2017年版2020年修订）附录2词汇表；*为必修新增，**为选择性必修新增。
holiday,,,,gaokao-english,official_curriculum_2020,1,普通高中英语课程标准（2017年版2020年修订）附录2词汇表；*为必修新增，**为选择性必修新增。
home,,,,gaokao-english,official_curriculum_2020,1,普通高中英语课程标准（2017年版2020年修订）附录2词汇表；*为必修新增，**为选择性必修新增。
hometown,,,,gaokao-english,official_curriculum_2020,1,普通高中英语课程标准（2017年版2020年修订）附录2词汇表；*为必修新增，**为选择性必修新增。
homework,,,,gaokao-english,official_curriculum_2020,1,普通高中英语课程标准（2017年版2020年修订）附录2词汇表；*为必修新增，**为选择性必修新增。
honest,,,,gaokao-english,official_curriculum_2020,1,普通高中英语课程标准（2017年版2020年修订）附录2词汇表；*为必修新增，**为选择性必修新增。
honey,,,,gaokao-english,official_curriculum_2020,2,普通高中英语课程标准（2017年版2020年修订）附录2词汇表；*为必修新增，**为选择性必修新增。
honour (honor),,,,gaokao-english,official_curriculum_2020,2,普通高中英语课程标准（2017年版2020年修订）附录2词汇表；*为必修新增，**为选择性必修新增。
hope,,,,gaokao-english,official_curriculum_2020,1,普通高中英语课程标准（2017年版2020年修订）附录2词汇表；*为必修新增，**为选择性必修新增。
horrible,,,,gaokao-english,official_curriculum_2020,2,普通高中英语课程标准（2017年版2020年修订）附录2词汇表；*为必修新增，**为选择性必修新增。
horse,,,,gaokao-english,official_curriculum_2020,1,普通高中英语课程标准（2017年版2020年修订）附录2词汇表；*为必修新增，**为选择性必修新增。
hospital,,,,gaokao-english,official_curriculum_2020,1,普通高中英语课程标准（2017年版2020年修订）附录2词汇表；*为必修新增，**为选择性必修新增。
host,,,,gaokao-english,official_curriculum_2020,2,普通高中英语课程标准（2017年版2020年修订）附录2词汇表；*为必修新增，**为选择性必修新增。
hot,,,,gaokao-english,official_curriculum_2020,1,普通高中英语课程标准（2017年版2020年修订）附录2词汇表；*为必修新增，**为选择性必修新增。
hotel,,,,gaokao-english,official_curriculum_2020,1,普通高中英语课程标准（2017年版2020年修订）附录2词汇表；*为必修新增，**为选择性必修新增。
hour,,,,gaokao-english,official_curriculum_2020,1,普通高中英语课程标准（2017年版2020年修订）附录2词汇表；*为必修新增，**为选择性必修新增。
house,,,,gaokao-english,official_curriculum_2020,1,普通高中英语课程标准（2017年版2020年修订）附录2词汇表；*为必修新增，**为选择性必修新增。
household,,,,gaokao-english,official_curriculum_2020,3,普通高中英语课程标准（2017年版2020年修订）附录2词汇表；*为必修新增，**为选择性必修新增。
housework,,,,gaokao-english,official_curriculum_2020,1,普通高中英语课程标准（2017年版2020年修订）附录2词汇表；*为必修新增，**为选择性必修新增。
housing,,,,gaokao-english,official_curriculum_2020,3,普通高中英语课程标准（2017年版2020年修订）附录2词汇表；*为必修新增，**为选择性必修新增。
how,,,,gaokao-english,official_curriculum_2020,1,普通高中英语课程标准（2017年版2020年修订）附录2词汇表；*为必修新增，**为选择性必修新增。
however,,,,gaokao-english,official_curriculum_2020,1,普通高中英语课程标准（2017年版2020年修订）附录2词汇表；*为必修新增，**为选择性必修新增。
hug,,,,gaokao-english,official_curriculum_2020,2,普通高中英语课程标准（2017年版2020年修订）附录2词汇表；*为必修新增，**为选择性必修新增。
huge,,,,gaokao-english,official_curriculum_2020,1,普通高中英语课程标准（2017年版2020年修订）附录2词汇表；*为必修新增，**为选择性必修新增。
human,,,,gaokao-english,official_curriculum_2020,1,普通高中英语课程标准（2017年版2020年修订）附录2词汇表；*为必修新增，**为选择性必修新增。
humble,,,,gaokao-english,official_curriculum_2020,3,普通高中英语课程标准（2017年版2020年修订）附录2词汇表；*为必修新增，**为选择性必修新增。
humorous,,,,gaokao-english,official_curriculum_2020,1,普通高中英语课程标准（2017年版2020年修订）附录2词汇表；*为必修新增，**为选择性必修新增。
hundred,,,,gaokao-english,official_curriculum_2020,1,普通高中英语课程标准（2017年版2020年修订）附录2词汇表；*为必修新增，**为选择性必修新增。
hungry,,,,gaokao-english,official_curriculum_2020,1,普通高中英语课程标准（2017年版2020年修订）附录2词汇表；*为必修新增，**为选择性必修新增。
hunt,,,,gaokao-english,official_curriculum_2020,3,普通高中英语课程标准（2017年版2020年修订）附录2词汇表；*为必修新增，**为选择性必修新增。
hurricane,,,,gaokao-english,official_curriculum_2020,2,普通高中英语课程标准（2017年版2020年修订）附录2词汇表；*为必修新增，**为选择性必修新增。
hurry,,,,gaokao-english,official_curriculum_2020,1,普通高中英语课程标准（2017年版2020年修订）附录2词汇表；*为必修新增，**为选择性必修新增。
hurt,,,,gaokao-english,official_curriculum_2020,1,普通高中英语课程标准（2017年版2020年修订）附录2词汇表；*为必修新增，**为选择性必修新增。
husband,,,,gaokao-english,official_curriculum_2020,1,普通高中英语课程标准（2017年版2020年修订）附录2词汇表；*为必修新增，**为选择性必修新增。
hydrogen,,,,gaokao-english,official_curriculum_2020,3,普通高中英语课程标准（2017年版2020年修订）附录2词汇表；*为必修新增，**为选择性必修新增。
ice,,,,gaokao-english,official_curriculum_2020,1,普通高中英语课程标准（2017年版2020年修订）附录2词汇表；*为必修新增，**为选择性必修新增。
ice-cream,,,,gaokao-english,official_curriculum_2020,1,普通高中英语课程标准（2017年版2020年修订）附录2词汇表；*为必修新增，**为选择性必修新增。
idea,,,,gaokao-english,official_curriculum_2020,1,普通高中英语课程标准（2017年版2020年修订）附录2词汇表；*为必修新增，**为选择性必修新增。
ideal,,,,gaokao-english,official_curriculum_2020,3,普通高中英语课程标准（2017年版2020年修订）附录2词汇表；*为必修新增，**为选择性必修新增。
identical,,,,gaokao-english,official_curriculum_2020,3,普通高中英语课程标准（2017年版2020年修订）附录2词汇表；*为必修新增，**为选择性必修新增。
identify,,,,gaokao-english,official_curriculum_2020,3,普通高中英语课程标准（2017年版2020年修订）附录2词汇表；*为必修新增，**为选择性必修新增。
identity,,,,gaokao-english,official_curriculum_2020,2,普通高中英语课程标准（2017年版2020年修订）附录2词汇表；*为必修新增，**为选择性必修新增。
idiom,,,,gaokao-english,official_curriculum_2020,3,普通高中英语课程标准（2017年版2020年修订）附录2词汇表；*为必修新增，**为选择性必修新增。
if,,,,gaokao-english,official_curriculum_2020,1,普通高中英语课程标准（2017年版2020年修订）附录2词汇表；*为必修新增，**为选择性必修新增。
ignore,,,,gaokao-english,official_curriculum_2020,2,普通高中英语课程标准（2017年版2020年修订）附录2词汇表；*为必修新增，**为选择性必修新增。
ill,,,,gaokao-english,official_curriculum_2020,1,普通高中英语课程标准（2017年版2020年修订）附录2词汇表；*为必修新增，**为选择性必修新增。
illegal,,,,gaokao-english,official_curriculum_2020,3,普通高中英语课程标准（2017年版2020年修订）附录2词汇表；*为必修新增，**为选择性必修新增。
illness,,,,gaokao-english,official_curriculum_2020,1,普通高中英语课程标准（2017年版2020年修订）附录2词汇表；*为必修新增，**为选择性必修新增。
illustrate,,,,gaokao-english,official_curriculum_2020,2,普通高中英语课程标准（2017年版2020年修订）附录2词汇表；*为必修新增，**为选择性必修新增。
image,,,,gaokao-english,official_curriculum_2020,2,普通高中英语课程标准（2017年版2020年修订）附录2词汇表；*为必修新增，**为选择性必修新增。
imagine,,,,gaokao-english,official_curriculum_2020,1,普通高中英语课程标准（2017年版2020年修订）附录2词汇表；*为必修新增，**为选择性必修新增。
immediately,,,,gaokao-english,official_curriculum_2020,2,普通高中英语课程标准（2017年版2020年修订）附录2词汇表；*为必修新增，**为选择性必修新增。
impact,,,,gaokao-english,official_curriculum_2020,2,普通高中英语课程标准（2017年版2020年修订）附录2词汇表；*为必修新增，**为选择性必修新增。
imply,,,,gaokao-english,official_curriculum_2020,3,普通高中英语课程标准（2017年版2020年修订）附录2词汇表；*为必修新增，**为选择性必修新增。
import,,,,gaokao-english,official_curriculum_2020,2,普通高中英语课程标准（2017年版2020年修订）附录2词汇表；*为必修新增，**为选择性必修新增。
important,,,,gaokao-english,official_curriculum_2020,1,普通高中英语课程标准（2017年版2020年修订）附录2词汇表；*为必修新增，**为选择性必修新增。
impossible,,,,gaokao-english,official_curriculum_2020,1,普通高中英语课程标准（2017年版2020年修订）附录2词汇表；*为必修新增，**为选择性必修新增。
impress,,,,gaokao-english,official_curriculum_2020,3,普通高中英语课程标准（2017年版2020年修订）附录2词汇表；*为必修新增，**为选择性必修新增。
impression,,,,gaokao-english,official_curriculum_2020,2,普通高中英语课程标准（2017年版2020年修订）附录2词汇表；*为必修新增，**为选择性必修新增。
improve,,,,gaokao-english,official_curriculum_2020,2,普通高中英语课程标准（2017年版2020年修订）附录2词汇表；*为必修新增，**为选择性必修新增。
in,,,,gaokao-english,official_curriculum_2020,1,普通高中英语课程标准（2017年版2020年修订）附录2词汇表；*为必修新增，**为选择性必修新增。
inch,,,,gaokao-english,official_curriculum_2020,3,普通高中英语课程标准（2017年版2020年修订）附录2词汇表；*为必修新增，**为选择性必修新增。
incident,,,,gaokao-english,official_curriculum_2020,3,普通高中英语课程标准（2017年版2020年修订）附录2词汇表；*为必修新增，**为选择性必修新增。
include,,,,gaokao-english,official_curriculum_2020,1,普通高中英语课程标准（2017年版2020年修订）附录2词汇表；*为必修新增，**为选择性必修新增。
income,,,,gaokao-english,official_curriculum_2020,2,普通高中英语课程标准（2017年版2020年修订）附录2词汇表；*为必修新增，**为选择性必修新增。
increase,,,,gaokao-english,official_curriculum_2020,1,普通高中英语课程标准（2017年版2020年修订）附录2词汇表；*为必修新增，**为选择性必修新增。
incredible,,,,gaokao-english,official_curriculum_2020,3,普通高中英语课程标准（2017年版2020年修订）附录2词汇表；*为必修新增，**为选择性必修新增。
indeed,,,,gaokao-english,official_curriculum_2020,2,普通高中英语课程标准（2017年版2020年修订）附录2词汇表；*为必修新增，**为选择性必修新增。
independent,,,,gaokao-english,official_curriculum_2020,2,普通高中英语课程标准（2017年版2020年修订）附录2词汇表；*为必修新增，**为选择性必修新增。
India,,,,gaokao-english,official_curriculum_2020,1,普通高中英语课程标准（2017年版2020年修订）附录2词汇表；*为必修新增，**为选择性必修新增。
Indian,,,,gaokao-english,official_curriculum_2020,1,普通高中英语课程标准（2017年版2020年修订）附录2词汇表；*为必修新增，**为选择性必修新增。
indicate,,,,gaokao-english,official_curriculum_2020,2,普通高中英语课程标准（2017年版2020年修订）附录2词汇表；*为必修新增，**为选择性必修新增。
individual,,,,gaokao-english,official_curriculum_2020,2,普通高中英语课程标准（2017年版2020年修订）附录2词汇表；*为必修新增，**为选择性必修新增。
industry,,,,gaokao-english,official_curriculum_2020,1,普通高中英语课程标准（2017年版2020年修订）附录2词汇表；*为必修新增，**为选择性必修新增。
infection,,,,gaokao-english,official_curriculum_2020,3,普通高中英语课程标准（2017年版2020年修订）附录2词汇表；*为必修新增，**为选择性必修新增。
infer,,,,gaokao-english,official_curriculum_2020,3,普通高中英语课程标准（2017年版2020年修订）附录2词汇表；*为必修新增，**为选择性必修新增。
influence,,,,gaokao-english,official_curriculum_2020,1,普通高中英语课程标准（2017年版2020年修订）附录2词汇表；*为必修新增，**为选择性必修新增。
influential,,,,gaokao-english,official_curriculum_2020,3,普通高中英语课程标准（2017年版2020年修订）附录2词汇表；*为必修新增，**为选择性必修新增。
information,,,,gaokao-english,official_curriculum_2020,1,普通高中英语课程标准（2017年版2020年修订）附录2词汇表；*为必修新增，**为选择性必修新增。
initial,,,,gaokao-english,official_curriculum_2020,3,普通高中英语课程标准（2017年版2020年修订）附录2词汇表；*为必修新增，**为选择性必修新增。
initiative,,,,gaokao-english,official_curriculum_2020,3,普通高中英语课程标准（2017年版2020年修订）附录2词汇表；*为必修新增，**为选择性必修新增。
injury,,,,gaokao-english,official_curriculum_2020,3,普通高中英语课程标准（2017年版2020年修订）附录2词汇表；*为必修新增，**为选择性必修新增。
inner,,,,gaokao-english,official_curriculum_2020,3,普通高中英语课程标准（2017年版2020年修订）附录2词汇表；*为必修新增，**为选择性必修新增。
innocent,,,,gaokao-english,official_curriculum_2020,3,普通高中英语课程标准（2017年版2020年修订）附录2词汇表；*为必修新增，**为选择性必修新增。
innovation,,,,gaokao-english,official_curriculum_2020,3,普通高中英语课程标准（2017年版2020年修订）附录2词汇表；*为必修新增，**为选择性必修新增。
input,,,,gaokao-english,official_curriculum_2020,3,普通高中英语课程标准（2017年版2020年修订）附录2词汇表；*为必修新增，**为选择性必修新增。
inquire,,,,gaokao-english,official_curriculum_2020,3,普通高中英语课程标准（2017年版2020年修订）附录2词汇表；*为必修新增，**为选择性必修新增。
insect,,,,gaokao-english,official_curriculum_2020,2,普通高中英语课程标准（2017年版2020年修订）附录2词汇表；*为必修新增，**为选择性必修新增。
inside,,,,gaokao-english,official_curriculum_2020,1,普通高中英语课程标准（2017年版2020年修订）附录2词汇表；*为必修新增，**为选择性必修新增。
insight,,,,gaokao-english,official_curriculum_2020,3,普通高中英语课程标准（2017年版2020年修订）附录2词汇表；*为必修新增，**为选择性必修新增。
insist,,,,gaokao-english,official_curriculum_2020,3,普通高中英语课程标准（2017年版2020年修订）附录2词汇表；*为必修新增，**为选择性必修新增。
inspection,,,,gaokao-english,official_curriculum_2020,3,普通高中英语课程标准（2017年版2020年修订）附录2词汇表；*为必修新增，**为选择性必修新增。
inspire,,,,gaokao-english,official_curriculum_2020,2,普通高中英语课程标准（2017年版2020年修订）附录2词汇表；*为必修新增，**为选择性必修新增。
instance,,,,gaokao-english,official_curriculum_2020,3,普通高中英语课程标准（2017年版2020年修订）附录2词汇表；*为必修新增，**为选择性必修新增。
instant,,,,gaokao-english,official_curriculum_2020,3,普通高中英语课程标准（2017年版2020年修订）附录2词汇表；*为必修新增，**为选择性必修新增。
instead,,,,gaokao-english,official_curriculum_2020,1,普通高中英语课程标准（2017年版2020年修订）附录2词汇表；*为必修新增，**为选择性必修新增。
institute,,,,gaokao-english,official_curriculum_2020,3,普通高中英语课程标准（2017年版2020年修订）附录2词汇表；*为必修新增，**为选择性必修新增。
institution,,,,gaokao-english,official_curriculum_2020,3,普通高中英语课程标准（2017年版2020年修订）附录2词汇表；*为必修新增，**为选择性必修新增。
instruction,,,,gaokao-english,official_curriculum_2020,1,普通高中英语课程标准（2017年版2020年修订）附录2词汇表；*为必修新增，**为选择性必修新增。
instrument,,,,gaokao-english,official_curriculum_2020,1,普通高中英语课程标准（2017年版2020年修订）附录2词汇表；*为必修新增，**为选择性必修新增。
insurance,,,,gaokao-english,official_curriculum_2020,3,普通高中英语课程标准（2017年版2020年修订）附录2词汇表；*为必修新增，**为选择性必修新增。
integrate,,,,gaokao-english,official_curriculum_2020,3,普通高中英语课程标准（2017年版2020年修订）附录2词汇表；*为必修新增，**为选择性必修新增。
integrity,,,,gaokao-english,official_curriculum_2020,3,普通高中英语课程标准（2017年版2020年修订）附录2词汇表；*为必修新增，**为选择性必修新增。
intelligent,,,,gaokao-english,official_curriculum_2020,2,普通高中英语课程标准（2017年版2020年修订）附录2词汇表；*为必修新增，**为选择性必修新增。
intend,,,,gaokao-english,official_curriculum_2020,2,普通高中英语课程标准（2017年版2020年修订）附录2词汇表；*为必修新增，**为选择性必修新增。
intense,,,,gaokao-english,official_curriculum_2020,3,普通高中英语课程标准（2017年版2020年修订）附录2词汇表；*为必修新增，**为选择性必修新增。
intention,,,,gaokao-english,official_curriculum_2020,3,普通高中英语课程标准（2017年版2020年修订）附录2词汇表；*为必修新增，**为选择性必修新增。
interaction,,,,gaokao-english,official_curriculum_2020,3,普通高中英语课程标准（2017年版2020年修订）附录2词汇表；*为必修新增，**为选择性必修新增。
interest,,,,gaokao-english,official_curriculum_2020,1,普通高中英语课程标准（2017年版2020年修订）附录2词汇表；*为必修新增，**为选择性必修新增。
interesting,,,,gaokao-english,official_curriculum_2020,1,普通高中英语课程标准（2017年版2020年修订）附录2词汇表；*为必修新增，**为选择性必修新增。
internal,,,,gaokao-english,official_curriculum_2020,3,普通高中英语课程标准（2017年版2020年修订）附录2词汇表；*为必修新增，**为选择性必修新增。
international,,,,gaokao-english,official_curriculum_2020,1,普通高中英语课程标准（2017年版2020年修订）附录2词汇表；*为必修新增，**为选择性必修新增。
Internet,,,,gaokao-english,official_curriculum_2020,1,普通高中英语课程标准（2017年版2020年修订）附录2词汇表；*为必修新增，**为选择性必修新增。
interpret,,,,gaokao-english,official_curriculum_2020,3,普通高中英语课程标准（2017年版2020年修订）附录2词汇表；*为必修新增，**为选择性必修新增。
interrupt,,,,gaokao-english,official_curriculum_2020,3,普通高中英语课程标准（2017年版2020年修订）附录2词汇表；*为必修新增，**为选择性必修新增。
intervention,,,,gaokao-english,official_curriculum_2020,3,普通高中英语课程标准（2017年版2020年修订）附录2词汇表；*为必修新增，**为选择性必修新增。
interview,,,,gaokao-english,official_curriculum_2020,1,普通高中英语课程标准（2017年版2020年修订）附录2词汇表；*为必修新增，**为选择性必修新增。
into,,,,gaokao-english,official_curriculum_2020,1,普通高中英语课程标准（2017年版2020年修订）附录2词汇表；*为必修新增，**为选择性必修新增。
introduce,,,,gaokao-english,official_curriculum_2020,1,普通高中英语课程标准（2017年版2020年修订）附录2词汇表；*为必修新增，**为选择性必修新增。
introduction,,,,gaokao-english,official_curriculum_2020,1,普通高中英语课程标准（2017年版2020年修订）附录2词汇表；*为必修新增，**为选择性必修新增。
invent,,,,gaokao-english,official_curriculum_2020,1,普通高中英语课程标准（2017年版2020年修订）附录2词汇表；*为必修新增，**为选择性必修新增。
invention,,,,gaokao-english,official_curriculum_2020,1,普通高中英语课程标准（2017年版2020年修订）附录2词汇表；*为必修新增，**为选择性必修新增。
investigate,,,,gaokao-english,official_curriculum_2020,3,普通高中英语课程标准（2017年版2020年修订）附录2词汇表；*为必修新增，**为选择性必修新增。
investment,,,,gaokao-english,official_curriculum_2020,3,普通高中英语课程标准（2017年版2020年修订）附录2词汇表；*为必修新增，**为选择性必修新增。
invite,,,,gaokao-english,official_curriculum_2020,1,普通高中英语课程标准（2017年版2020年修订）附录2词汇表；*为必修新增，**为选择性必修新增。
involve,,,,gaokao-english,official_curriculum_2020,3,普通高中英语课程标准（2017年版2020年修订）附录2词汇表；*为必修新增，**为选择性必修新增。
iron,,,,gaokao-english,official_curriculum_2020,3,普通高中英语课程标准（2017年版2020年修订）附录2词汇表；*为必修新增，**为选择性必修新增。
island,,,,gaokao-english,official_curriculum_2020,1,普通高中英语课程标准（2017年版2020年修订）附录2词汇表；*为必修新增，**为选择性必修新增。
issue,,,,gaokao-english,official_curriculum_2020,2,普通高中英语课程标准（2017年版2020年修订）附录2词汇表；*为必修新增，**为选择性必修新增。
it,,,,gaokao-english,official_curriculum_2020,1,普通高中英语课程标准（2017年版2020年修订）附录2词汇表；*为必修新增，**为选择性必修新增。
item,,,,gaokao-english,official_curriculum_2020,3,普通高中英语课程标准（2017年版2020年修订）附录2词汇表；*为必修新增，**为选择性必修新增。
its,,,,gaokao-english,official_curriculum_2020,1,普通高中英语课程标准（2017年版2020年修订）附录2词汇表；*为必修新增，**为选择性必修新增。
itself,,,,gaokao-english,official_curriculum_2020,1,普通高中英语课程标准（2017年版2020年修订）附录2词汇表；*为必修新增，**为选择性必修新增。
jacket,,,,gaokao-english,official_curriculum_2020,1,普通高中英语课程标准（2017年版2020年修订）附录2词汇表；*为必修新增，**为选择性必修新增。
jam,,,,gaokao-english,official_curriculum_2020,3,普通高中英语课程标准（2017年版2020年修订）附录2词汇表；*为必修新增，**为选择性必修新增。
January,,,,gaokao-english,official_curriculum_2020,1,普通高中英语课程标准（2017年版2020年修订）附录2词汇表；*为必修新增，**为选择性必修新增。
Japan,,,,gaokao-english,official_curriculum_2020,1,普通高中英语课程标准（2017年版2020年修订）附录2词汇表；*为必修新增，**为选择性必修新增。
Japanese,,,,gaokao-english,official_curriculum_2020,1,普通高中英语课程标准（2017年版2020年修订）附录2词汇表；*为必修新增，**为选择性必修新增。
jaw,,,,gaokao-english,official_curriculum_2020,3,普通高中英语课程标准（2017年版2020年修订）附录2词汇表；*为必修新增，**为选择性必修新增。
jazz,,,,gaokao-english,official_curriculum_2020,3,普通高中英语课程标准（2017年版2020年修订）附录2词汇表；*为必修新增，**为选择性必修新增。
jeans,,,,gaokao-english,official_curriculum_2020,2,普通高中英语课程标准（2017年版2020年修订）附录2词汇表；*为必修新增，**为选择性必修新增。
job,,,,gaokao-english,official_curriculum_2020,1,普通高中英语课程标准（2017年版2020年修订）附录2词汇表；*为必修新增，**为选择性必修新增。
jog,,,,gaokao-english,official_curriculum_2020,2,普通高中英语课程标准（2017年版2020年修订）附录2词汇表；*为必修新增，**为选择性必修新增。
join,,,,gaokao-english,official_curriculum_2020,1,普通高中英语课程标准（2017年版2020年修订）附录2词汇表；*为必修新增，**为选择性必修新增。
joint,,,,gaokao-english,official_curriculum_2020,3,普通高中英语课程标准（2017年版2020年修订）附录2词汇表；*为必修新增，**为选择性必修新增。
joke,,,,gaokao-english,official_curriculum_2020,1,普通高中英语课程标准（2017年版2020年修订）附录2词汇表；*为必修新增，**为选择性必修新增。
journal,,,,gaokao-english,official_curriculum_2020,2,普通高中英语课程标准（2017年版2020年修订）附录2词汇表；*为必修新增，**为选择性必修新增。
journalist,,,,gaokao-english,official_curriculum_2020,3,普通高中英语课程标准（2017年版2020年修订）附录2词汇表；*为必修新增，**为选择性必修新增。
journey,,,,gaokao-english,official_curriculum_2020,1,普通高中英语课程标准（2017年版2020年修订）附录2词汇表；*为必修新增，**为选择性必修新增。
joy,,,,gaokao-english,official_curriculum_2020,2,普通高中英语课程标准（2017年版2020年修订）附录2词汇表；*为必修新增，**为选择性必修新增。
judge,,,,gaokao-english,official_curriculum_2020,2,普通高中英语课程标准（2017年版2020年修订）附录2词汇表；*为必修新增，**为选择性必修新增。
juice,,,,gaokao-english,official_curriculum_2020,1,普通高中英语课程标准（2017年版2020年修订）附录2词汇表；*为必修新增，**为选择性必修新增。
July,,,,gaokao-english,official_curriculum_2020,1,普通高中英语课程标准（2017年版2020年修订）附录2词汇表；*为必修新增，**为选择性必修新增。
jump,,,,gaokao-english,official_curriculum_2020,1,普通高中英语课程标准（2017年版2020年修订）附录2词汇表；*为必修新增，**为选择性必修新增。
June,,,,gaokao-english,official_curriculum_2020,1,普通高中英语课程标准（2017年版2020年修订）附录2词汇表；*为必修新增，**为选择性必修新增。
jungle,,,,gaokao-english,official_curriculum_2020,3,普通高中英语课程标准（2017年版2020年修订）附录2词汇表；*为必修新增，**为选择性必修新增。
junior,,,,gaokao-english,official_curriculum_2020,2,普通高中英语课程标准（2017年版2020年修订）附录2词汇表；*为必修新增，**为选择性必修新增。
just,,,,gaokao-english,official_curriculum_2020,1,普通高中英语课程标准（2017年版2020年修订）附录2词汇表；*为必修新增，**为选择性必修新增。
justice,,,,gaokao-english,official_curriculum_2020,2,普通高中英语课程标准（2017年版2020年修订）附录2词汇表；*为必修新增，**为选择性必修新增。
justify,,,,gaokao-english,official_curriculum_2020,3,普通高中英语课程标准（2017年版2020年修订）附录2词汇表；*为必修新增，**为选择性必修新增。
kangaroo,,,,gaokao-english,official_curriculum_2020,2,普通高中英语课程标准（2017年版2020年修订）附录2词汇表；*为必修新增，**为选择性必修新增。
keep,,,,gaokao-english,official_curriculum_2020,1,普通高中英语课程标准（2017年版2020年修订）附录2词汇表；*为必修新增，**为选择性必修新增。
kettle,,,,gaokao-english,official_curriculum_2020,3,普通高中英语课程标准（2017年版2020年修订）附录2词汇表；*为必修新增，**为选择性必修新增。
key,,,,gaokao-english,official_curriculum_2020,1,普通高中英语课程标准（2017年版2020年修订）附录2词汇表；*为必修新增，**为选择性必修新增。
keyboard,,,,gaokao-english,official_curriculum_2020,1,普通高中英语课程标准（2017年版2020年修订）附录2词汇表；*为必修新增，**为选择性必修新增。
kick,,,,gaokao-english,official_curriculum_2020,1,普通高中英语课程标准（2017年版2020年修订）附录2词汇表；*为必修新增，**为选择性必修新增。
kid,,,,gaokao-english,official_curriculum_2020,1,普通高中英语课程标准（2017年版2020年修订）附录2词汇表；*为必修新增，**为选择性必修新增。
kill,,,,gaokao-english,official_curriculum_2020,1,普通高中英语课程标准（2017年版2020年修订）附录2词汇表；*为必修新增，**为选择性必修新增。
kilogram),,,,gaokao-english,official_curriculum_2020,1,普通高中英语课程标准（2017年版2020年修订）附录2词汇表；*为必修新增，**为选择性必修新增。
kilometre (kilometer),,,,gaokao-english,official_curriculum_2020,1,普通高中英语课程标准（2017年版2020年修订）附录2词汇表；*为必修新增，**为选择性必修新增。
kind,,,,gaokao-english,official_curriculum_2020,1,普通高中英语课程标准（2017年版2020年修订）附录2词汇表；*为必修新增，**为选择性必修新增。
kindergarten,,,,gaokao-english,official_curriculum_2020,3,普通高中英语课程标准（2017年版2020年修订）附录2词汇表；*为必修新增，**为选择性必修新增。
king,,,,gaokao-english,official_curriculum_2020,1,普通高中英语课程标准（2017年版2020年修订）附录2词汇表；*为必修新增，**为选择性必修新增。
kingdom,,,,gaokao-english,official_curriculum_2020,3,普通高中英语课程标准（2017年版2020年修订）附录2词汇表；*为必修新增，**为选择性必修新增。
kiss,,,,gaokao-english,official_curriculum_2020,1,普通高中英语课程标准（2017年版2020年修订）附录2词汇表；*为必修新增，**为选择性必修新增。
kit,,,,gaokao-english,official_curriculum_2020,3,普通高中英语课程标准（2017年版2020年修订）附录2词汇表；*为必修新增，**为选择性必修新增。
kitchen,,,,gaokao-english,official_curriculum_2020,1,普通高中英语课程标准（2017年版2020年修订）附录2词汇表；*为必修新增，**为选择性必修新增。
kite,,,,gaokao-english,official_curriculum_2020,1,普通高中英语课程标准（2017年版2020年修订）附录2词汇表；*为必修新增，**为选择性必修新增。
knee,,,,gaokao-english,official_curriculum_2020,1,普通高中英语课程标准（2017年版2020年修订）附录2词汇表；*为必修新增，**为选择性必修新增。
knife,,,,gaokao-english,official_curriculum_2020,1,普通高中英语课程标准（2017年版2020年修订）附录2词汇表；*为必修新增，**为选择性必修新增。
knock,,,,gaokao-english,official_curriculum_2020,1,普通高中英语课程标准（2017年版2020年修订）附录2词汇表；*为必修新增，**为选择性必修新增。
know,,,,gaokao-english,official_curriculum_2020,1,普通高中英语课程标准（2017年版2020年修订）附录2词汇表；*为必修新增，**为选择性必修新增。
knowledge,,,,gaokao-english,official_curriculum_2020,1,普通高中英语课程标准（2017年版2020年修订）附录2词汇表；*为必修新增，**为选择性必修新增。
lab (laboratory),,,,gaokao-english,official_curriculum_2020,1,普通高中英语课程标准（2017年版2020年修订）附录2词汇表；*为必修新增，**为选择性必修新增。
label,,,,gaokao-english,official_curriculum_2020,3,普通高中英语课程标准（2017年版2020年修订）附录2词汇表；*为必修新增，**为选择性必修新增。
labour (labor),,,,gaokao-english,official_curriculum_2020,3,普通高中英语课程标准（2017年版2020年修订）附录2词汇表；*为必修新增，**为选择性必修新增。
lack,,,,gaokao-english,official_curriculum_2020,3,普通高中英语课程标准（2017年版2020年修订）附录2词汇表；*为必修新增，**为选择性必修新增。
lady,,,,gaokao-english,official_curriculum_2020,1,普通高中英语课程标准（2017年版2020年修订）附录2词汇表；*为必修新增，**为选择性必修新增。
lake,,,,gaokao-english,official_curriculum_2020,1,普通高中英语课程标准（2017年版2020年修订）附录2词汇表；*为必修新增，**为选择性必修新增。
lamb,,,,gaokao-english,official_curriculum_2020,3,普通高中英语课程标准（2017年版2020年修订）附录2词汇表；*为必修新增，**为选择性必修新增。
lamp,,,,gaokao-english,official_curriculum_2020,3,普通高中英语课程标准（2017年版2020年修订）附录2词汇表；*为必修新增，**为选择性必修新增。
land,,,,gaokao-english,official_curriculum_2020,1,普通高中英语课程标准（2017年版2020年修订）附录2词汇表；*为必修新增，**为选择性必修新增。
landscape,,,,gaokao-english,official_curriculum_2020,3,普通高中英语课程标准（2017年版2020年修订）附录2词汇表；*为必修新增，**为选择性必修新增。
language,,,,gaokao-english,official_curriculum_2020,1,普通高中英语课程标准（2017年版2020年修订）附录2词汇表；*为必修新增，**为选择性必修新增。
lantern,,,,gaokao-english,official_curriculum_2020,2,普通高中英语课程标准（2017年版2020年修订）附录2词汇表；*为必修新增，**为选择性必修新增。
lap,,,,gaokao-english,official_curriculum_2020,2,普通高中英语课程标准（2017年版2020年修订）附录2词汇表；*为必修新增，**为选择性必修新增。
laptop,,,,gaokao-english,official_curriculum_2020,3,普通高中英语课程标准（2017年版2020年修订）附录2词汇表；*为必修新增，**为选择性必修新增。
large,,,,gaokao-english,official_curriculum_2020,1,普通高中英语课程标准（2017年版2020年修订）附录2词汇表；*为必修新增，**为选择性必修新增。
last,,,,gaokao-english,official_curriculum_2020,1,普通高中英语课程标准（2017年版2020年修订）附录2词汇表；*为必修新增，**为选择性必修新增。
late,,,,gaokao-english,official_curriculum_2020,1,普通高中英语课程标准（2017年版2020年修订）附录2词汇表；*为必修新增，**为选择性必修新增。
later,,,,gaokao-english,official_curriculum_2020,1,普通高中英语课程标准（2017年版2020年修订）附录2词汇表；*为必修新增，**为选择性必修新增。
laugh,,,,gaokao-english,official_curriculum_2020,1,普通高中英语课程标准（2017年版2020年修订）附录2词汇表；*为必修新增，**为选择性必修新增。
launch,,,,gaokao-english,official_curriculum_2020,3,普通高中英语课程标准（2017年版2020年修订）附录2词汇表；*为必修新增，**为选择性必修新增。
law,,,,gaokao-english,official_curriculum_2020,1,普通高中英语课程标准（2017年版2020年修订）附录2词汇表；*为必修新增，**为选择性必修新增。
lawyer,,,,gaokao-english,official_curriculum_2020,3,普通高中英语课程标准（2017年版2020年修订）附录2词汇表；*为必修新增，**为选择性必修新增。
lay,,,,gaokao-english,official_curriculum_2020,1,普通高中英语课程标准（2017年版2020年修订）附录2词汇表；*为必修新增，**为选择性必修新增。
lazy,,,,gaokao-english,official_curriculum_2020,1,普通高中英语课程标准（2017年版2020年修订）附录2词汇表；*为必修新增，**为选择性必修新增。
lead,,,,gaokao-english,official_curriculum_2020,1,普通高中英语课程标准（2017年版2020年修订）附录2词汇表；*为必修新增，**为选择性必修新增。
leader,,,,gaokao-english,official_curriculum_2020,1,普通高中英语课程标准（2017年版2020年修订）附录2词汇表；*为必修新增，**为选择性必修新增。
leadership,,,,gaokao-english,official_curriculum_2020,3,普通高中英语课程标准（2017年版2020年修订）附录2词汇表；*为必修新增，**为选择性必修新增。
leaf,,,,gaokao-english,official_curriculum_2020,1,普通高中英语课程标准（2017年版2020年修订）附录2词汇表；*为必修新增，**为选择性必修新增。
league,,,,gaokao-english,official_curriculum_2020,3,普通高中英语课程标准（2017年版2020年修订）附录2词汇表；*为必修新增，**为选择性必修新增。
leak,,,,gaokao-english,official_curriculum_2020,3,普通高中英语课程标准（2017年版2020年修订）附录2词汇表；*为必修新增，**为选择性必修新增。
learn,,,,gaokao-english,official_curriculum_2020,1,普通高中英语课程标准（2017年版2020年修订）附录2词汇表；*为必修新增，**为选择性必修新增。
least,,,,gaokao-english,official_curriculum_2020,1,普通高中英语课程标准（2017年版2020年修订）附录2词汇表；*为必修新增，**为选择性必修新增。
leather,,,,gaokao-english,official_curriculum_2020,3,普通高中英语课程标准（2017年版2020年修订）附录2词汇表；*为必修新增，**为选择性必修新增。
leave,,,,gaokao-english,official_curriculum_2020,1,普通高中英语课程标准（2017年版2020年修订）附录2词汇表；*为必修新增，**为选择性必修新增。
lecture,,,,gaokao-english,official_curriculum_2020,2,普通高中英语课程标准（2017年版2020年修订）附录2词汇表；*为必修新增，**为选择性必修新增。
left,,,,gaokao-english,official_curriculum_2020,1,普通高中英语课程标准（2017年版2020年修订）附录2词汇表；*为必修新增，**为选择性必修新增。
leg,,,,gaokao-english,official_curriculum_2020,1,普通高中英语课程标准（2017年版2020年修订）附录2词汇表；*为必修新增，**为选择性必修新增。
legal,,,,gaokao-english,official_curriculum_2020,3,普通高中英语课程标准（2017年版2020年修订）附录2词汇表；*为必修新增，**为选择性必修新增。
leisure,,,,gaokao-english,official_curriculum_2020,3,普通高中英语课程标准（2017年版2020年修订）附录2词汇表；*为必修新增，**为选择性必修新增。
lemon,,,,gaokao-english,official_curriculum_2020,1,普通高中英语课程标准（2017年版2020年修订）附录2词汇表；*为必修新增，**为选择性必修新增。
lend,,,,gaokao-english,official_curriculum_2020,1,普通高中英语课程标准（2017年版2020年修订）附录2词汇表；*为必修新增，**为选择性必修新增。
length,,,,gaokao-english,official_curriculum_2020,2,普通高中英语课程标准（2017年版2020年修订）附录2词汇表；*为必修新增，**为选择性必修新增。
less,,,,gaokao-english,official_curriculum_2020,1,普通高中英语课程标准（2017年版2020年修订）附录2词汇表；*为必修新增，**为选择性必修新增。
lesson,,,,gaokao-english,official_curriculum_2020,1,普通高中英语课程标准（2017年版2020年修订）附录2词汇表；*为必修新增，**为选择性必修新增。
let,,,,gaokao-english,official_curriculum_2020,1,普通高中英语课程标准（2017年版2020年修订）附录2词汇表；*为必修新增，**为选择性必修新增。
letter,,,,gaokao-english,official_curriculum_2020,1,普通高中英语课程标准（2017年版2020年修订）附录2词汇表；*为必修新增，**为选择性必修新增。
level,,,,gaokao-english,official_curriculum_2020,1,普通高中英语课程标准（2017年版2020年修订）附录2词汇表；*为必修新增，**为选择性必修新增。
liberation,,,,gaokao-english,official_curriculum_2020,3,普通高中英语课程标准（2017年版2020年修订）附录2词汇表；*为必修新增，**为选择性必修新增。
liberty,,,,gaokao-english,official_curriculum_2020,3,普通高中英语课程标准（2017年版2020年修订）附录2词汇表；*为必修新增，**为选择性必修新增。
librarian,,,,gaokao-english,official_curriculum_2020,3,普通高中英语课程标准（2017年版2020年修订）附录2词汇表；*为必修新增，**为选择性必修新增。
library,,,,gaokao-english,official_curriculum_2020,1,普通高中英语课程标准（2017年版2020年修订）附录2词汇表；*为必修新增，**为选择性必修新增。
license,,,,gaokao-english,official_curriculum_2020,3,普通高中英语课程标准（2017年版2020年修订）附录2词汇表；*为必修新增，**为选择性必修新增。
lie,,,,gaokao-english,official_curriculum_2020,1,普通高中英语课程标准（2017年版2020年修订）附录2词汇表；*为必修新增，**为选择性必修新增。
life,,,,gaokao-english,official_curriculum_2020,1,普通高中英语课程标准（2017年版2020年修订）附录2词汇表；*为必修新增，**为选择性必修新增。
lift,,,,gaokao-english,official_curriculum_2020,1,普通高中英语课程标准（2017年版2020年修订）附录2词汇表；*为必修新增，**为选择性必修新增。
light,,,,gaokao-english,official_curriculum_2020,1,普通高中英语课程标准（2017年版2020年修订）附录2词汇表；*为必修新增，**为选择性必修新增。
like,,,,gaokao-english,official_curriculum_2020,1,普通高中英语课程标准（2017年版2020年修订）附录2词汇表；*为必修新增，**为选择性必修新增。
likely,,,,gaokao-english,official_curriculum_2020,2,普通高中英语课程标准（2017年版2020年修订）附录2词汇表；*为必修新增，**为选择性必修新增。
limit,,,,gaokao-english,official_curriculum_2020,3,普通高中英语课程标准（2017年版2020年修订）附录2词汇表；*为必修新增，**为选择性必修新增。
limited,,,,gaokao-english,official_curriculum_2020,2,普通高中英语课程标准（2017年版2020年修订）附录2词汇表；*为必修新增，**为选择性必修新增。
line,,,,gaokao-english,official_curriculum_2020,1,普通高中英语课程标准（2017年版2020年修订）附录2词汇表；*为必修新增，**为选择性必修新增。
link,,,,gaokao-english,official_curriculum_2020,3,普通高中英语课程标准（2017年版2020年修订）附录2词汇表；*为必修新增，**为选择性必修新增。
lion,,,,gaokao-english,official_curriculum_2020,1,普通高中英语课程标准（2017年版2020年修订）附录2词汇表；*为必修新增，**为选择性必修新增。
liquid,,,,gaokao-english,official_curriculum_2020,3,普通高中英语课程标准（2017年版2020年修订）附录2词汇表；*为必修新增，**为选择性必修新增。
list,,,,gaokao-english,official_curriculum_2020,1,普通高中英语课程标准（2017年版2020年修订）附录2词汇表；*为必修新增，**为选择性必修新增。
listen,,,,gaokao-english,official_curriculum_2020,1,普通高中英语课程标准（2017年版2020年修订）附录2词汇表；*为必修新增，**为选择性必修新增。
literally,,,,gaokao-english,official_curriculum_2020,3,普通高中英语课程标准（2017年版2020年修订）附录2词汇表；*为必修新增，**为选择性必修新增。
literary,,,,gaokao-english,official_curriculum_2020,3,普通高中英语课程标准（2017年版2020年修订）附录2词汇表；*为必修新增，**为选择性必修新增。
literature,,,,gaokao-english,official_curriculum_2020,2,普通高中英语课程标准（2017年版2020年修订）附录2词汇表；*为必修新增，**为选择性必修新增。
litter,,,,gaokao-english,official_curriculum_2020,1,普通高中英语课程标准（2017年版2020年修订）附录2词汇表；*为必修新增，**为选择性必修新增。
little,,,,gaokao-english,official_curriculum_2020,1,普通高中英语课程标准（2017年版2020年修订）附录2词汇表；*为必修新增，**为选择性必修新增。
live,,,,gaokao-english,official_curriculum_2020,1,普通高中英语课程标准（2017年版2020年修订）附录2词汇表；*为必修新增，**为选择性必修新增。
lively,,,,gaokao-english,official_curriculum_2020,1,普通高中英语课程标准（2017年版2020年修订）附录2词汇表；*为必修新增，**为选择性必修新增。
living,,,,gaokao-english,official_curriculum_2020,2,普通高中英语课程标准（2017年版2020年修订）附录2词汇表；*为必修新增，**为选择性必修新增。
load,,,,gaokao-english,official_curriculum_2020,3,普通高中英语课程标准（2017年版2020年修订）附录2词汇表；*为必修新增，**为选择性必修新增。
loan,,,,gaokao-english,official_curriculum_2020,3,普通高中英语课程标准（2017年版2020年修订）附录2词汇表；*为必修新增，**为选择性必修新增。
local,,,,gaokao-english,official_curriculum_2020,1,普通高中英语课程标准（2017年版2020年修订）附录2词汇表；*为必修新增，**为选择性必修新增。
location,,,,gaokao-english,official_curriculum_2020,2,普通高中英语课程标准（2017年版2020年修订）附录2词汇表；*为必修新增，**为选择性必修新增。
lock,,,,gaokao-english,official_curriculum_2020,1,普通高中英语课程标准（2017年版2020年修订）附录2词汇表；*为必修新增，**为选择性必修新增。
log,,,,gaokao-english,official_curriculum_2020,3,普通高中英语课程标准（2017年版2020年修订）附录2词汇表；*为必修新增，**为选择性必修新增。
logical,,,,gaokao-english,official_curriculum_2020,3,普通高中英语课程标准（2017年版2020年修订）附录2词汇表；*为必修新增，**为选择性必修新增。
London,,,,gaokao-english,official_curriculum_2020,1,普通高中英语课程标准（2017年版2020年修订）附录2词汇表；*为必修新增，**为选择性必修新增。
lonely,,,,gaokao-english,official_curriculum_2020,1,普通高中英语课程标准（2017年版2020年修订）附录2词汇表；*为必修新增，**为选择性必修新增。
long,,,,gaokao-english,official_curriculum_2020,1,普通高中英语课程标准（2017年版2020年修订）附录2词汇表；*为必修新增，**为选择性必修新增。
look,,,,gaokao-english,official_curriculum_2020,1,普通高中英语课程标准（2017年版2020年修订）附录2词汇表；*为必修新增，**为选择性必修新增。
loose,,,,gaokao-english,official_curriculum_2020,3,普通高中英语课程标准（2017年版2020年修订）附录2词汇表；*为必修新增，**为选择性必修新增。
lose,,,,gaokao-english,official_curriculum_2020,1,普通高中英语课程标准（2017年版2020年修订）附录2词汇表；*为必修新增，**为选择性必修新增。
loss,,,,gaokao-english,official_curriculum_2020,2,普通高中英语课程标准（2017年版2020年修订）附录2词汇表；*为必修新增，**为选择性必修新增。
lot,,,,gaokao-english,official_curriculum_2020,1,普通高中英语课程标准（2017年版2020年修订）附录2词汇表；*为必修新增，**为选择性必修新增。
loud,,,,gaokao-english,official_curriculum_2020,1,普通高中英语课程标准（2017年版2020年修订）附录2词汇表；*为必修新增，**为选择性必修新增。
love,,,,gaokao-english,official_curriculum_2020,1,普通高中英语课程标准（2017年版2020年修订）附录2词汇表；*为必修新增，**为选择性必修新增。
lovely,,,,gaokao-english,official_curriculum_2020,1,普通高中英语课程标准（2017年版2020年修订）附录2词汇表；*为必修新增，**为选择性必修新增。
low,,,,gaokao-english,official_curriculum_2020,1,普通高中英语课程标准（2017年版2020年修订）附录2词汇表；*为必修新增，**为选择性必修新增。
lower,,,,gaokao-english,official_curriculum_2020,3,普通高中英语课程标准（2017年版2020年修订）附录2词汇表；*为必修新增，**为选择性必修新增。
luck,,,,gaokao-english,official_curriculum_2020,1,普通高中英语课程标准（2017年版2020年修订）附录2词汇表；*为必修新增，**为选择性必修新增。
lucky,,,,gaokao-english,official_curriculum_2020,1,普通高中英语课程标准（2017年版2020年修订）附录2词汇表；*为必修新增，**为选择性必修新增。
lunar,,,,gaokao-english,official_curriculum_2020,3,普通高中英语课程标准（2017年版2020年修订）附录2词汇表；*为必修新增，**为选择性必修新增。
lunch,,,,gaokao-english,official_curriculum_2020,1,普通高中英语课程标准（2017年版2020年修订）附录2词汇表；*为必修新增，**为选择性必修新增。
lung,,,,gaokao-english,official_curriculum_2020,3,普通高中英语课程标准（2017年版2020年修订）附录2词汇表；*为必修新增，**为选择性必修新增。
luxury,,,,gaokao-english,official_curriculum_2020,3,普通高中英语课程标准（2017年版2020年修订）附录2词汇表；*为必修新增，**为选择性必修新增。
machine,,,,gaokao-english,official_curriculum_2020,1,普通高中英语课程标准（2017年版2020年修订）附录2词汇表；*为必修新增，**为选择性必修新增。
mad,,,,gaokao-english,official_curriculum_2020,1,普通高中英语课程标准（2017年版2020年修订）附录2词汇表；*为必修新增，**为选择性必修新增。
madam,,,,gaokao-english,official_curriculum_2020,3,普通高中英语课程标准（2017年版2020年修订）附录2词汇表；*为必修新增，**为选择性必修新增。
magazine,,,,gaokao-english,official_curriculum_2020,1,普通高中英语课程标准（2017年版2020年修订）附录2词汇表；*为必修新增，**为选择性必修新增。
magic,,,,gaokao-english,official_curriculum_2020,1,普通高中英语课程标准（2017年版2020年修订）附录2词汇表；*为必修新增，**为选择性必修新增。
mail,,,,gaokao-english,official_curriculum_2020,3,普通高中英语课程标准（2017年版2020年修订）附录2词汇表；*为必修新增，**为选择性必修新增。
main,,,,gaokao-english,official_curriculum_2020,1,普通高中英语课程标准（2017年版2020年修订）附录2词汇表；*为必修新增，**为选择性必修新增。
maintain,,,,gaokao-english,official_curriculum_2020,2,普通高中英语课程标准（2017年版2020年修订）附录2词汇表；*为必修新增，**为选择性必修新增。
major,,,,gaokao-english,official_curriculum_2020,2,普通高中英语课程标准（2017年版2020年修订）附录2词汇表；*为必修新增，**为选择性必修新增。
majority,,,,gaokao-english,official_curriculum_2020,2,普通高中英语课程标准（2017年版2020年修订）附录2词汇表；*为必修新增，**为选择性必修新增。
make,,,,gaokao-english,official_curriculum_2020,1,普通高中英语课程标准（2017年版2020年修订）附录2词汇表；*为必修新增，**为选择性必修新增。
male,,,,gaokao-english,official_curriculum_2020,2,普通高中英语课程标准（2017年版2020年修订）附录2词汇表；*为必修新增，**为选择性必修新增。
man (pl. men),,,,gaokao-english,official_curriculum_2020,1,普通高中英语课程标准（2017年版2020年修订）附录2词汇表；*为必修新增，**为选择性必修新增。
manage,,,,gaokao-english,official_curriculum_2020,1,普通高中英语课程标准（2017年版2020年修订）附录2词汇表；*为必修新增，**为选择性必修新增。
manager,,,,gaokao-english,official_curriculum_2020,1,普通高中英语课程标准（2017年版2020年修订）附录2词汇表；*为必修新增，**为选择性必修新增。
mankind,,,,gaokao-english,official_curriculum_2020,3,普通高中英语课程标准（2017年版2020年修订）附录2词汇表；*为必修新增，**为选择性必修新增。
manner,,,,gaokao-english,official_curriculum_2020,3,普通高中英语课程标准（2017年版2020年修订）附录2词汇表；*为必修新增，**为选择性必修新增。
many,,,,gaokao-english,official_curriculum_2020,1,普通高中英语课程标准（2017年版2020年修订）附录2词汇表；*为必修新增，**为选择性必修新增。
map,,,,gaokao-english,official_curriculum_2020,1,普通高中英语课程标准（2017年版2020年修订）附录2词汇表；*为必修新增，**为选择性必修新增。
marathon,,,,gaokao-english,official_curriculum_2020,3,普通高中英语课程标准（2017年版2020年修订）附录2词汇表；*为必修新增，**为选择性必修新增。
March,,,,gaokao-english,official_curriculum_2020,1,普通高中英语课程标准（2017年版2020年修订）附录2词汇表；*为必修新增，**为选择性必修新增。
mark,,,,gaokao-english,official_curriculum_2020,1,普通高中英语课程标准（2017年版2020年修订）附录2词汇表；*为必修新增，**为选择性必修新增。
market,,,,gaokao-english,official_curriculum_2020,1,普通高中英语课程标准（2017年版2020年修订）附录2词汇表；*为必修新增，**为选择性必修新增。
marriage,,,,gaokao-english,official_curriculum_2020,2,普通高中英语课程标准（2017年版2020年修订）附录2词汇表；*为必修新增，**为选择性必修新增。
marry,,,,gaokao-english,official_curriculum_2020,1,普通高中英语课程标准（2017年版2020年修订）附录2词汇表；*为必修新增，**为选择性必修新增。
mass,,,,gaokao-english,official_curriculum_2020,2,普通高中英语课程标准（2017年版2020年修订）附录2词汇表；*为必修新增，**为选择性必修新增。
massive,,,,gaokao-english,official_curriculum_2020,3,普通高中英语课程标准（2017年版2020年修订）附录2词汇表；*为必修新增，**为选择性必修新增。
master,,,,gaokao-english,official_curriculum_2020,2,普通高中英语课程标准（2017年版2020年修订）附录2词汇表；*为必修新增，**为选择性必修新增。
match,,,,gaokao-english,official_curriculum_2020,1,普通高中英语课程标准（2017年版2020年修订）附录2词汇表；*为必修新增，**为选择性必修新增。
material,,,,gaokao-english,official_curriculum_2020,2,普通高中英语课程标准（2017年版2020年修订）附录2词汇表；*为必修新增，**为选择性必修新增。
maths (mathematics),,,,gaokao-english,official_curriculum_2020,1,普通高中英语课程标准（2017年版2020年修订）附录2词汇表；*为必修新增，**为选择性必修新增。
matter,,,,gaokao-english,official_curriculum_2020,1,普通高中英语课程标准（2017年版2020年修订）附录2词汇表；*为必修新增，**为选择性必修新增。
mature,,,,gaokao-english,official_curriculum_2020,3,普通高中英语课程标准（2017年版2020年修订）附录2词汇表；*为必修新增，**为选择性必修新增。
maximum,,,,gaokao-english,official_curriculum_2020,3,普通高中英语课程标准（2017年版2020年修订）附录2词汇表；*为必修新增，**为选择性必修新增。
May,,,,gaokao-english,official_curriculum_2020,1,普通高中英语课程标准（2017年版2020年修订）附录2词汇表；*为必修新增，**为选择性必修新增。
maybe,,,,gaokao-english,official_curriculum_2020,1,普通高中英语课程标准（2017年版2020年修订）附录2词汇表；*为必修新增，**为选择性必修新增。
me,,,,gaokao-english,official_curriculum_2020,1,普通高中英语课程标准（2017年版2020年修订）附录2词汇表；*为必修新增，**为选择性必修新增。
meal,,,,gaokao-english,official_curriculum_2020,1,普通高中英语课程标准（2017年版2020年修订）附录2词汇表；*为必修新增，**为选择性必修新增。
mean,,,,gaokao-english,official_curriculum_2020,1,普通高中英语课程标准（2017年版2020年修订）附录2词汇表；*为必修新增，**为选择性必修新增。
meaning,,,,gaokao-english,official_curriculum_2020,1,普通高中英语课程标准（2017年版2020年修订）附录2词汇表；*为必修新增，**为选择性必修新增。
means,,,,gaokao-english,official_curriculum_2020,3,普通高中英语课程标准（2017年版2020年修订）附录2词汇表；*为必修新增，**为选择性必修新增。
measure,,,,gaokao-english,official_curriculum_2020,2,普通高中英语课程标准（2017年版2020年修订）附录2词汇表；*为必修新增，**为选择性必修新增。
meat,,,,gaokao-english,official_curriculum_2020,1,普通高中英语课程标准（2017年版2020年修订）附录2词汇表；*为必修新增，**为选择性必修新增。
mechanic,,,,gaokao-english,official_curriculum_2020,3,普通高中英语课程标准（2017年版2020年修订）附录2词汇表；*为必修新增，**为选择性必修新增。
medal,,,,gaokao-english,official_curriculum_2020,2,普通高中英语课程标准（2017年版2020年修订）附录2词汇表；*为必修新增，**为选择性必修新增。
medical,,,,gaokao-english,official_curriculum_2020,1,普通高中英语课程标准（2017年版2020年修订）附录2词汇表；*为必修新增，**为选择性必修新增。
medicine,,,,gaokao-english,official_curriculum_2020,1,普通高中英语课程标准（2017年版2020年修订）附录2词汇表；*为必修新增，**为选择性必修新增。
medium (pl. media),,,,gaokao-english,official_curriculum_2020,2,普通高中英语课程标准（2017年版2020年修订）附录2词汇表；*为必修新增，**为选择性必修新增。
meet,,,,gaokao-english,official_curriculum_2020,1,普通高中英语课程标准（2017年版2020年修订）附录2词汇表；*为必修新增，**为选择性必修新增。
meeting,,,,gaokao-english,official_curriculum_2020,1,普通高中英语课程标准（2017年版2020年修订）附录2词汇表；*为必修新增，**为选择性必修新增。
member,,,,gaokao-english,official_curriculum_2020,1,普通高中英语课程标准（2017年版2020年修订）附录2词汇表；*为必修新增，**为选择性必修新增。
membership,,,,gaokao-english,official_curriculum_2020,3,普通高中英语课程标准（2017年版2020年修订）附录2词汇表；*为必修新增，**为选择性必修新增。
memorial,,,,gaokao-english,official_curriculum_2020,3,普通高中英语课程标准（2017年版2020年修订）附录2词汇表；*为必修新增，**为选择性必修新增。
memory,,,,gaokao-english,official_curriculum_2020,2,普通高中英语课程标准（2017年版2020年修订）附录2词汇表；*为必修新增，**为选择性必修新增。
mental,,,,gaokao-english,official_curriculum_2020,2,普通高中英语课程标准（2017年版2020年修订）附录2词汇表；*为必修新增，**为选择性必修新增。
mention,,,,gaokao-english,official_curriculum_2020,1,普通高中英语课程标准（2017年版2020年修订）附录2词汇表；*为必修新增，**为选择性必修新增。
menu,,,,gaokao-english,official_curriculum_2020,1,普通高中英语课程标准（2017年版2020年修订）附录2词汇表；*为必修新增，**为选择性必修新增。
mercy,,,,gaokao-english,official_curriculum_2020,3,普通高中英语课程标准（2017年版2020年修订）附录2词汇表；*为必修新增，**为选择性必修新增。
merely,,,,gaokao-english,official_curriculum_2020,3,普通高中英语课程标准（2017年版2020年修订）附录2词汇表；*为必修新增，**为选择性必修新增。
merry,,,,gaokao-english,official_curriculum_2020,2,普通高中英语课程标准（2017年版2020年修订）附录2词汇表；*为必修新增，**为选择性必修新增。
mess,,,,gaokao-english,official_curriculum_2020,1,普通高中英语课程标准（2017年版2020年修订）附录2词汇表；*为必修新增，**为选择性必修新增。
message,,,,gaokao-english,official_curriculum_2020,1,普通高中英语课程标准（2017年版2020年修订）附录2词汇表；*为必修新增，**为选择性必修新增。
metal,,,,gaokao-english,official_curriculum_2020,2,普通高中英语课程标准（2017年版2020年修订）附录2词汇表；*为必修新增，**为选择性必修新增。
method,,,,gaokao-english,official_curriculum_2020,1,普通高中英语课程标准（2017年版2020年修订）附录2词汇表；*为必修新增，**为选择性必修新增。
metre (meter),,,,gaokao-english,official_curriculum_2020,1,普通高中英语课程标准（2017年版2020年修订）附录2词汇表；*为必修新增，**为选择性必修新增。
microscope,,,,gaokao-english,official_curriculum_2020,3,普通高中英语课程标准（2017年版2020年修订）附录2词汇表；*为必修新增，**为选择性必修新增。
middle,,,,gaokao-english,official_curriculum_2020,1,普通高中英语课程标准（2017年版2020年修订）附录2词汇表；*为必修新增，**为选择性必修新增。
midnight,,,,gaokao-english,official_curriculum_2020,2,普通高中英语课程标准（2017年版2020年修订）附录2词汇表；*为必修新增，**为选择性必修新增。
might,,,,gaokao-english,official_curriculum_2020,1,普通高中英语课程标准（2017年版2020年修订）附录2词汇表；*为必修新增，**为选择性必修新增。
mild,,,,gaokao-english,official_curriculum_2020,3,普通高中英语课程标准（2017年版2020年修订）附录2词汇表；*为必修新增，**为选择性必修新增。
mile,,,,gaokao-english,official_curriculum_2020,1,普通高中英语课程标准（2017年版2020年修订）附录2词汇表；*为必修新增，**为选择性必修新增。
military,,,,gaokao-english,official_curriculum_2020,2,普通高中英语课程标准（2017年版2020年修订）附录2词汇表；*为必修新增，**为选择性必修新增。
milk,,,,gaokao-english,official_curriculum_2020,1,普通高中英语课程标准（2017年版2020年修订）附录2词汇表；*为必修新增，**为选择性必修新增。
millimetre (millimeter),,,,gaokao-english,official_curriculum_2020,3,普通高中英语课程标准（2017年版2020年修订）附录2词汇表；*为必修新增，**为选择性必修新增。
million,,,,gaokao-english,official_curriculum_2020,3,普通高中英语课程标准（2017年版2020年修订）附录2词汇表；*为必修新增，**为选择性必修新增。
mind,,,,gaokao-english,official_curriculum_2020,1,普通高中英语课程标准（2017年版2020年修订）附录2词汇表；*为必修新增，**为选择性必修新增。
mine,,,,gaokao-english,official_curriculum_2020,1,普通高中英语课程标准（2017年版2020年修订）附录2词汇表；*为必修新增，**为选择性必修新增。
mineral,,,,gaokao-english,official_curriculum_2020,3,普通高中英语课程标准（2017年版2020年修订）附录2词汇表；*为必修新增，**为选择性必修新增。
minimum,,,,gaokao-english,official_curriculum_2020,3,普通高中英语课程标准（2017年版2020年修订）附录2词汇表；*为必修新增，**为选择性必修新增。
minister,,,,gaokao-english,official_curriculum_2020,3,普通高中英语课程标准（2017年版2020年修订）附录2词汇表；*为必修新增，**为选择性必修新增。
minor,,,,gaokao-english,official_curriculum_2020,3,普通高中英语课程标准（2017年版2020年修订）附录2词汇表；*为必修新增，**为选择性必修新增。
minority,,,,gaokao-english,official_curriculum_2020,3,普通高中英语课程标准（2017年版2020年修订）附录2词汇表；*为必修新增，**为选择性必修新增。
minute,,,,gaokao-english,official_curriculum_2020,1,普通高中英语课程标准（2017年版2020年修订）附录2词汇表；*为必修新增，**为选择性必修新增。
mirror,,,,gaokao-english,official_curriculum_2020,3,普通高中英语课程标准（2017年版2020年修订）附录2词汇表；*为必修新增，**为选择性必修新增。
Miss,,,,gaokao-english,official_curriculum_2020,1,普通高中英语课程标准（2017年版2020年修订）附录2词汇表；*为必修新增，**为选择性必修新增。
missile,,,,gaokao-english,official_curriculum_2020,3,普通高中英语课程标准（2017年版2020年修订）附录2词汇表；*为必修新增，**为选择性必修新增。
missing,,,,gaokao-english,official_curriculum_2020,1,普通高中英语课程标准（2017年版2020年修订）附录2词汇表；*为必修新增，**为选择性必修新增。
mission,,,,gaokao-english,official_curriculum_2020,3,普通高中英语课程标准（2017年版2020年修订）附录2词汇表；*为必修新增，**为选择性必修新增。
mist,,,,gaokao-english,official_curriculum_2020,3,普通高中英语课程标准（2017年版2020年修订）附录2词汇表；*为必修新增，**为选择性必修新增。
mistake,,,,gaokao-english,official_curriculum_2020,1,普通高中英语课程标准（2017年版2020年修订）附录2词汇表；*为必修新增，**为选择性必修新增。
mix,,,,gaokao-english,official_curriculum_2020,1,普通高中英语课程标准（2017年版2020年修订）附录2词汇表；*为必修新增，**为选择性必修新增。
mixture,,,,gaokao-english,official_curriculum_2020,3,普通高中英语课程标准（2017年版2020年修订）附录2词汇表；*为必修新增，**为选择性必修新增。
mobile phone,,,,gaokao-english,official_curriculum_2020,1,普通高中英语课程标准（2017年版2020年修订）附录2词汇表；*为必修新增，**为选择性必修新增。
mode,,,,gaokao-english,official_curriculum_2020,3,普通高中英语课程标准（2017年版2020年修订）附录2词汇表；*为必修新增，**为选择性必修新增。
model,,,,gaokao-english,official_curriculum_2020,1,普通高中英语课程标准（2017年版2020年修订）附录2词汇表；*为必修新增，**为选择性必修新增。
modern,,,,gaokao-english,official_curriculum_2020,1,普通高中英语课程标准（2017年版2020年修订）附录2词汇表；*为必修新增，**为选择性必修新增。
moment,,,,gaokao-english,official_curriculum_2020,2,普通高中英语课程标准（2017年版2020年修订）附录2词汇表；*为必修新增，**为选择性必修新增。
Monday,,,,gaokao-english,official_curriculum_2020,1,普通高中英语课程标准（2017年版2020年修订）附录2词汇表；*为必修新增，**为选择性必修新增。
money,,,,gaokao-english,official_curriculum_2020,1,普通高中英语课程标准（2017年版2020年修订）附录2词汇表；*为必修新增，**为选择性必修新增。
monitor,,,,gaokao-english,official_curriculum_2020,3,普通高中英语课程标准（2017年版2020年修订）附录2词汇表；*为必修新增，**为选择性必修新增。
monkey,,,,gaokao-english,official_curriculum_2020,1,普通高中英语课程标准（2017年版2020年修订）附录2词汇表；*为必修新增，**为选择性必修新增。
month,,,,gaokao-english,official_curriculum_2020,1,普通高中英语课程标准（2017年版2020年修订）附录2词汇表；*为必修新增，**为选择性必修新增。
monthly,,,,gaokao-english,official_curriculum_2020,3,普通高中英语课程标准（2017年版2020年修订）附录2词汇表；*为必修新增，**为选择性必修新增。
mood,,,,gaokao-english,official_curriculum_2020,3,普通高中英语课程标准（2017年版2020年修订）附录2词汇表；*为必修新增，**为选择性必修新增。
moon,,,,gaokao-english,official_curriculum_2020,1,普通高中英语课程标准（2017年版2020年修订）附录2词汇表；*为必修新增，**为选择性必修新增。
moral,,,,gaokao-english,official_curriculum_2020,3,普通高中英语课程标准（2017年版2020年修订）附录2词汇表；*为必修新增，**为选择性必修新增。
more,,,,gaokao-english,official_curriculum_2020,1,普通高中英语课程标准（2017年版2020年修订）附录2词汇表；*为必修新增，**为选择性必修新增。
moreover,,,,gaokao-english,official_curriculum_2020,2,普通高中英语课程标准（2017年版2020年修订）附录2词汇表；*为必修新增，**为选择性必修新增。
morning,,,,gaokao-english,official_curriculum_2020,1,普通高中英语课程标准（2017年版2020年修订）附录2词汇表；*为必修新增，**为选择性必修新增。
mosquito,,,,gaokao-english,official_curriculum_2020,3,普通高中英语课程标准（2017年版2020年修订）附录2词汇表；*为必修新增，**为选择性必修新增。
most,,,,gaokao-english,official_curriculum_2020,1,普通高中英语课程标准（2017年版2020年修订）附录2词汇表；*为必修新增，**为选择性必修新增。
mostly,,,,gaokao-english,official_curriculum_2020,3,普通高中英语课程标准（2017年版2020年修订）附录2词汇表；*为必修新增，**为选择性必修新增。
mother (mum),,,,gaokao-english,official_curriculum_2020,1,普通高中英语课程标准（2017年版2020年修订）附录2词汇表；*为必修新增，**为选择性必修新增。
motion,,,,gaokao-english,official_curriculum_2020,3,普通高中英语课程标准（2017年版2020年修订）附录2词汇表；*为必修新增，**为选择性必修新增。
motivate,,,,gaokao-english,official_curriculum_2020,3,普通高中英语课程标准（2017年版2020年修订）附录2词汇表；*为必修新增，**为选择性必修新增。
motive,,,,gaokao-english,official_curriculum_2020,3,普通高中英语课程标准（2017年版2020年修订）附录2词汇表；*为必修新增，**为选择性必修新增。
motor,,,,gaokao-english,official_curriculum_2020,3,普通高中英语课程标准（2017年版2020年修订）附录2词汇表；*为必修新增，**为选择性必修新增。
mount,,,,gaokao-english,official_curriculum_2020,3,普通高中英语课程标准（2017年版2020年修订）附录2词汇表；*为必修新增，**为选择性必修新增。
mountain,,,,gaokao-english,official_curriculum_2020,1,普通高中英语课程标准（2017年版2020年修订）附录2词汇表；*为必修新增，**为选择性必修新增。
mouse (pl. mice),,,,gaokao-english,official_curriculum_2020,1,普通高中英语课程标准（2017年版2020年修订）附录2词汇表；*为必修新增，**为选择性必修新增。
mouth,,,,gaokao-english,official_curriculum_2020,1,普通高中英语课程标准（2017年版2020年修订）附录2词汇表；*为必修新增，**为选择性必修新增。
move,,,,gaokao-english,official_curriculum_2020,1,普通高中英语课程标准（2017年版2020年修订）附录2词汇表；*为必修新增，**为选择性必修新增。
movement,,,,gaokao-english,official_curriculum_2020,2,普通高中英语课程标准（2017年版2020年修订）附录2词汇表；*为必修新增，**为选择性必修新增。
movie,,,,gaokao-english,official_curriculum_2020,1,普通高中英语课程标准（2017年版2020年修订）附录2词汇表；*为必修新增，**为选择性必修新增。
Mr,,,,gaokao-english,official_curriculum_2020,1,普通高中英语课程标准（2017年版2020年修订）附录2词汇表；*为必修新增，**为选择性必修新增。
Mrs,,,,gaokao-english,official_curriculum_2020,1,普通高中英语课程标准（2017年版2020年修订）附录2词汇表；*为必修新增，**为选择性必修新增。
Ms,,,,gaokao-english,official_curriculum_2020,1,普通高中英语课程标准（2017年版2020年修订）附录2词汇表；*为必修新增，**为选择性必修新增。
much,,,,gaokao-english,official_curriculum_2020,1,普通高中英语课程标准（2017年版2020年修订）附录2词汇表；*为必修新增，**为选择性必修新增。
mud,,,,gaokao-english,official_curriculum_2020,3,普通高中英语课程标准（2017年版2020年修订）附录2词汇表；*为必修新增，**为选择性必修新增。
multiple,,,,gaokao-english,official_curriculum_2020,3,普通高中英语课程标准（2017年版2020年修订）附录2词汇表；*为必修新增，**为选择性必修新增。
murder,,,,gaokao-english,official_curriculum_2020,3,普通高中英语课程标准（2017年版2020年修订）附录2词汇表；*为必修新增，**为选择性必修新增。
muscle,,,,gaokao-english,official_curriculum_2020,3,普通高中英语课程标准（2017年版2020年修订）附录2词汇表；*为必修新增，**为选择性必修新增。
museum,,,,gaokao-english,official_curriculum_2020,1,普通高中英语课程标准（2017年版2020年修订）附录2词汇表；*为必修新增，**为选择性必修新增。
mushroom,,,,gaokao-english,official_curriculum_2020,3,普通高中英语课程标准（2017年版2020年修订）附录2词汇表；*为必修新增，**为选择性必修新增。
music,,,,gaokao-english,official_curriculum_2020,1,普通高中英语课程标准（2017年版2020年修订）附录2词汇表；*为必修新增，**为选择性必修新增。
musician,,,,gaokao-english,official_curriculum_2020,1,普通高中英语课程标准（2017年版2020年修订）附录2词汇表；*为必修新增，**为选择性必修新增。
must,,,,gaokao-english,official_curriculum_2020,1,普通高中英语课程标准（2017年版2020年修订）附录2词汇表；*为必修新增，**为选择性必修新增。
my,,,,gaokao-english,official_curriculum_2020,1,普通高中英语课程标准（2017年版2020年修订）附录2词汇表；*为必修新增，**为选择性必修新增。
myself,,,,gaokao-english,official_curriculum_2020,1,普通高中英语课程标准（2017年版2020年修订）附录2词汇表；*为必修新增，**为选择性必修新增。
nail,,,,gaokao-english,official_curriculum_2020,3,普通高中英语课程标准（2017年版2020年修订）附录2词汇表；*为必修新增，**为选择性必修新增。
name,,,,gaokao-english,official_curriculum_2020,1,普通高中英语课程标准（2017年版2020年修订）附录2词汇表；*为必修新增，**为选择性必修新增。
narrow,,,,gaokao-english,official_curriculum_2020,2,普通高中英语课程标准（2017年版2020年修订）附录2词汇表；*为必修新增，**为选择性必修新增。
nation,,,,gaokao-english,official_curriculum_2020,2,普通高中英语课程标准（2017年版2020年修订）附录2词汇表；*为必修新增，**为选择性必修新增。
national,,,,gaokao-english,official_curriculum_2020,1,普通高中英语课程标准（2017年版2020年修订）附录2词汇表；*为必修新增，**为选择性必修新增。
nationality,,,,gaokao-english,official_curriculum_2020,2,普通高中英语课程标准（2017年版2020年修订）附录2词汇表；*为必修新增，**为选择性必修新增。
native,,,,gaokao-english,official_curriculum_2020,3,普通高中英语课程标准（2017年版2020年修订）附录2词汇表；*为必修新增，**为选择性必修新增。
natural,,,,gaokao-english,official_curriculum_2020,1,普通高中英语课程标准（2017年版2020年修订）附录2词汇表；*为必修新增，**为选择性必修新增。
nature,,,,gaokao-english,official_curriculum_2020,1,普通高中英语课程标准（2017年版2020年修订）附录2词汇表；*为必修新增，**为选择性必修新增。
navy,,,,gaokao-english,official_curriculum_2020,3,普通高中英语课程标准（2017年版2020年修订）附录2词汇表；*为必修新增，**为选择性必修新增。
near,,,,gaokao-english,official_curriculum_2020,1,普通高中英语课程标准（2017年版2020年修订）附录2词汇表；*为必修新增，**为选择性必修新增。
nearby,,,,gaokao-english,official_curriculum_2020,2,普通高中英语课程标准（2017年版2020年修订）附录2词汇表；*为必修新增，**为选择性必修新增。
nearly,,,,gaokao-english,official_curriculum_2020,1,普通高中英语课程标准（2017年版2020年修订）附录2词汇表；*为必修新增，**为选择性必修新增。
neat,,,,gaokao-english,official_curriculum_2020,2,普通高中英语课程标准（2017年版2020年修订）附录2词汇表；*为必修新增，**为选择性必修新增。
necessary,,,,gaokao-english,official_curriculum_2020,1,普通高中英语课程标准（2017年版2020年修订）附录2词汇表；*为必修新增，**为选择性必修新增。
neck,,,,gaokao-english,official_curriculum_2020,1,普通高中英语课程标准（2017年版2020年修订）附录2词汇表；*为必修新增，**为选择性必修新增。
need,,,,gaokao-english,official_curriculum_2020,1,普通高中英语课程标准（2017年版2020年修订）附录2词汇表；*为必修新增，**为选择性必修新增。
needle,,,,gaokao-english,official_curriculum_2020,3,普通高中英语课程标准（2017年版2020年修订）附录2词汇表；*为必修新增，**为选择性必修新增。
negative,,,,gaokao-english,official_curriculum_2020,2,普通高中英语课程标准（2017年版2020年修订）附录2词汇表；*为必修新增，**为选择性必修新增。
negotiate,,,,gaokao-english,official_curriculum_2020,3,普通高中英语课程标准（2017年版2020年修订）附录2词汇表；*为必修新增，**为选择性必修新增。
neighbour (neighbor),,,,gaokao-english,official_curriculum_2020,1,普通高中英语课程标准（2017年版2020年修订）附录2词汇表；*为必修新增，**为选择性必修新增。
neighbourhood (neighborhood),,,,gaokao-english,official_curriculum_2020,3,普通高中英语课程标准（2017年版2020年修订）附录2词汇表；*为必修新增，**为选择性必修新增。
neither,,,,gaokao-english,official_curriculum_2020,1,普通高中英语课程标准（2017年版2020年修订）附录2词汇表；*为必修新增，**为选择性必修新增。
nephew,,,,gaokao-english,official_curriculum_2020,3,普通高中英语课程标准（2017年版2020年修订）附录2词汇表；*为必修新增，**为选择性必修新增。
nervous,,,,gaokao-english,official_curriculum_2020,1,普通高中英语课程标准（2017年版2020年修订）附录2词汇表；*为必修新增，**为选择性必修新增。
nest,,,,gaokao-english,official_curriculum_2020,3,普通高中英语课程标准（2017年版2020年修订）附录2词汇表；*为必修新增，**为选择性必修新增。
net,,,,gaokao-english,official_curriculum_2020,3,普通高中英语课程标准（2017年版2020年修订）附录2词汇表；*为必修新增，**为选择性必修新增。
network,,,,gaokao-english,official_curriculum_2020,3,普通高中英语课程标准（2017年版2020年修订）附录2词汇表；*为必修新增，**为选择性必修新增。
never,,,,gaokao-english,official_curriculum_2020,1,普通高中英语课程标准（2017年版2020年修订）附录2词汇表；*为必修新增，**为选择性必修新增。
nevertheless,,,,gaokao-english,official_curriculum_2020,3,普通高中英语课程标准（2017年版2020年修订）附录2词汇表；*为必修新增，**为选择性必修新增。
new,,,,gaokao-english,official_curriculum_2020,1,普通高中英语课程标准（2017年版2020年修订）附录2词汇表；*为必修新增，**为选择性必修新增。
news,,,,gaokao-english,official_curriculum_2020,1,普通高中英语课程标准（2017年版2020年修订）附录2词汇表；*为必修新增，**为选择性必修新增。
newspaper,,,,gaokao-english,official_curriculum_2020,1,普通高中英语课程标准（2017年版2020年修订）附录2词汇表；*为必修新增，**为选择性必修新增。
next,,,,gaokao-english,official_curriculum_2020,1,普通高中英语课程标准（2017年版2020年修订）附录2词汇表；*为必修新增，**为选择性必修新增。
nice,,,,gaokao-english,official_curriculum_2020,1,普通高中英语课程标准（2017年版2020年修订）附录2词汇表；*为必修新增，**为选择性必修新增。
niece,,,,gaokao-english,official_curriculum_2020,3,普通高中英语课程标准（2017年版2020年修订）附录2词汇表；*为必修新增，**为选择性必修新增。
night,,,,gaokao-english,official_curriculum_2020,1,普通高中英语课程标准（2017年版2020年修订）附录2词汇表；*为必修新增，**为选择性必修新增。
nine,,,,gaokao-english,official_curriculum_2020,1,普通高中英语课程标准（2017年版2020年修订）附录2词汇表；*为必修新增，**为选择性必修新增。
nineteen,,,,gaokao-english,official_curriculum_2020,1,普通高中英语课程标准（2017年版2020年修订）附录2词汇表；*为必修新增，**为选择性必修新增。
ninety,,,,gaokao-english,official_curriculum_2020,1,普通高中英语课程标准（2017年版2020年修订）附录2词汇表；*为必修新增，**为选择性必修新增。
ninth,,,,gaokao-english,official_curriculum_2020,1,普通高中英语课程标准（2017年版2020年修订）附录2词汇表；*为必修新增，**为选择性必修新增。
no,,,,gaokao-english,official_curriculum_2020,1,普通高中英语课程标准（2017年版2020年修订）附录2词汇表；*为必修新增，**为选择性必修新增。
noble,,,,gaokao-english,official_curriculum_2020,3,普通高中英语课程标准（2017年版2020年修订）附录2词汇表；*为必修新增，**为选择性必修新增。
nobody,,,,gaokao-english,official_curriculum_2020,1,普通高中英语课程标准（2017年版2020年修订）附录2词汇表；*为必修新增，**为选择性必修新增。
nod,,,,gaokao-english,official_curriculum_2020,1,普通高中英语课程标准（2017年版2020年修订）附录2词汇表；*为必修新增，**为选择性必修新增。
noise,,,,gaokao-english,official_curriculum_2020,1,普通高中英语课程标准（2017年版2020年修订）附录2词汇表；*为必修新增，**为选择性必修新增。
noisy,,,,gaokao-english,official_curriculum_2020,1,普通高中英语课程标准（2017年版2020年修订）附录2词汇表；*为必修新增，**为选择性必修新增。
none,,,,gaokao-english,official_curriculum_2020,1,普通高中英语课程标准（2017年版2020年修订）附录2词汇表；*为必修新增，**为选择性必修新增。
noodle,,,,gaokao-english,official_curriculum_2020,1,普通高中英语课程标准（2017年版2020年修订）附录2词汇表；*为必修新增，**为选择性必修新增。
noon,,,,gaokao-english,official_curriculum_2020,1,普通高中英语课程标准（2017年版2020年修订）附录2词汇表；*为必修新增，**为选择性必修新增。
nor,,,,gaokao-english,official_curriculum_2020,1,普通高中英语课程标准（2017年版2020年修订）附录2词汇表；*为必修新增，**为选择性必修新增。
normal,,,,gaokao-english,official_curriculum_2020,2,普通高中英语课程标准（2017年版2020年修订）附录2词汇表；*为必修新增，**为选择性必修新增。
north,,,,gaokao-english,official_curriculum_2020,1,普通高中英语课程标准（2017年版2020年修订）附录2词汇表；*为必修新增，**为选择性必修新增。
northern,,,,gaokao-english,official_curriculum_2020,1,普通高中英语课程标准（2017年版2020年修订）附录2词汇表；*为必修新增，**为选择性必修新增。
nose,,,,gaokao-english,official_curriculum_2020,1,普通高中英语课程标准（2017年版2020年修订）附录2词汇表；*为必修新增，**为选择性必修新增。
not,,,,gaokao-english,official_curriculum_2020,1,普通高中英语课程标准（2017年版2020年修订）附录2词汇表；*为必修新增，**为选择性必修新增。
note,,,,gaokao-english,official_curriculum_2020,1,普通高中英语课程标准（2017年版2020年修订）附录2词汇表；*为必修新增，**为选择性必修新增。
notebook,,,,gaokao-english,official_curriculum_2020,1,普通高中英语课程标准（2017年版2020年修订）附录2词汇表；*为必修新增，**为选择性必修新增。
nothing,,,,gaokao-english,official_curriculum_2020,1,普通高中英语课程标准（2017年版2020年修订）附录2词汇表；*为必修新增，**为选择性必修新增。
notice,,,,gaokao-english,official_curriculum_2020,1,普通高中英语课程标准（2017年版2020年修订）附录2词汇表；*为必修新增，**为选择性必修新增。
novel,,,,gaokao-english,official_curriculum_2020,3,普通高中英语课程标准（2017年版2020年修订）附录2词汇表；*为必修新增，**为选择性必修新增。
novelist,,,,gaokao-english,official_curriculum_2020,3,普通高中英语课程标准（2017年版2020年修订）附录2词汇表；*为必修新增，**为选择性必修新增。
November,,,,gaokao-english,official_curriculum_2020,1,普通高中英语课程标准（2017年版2020年修订）附录2词汇表；*为必修新增，**为选择性必修新增。
now,,,,gaokao-english,official_curriculum_2020,1,普通高中英语课程标准（2017年版2020年修订）附录2词汇表；*为必修新增，**为选择性必修新增。
nowadays,,,,gaokao-english,official_curriculum_2020,2,普通高中英语课程标准（2017年版2020年修订）附录2词汇表；*为必修新增，**为选择性必修新增。
nowhere,,,,gaokao-english,official_curriculum_2020,2,普通高中英语课程标准（2017年版2020年修订）附录2词汇表；*为必修新增，**为选择性必修新增。
nuclear,,,,gaokao-english,official_curriculum_2020,3,普通高中英语课程标准（2017年版2020年修订）附录2词汇表；*为必修新增，**为选择性必修新增。
number,,,,gaokao-english,official_curriculum_2020,1,普通高中英语课程标准（2017年版2020年修订）附录2词汇表；*为必修新增，**为选择性必修新增。
nurse,,,,gaokao-english,official_curriculum_2020,1,普通高中英语课程标准（2017年版2020年修订）附录2词汇表；*为必修新增，**为选择性必修新增。
nut,,,,gaokao-english,official_curriculum_2020,2,普通高中英语课程标准（2017年版2020年修订）附录2词汇表；*为必修新增，**为选择性必修新增。
nutrition,,,,gaokao-english,official_curriculum_2020,3,普通高中英语课程标准（2017年版2020年修订）附录2词汇表；*为必修新增，**为选择性必修新增。
object,,,,gaokao-english,official_curriculum_2020,1,普通高中英语课程标准（2017年版2020年修订）附录2词汇表；*为必修新增，**为选择性必修新增。
objective,,,,gaokao-english,official_curriculum_2020,3,普通高中英语课程标准（2017年版2020年修订）附录2词汇表；*为必修新增，**为选择性必修新增。
observe,,,,gaokao-english,official_curriculum_2020,2,普通高中英语课程标准（2017年版2020年修订）附录2词汇表；*为必修新增，**为选择性必修新增。
obtain,,,,gaokao-english,official_curriculum_2020,3,普通高中英语课程标准（2017年版2020年修订）附录2词汇表；*为必修新增，**为选择性必修新增。
obviously,,,,gaokao-english,official_curriculum_2020,2,普通高中英语课程标准（2017年版2020年修订）附录2词汇表；*为必修新增，**为选择性必修新增。
occasion,,,,gaokao-english,official_curriculum_2020,2,普通高中英语课程标准（2017年版2020年修订）附录2词汇表；*为必修新增，**为选择性必修新增。
occupation,,,,gaokao-english,official_curriculum_2020,3,普通高中英语课程标准（2017年版2020年修订）附录2词汇表；*为必修新增，**为选择性必修新增。
occupy,,,,gaokao-english,official_curriculum_2020,3,普通高中英语课程标准（2017年版2020年修订）附录2词汇表；*为必修新增，**为选择性必修新增。
occur,,,,gaokao-english,official_curriculum_2020,2,普通高中英语课程标准（2017年版2020年修订）附录2词汇表；*为必修新增，**为选择性必修新增。
ocean,,,,gaokao-english,official_curriculum_2020,2,普通高中英语课程标准（2017年版2020年修订）附录2词汇表；*为必修新增，**为选择性必修新增。
o'clock,,,,gaokao-english,official_curriculum_2020,1,普通高中英语课程标准（2017年版2020年修订）附录2词汇表；*为必修新增，**为选择性必修新增。
October,,,,gaokao-english,official_curriculum_2020,1,普通高中英语课程标准（2017年版2020年修订）附录2词汇表；*为必修新增，**为选择性必修新增。
odd,,,,gaokao-english,official_curriculum_2020,2,普通高中英语课程标准（2017年版2020年修订）附录2词汇表；*为必修新增，**为选择性必修新增。
of,,,,gaokao-english,official_curriculum_2020,1,普通高中英语课程标准（2017年版2020年修订）附录2词汇表；*为必修新增，**为选择性必修新增。
off,,,,gaokao-english,official_curriculum_2020,1,普通高中英语课程标准（2017年版2020年修订）附录2词汇表；*为必修新增，**为选择性必修新增。
offer,,,,gaokao-english,official_curriculum_2020,1,普通高中英语课程标准（2017年版2020年修订）附录2词汇表；*为必修新增，**为选择性必修新增。
office,,,,gaokao-english,official_curriculum_2020,1,普通高中英语课程标准（2017年版2020年修订）附录2词汇表；*为必修新增，**为选择性必修新增。
officer,,,,gaokao-english,official_curriculum_2020,1,普通高中英语课程标准（2017年版2020年修订）附录2词汇表；*为必修新增，**为选择性必修新增。
official,,,,gaokao-english,official_curriculum_2020,2,普通高中英语课程标准（2017年版2020年修订）附录2词汇表；*为必修新增，**为选择性必修新增。
often,,,,gaokao-english,official_curriculum_2020,1,普通高中英语课程标准（2017年版2020年修订）附录2词汇表；*为必修新增，**为选择性必修新增。
oil,,,,gaokao-english,official_curriculum_2020,1,普通高中英语课程标准（2017年版2020年修订）附录2词汇表；*为必修新增，**为选择性必修新增。
OK,,,,gaokao-english,official_curriculum_2020,1,普通高中英语课程标准（2017年版2020年修订）附录2词汇表；*为必修新增，**为选择性必修新增。
old,,,,gaokao-english,official_curriculum_2020,1,普通高中英语课程标准（2017年版2020年修订）附录2词汇表；*为必修新增，**为选择性必修新增。
Olympics,,,,gaokao-english,official_curriculum_2020,1,普通高中英语课程标准（2017年版2020年修订）附录2词汇表；*为必修新增，**为选择性必修新增。
on,,,,gaokao-english,official_curriculum_2020,1,普通高中英语课程标准（2017年版2020年修订）附录2词汇表；*为必修新增，**为选择性必修新增。
once,,,,gaokao-english,official_curriculum_2020,1,普通高中英语课程标准（2017年版2020年修订）附录2词汇表；*为必修新增，**为选择性必修新增。
one,,,,gaokao-english,official_curriculum_2020,1,普通高中英语课程标准（2017年版2020年修订）附录2词汇表；*为必修新增，**为选择性必修新增。
onion,,,,gaokao-english,official_curriculum_2020,3,普通高中英语课程标准（2017年版2020年修订）附录2词汇表；*为必修新增，**为选择性必修新增。
online,,,,gaokao-english,official_curriculum_2020,1,普通高中英语课程标准（2017年版2020年修订）附录2词汇表；*为必修新增，**为选择性必修新增。
only,,,,gaokao-english,official_curriculum_2020,1,普通高中英语课程标准（2017年版2020年修订）附录2词汇表；*为必修新增，**为选择性必修新增。
onto,,,,gaokao-english,official_curriculum_2020,2,普通高中英语课程标准（2017年版2020年修订）附录2词汇表；*为必修新增，**为选择性必修新增。
open,,,,gaokao-english,official_curriculum_2020,1,普通高中英语课程标准（2017年版2020年修订）附录2词汇表；*为必修新增，**为选择性必修新增。
opera,,,,gaokao-english,official_curriculum_2020,2,普通高中英语课程标准（2017年版2020年修订）附录2词汇表；*为必修新增，**为选择性必修新增。
operation,,,,gaokao-english,official_curriculum_2020,2,普通高中英语课程标准（2017年版2020年修订）附录2词汇表；*为必修新增，**为选择性必修新增。
operator,,,,gaokao-english,official_curriculum_2020,3,普通高中英语课程标准（2017年版2020年修订）附录2词汇表；*为必修新增，**为选择性必修新增。
opinion,,,,gaokao-english,official_curriculum_2020,2,普通高中英语课程标准（2017年版2020年修订）附录2词汇表；*为必修新增，**为选择性必修新增。
opponent,,,,gaokao-english,official_curriculum_2020,3,普通高中英语课程标准（2017年版2020年修订）附录2词汇表；*为必修新增，**为选择性必修新增。
opportunity,,,,gaokao-english,official_curriculum_2020,2,普通高中英语课程标准（2017年版2020年修订）附录2词汇表；*为必修新增，**为选择性必修新增。
oppose,,,,gaokao-english,official_curriculum_2020,3,普通高中英语课程标准（2017年版2020年修订）附录2词汇表；*为必修新增，**为选择性必修新增。
opposite,,,,gaokao-english,official_curriculum_2020,1,普通高中英语课程标准（2017年版2020年修订）附录2词汇表；*为必修新增，**为选择性必修新增。
optimistic,,,,gaokao-english,official_curriculum_2020,3,普通高中英语课程标准（2017年版2020年修订）附录2词汇表；*为必修新增，**为选择性必修新增。
option,,,,gaokao-english,official_curriculum_2020,2,普通高中英语课程标准（2017年版2020年修订）附录2词汇表；*为必修新增，**为选择性必修新增。
or,,,,gaokao-english,official_curriculum_2020,1,普通高中英语课程标准（2017年版2020年修订）附录2词汇表；*为必修新增，**为选择性必修新增。
orange,,,,gaokao-english,official_curriculum_2020,1,普通高中英语课程标准（2017年版2020年修订）附录2词汇表；*为必修新增，**为选择性必修新增。
orbit,,,,gaokao-english,official_curriculum_2020,3,普通高中英语课程标准（2017年版2020年修订）附录2词汇表；*为必修新增，**为选择性必修新增。
order,,,,gaokao-english,official_curriculum_2020,1,普通高中英语课程标准（2017年版2020年修订）附录2词汇表；*为必修新增，**为选择性必修新增。
ordinary,,,,gaokao-english,official_curriculum_2020,2,普通高中英语课程标准（2017年版2020年修订）附录2词汇表；*为必修新增，**为选择性必修新增。
organ,,,,gaokao-english,official_curriculum_2020,3,普通高中英语课程标准（2017年版2020年修订）附录2词汇表；*为必修新增，**为选择性必修新增。
organic,,,,gaokao-english,official_curriculum_2020,3,普通高中英语课程标准（2017年版2020年修订）附录2词汇表；*为必修新增，**为选择性必修新增。
organisation (organization),,,,gaokao-english,official_curriculum_2020,2,普通高中英语课程标准（2017年版2020年修订）附录2词汇表；*为必修新增，**为选择性必修新增。
origin,,,,gaokao-english,official_curriculum_2020,3,普通高中英语课程标准（2017年版2020年修订）附录2词汇表；*为必修新增，**为选择性必修新增。
original,,,,gaokao-english,official_curriculum_2020,2,普通高中英语课程标准（2017年版2020年修订）附录2词汇表；*为必修新增，**为选择性必修新增。
other,,,,gaokao-english,official_curriculum_2020,1,普通高中英语课程标准（2017年版2020年修订）附录2词汇表；*为必修新增，**为选择性必修新增。
otherwise,,,,gaokao-english,official_curriculum_2020,2,普通高中英语课程标准（2017年版2020年修订）附录2词汇表；*为必修新增，**为选择性必修新增。
ought to,,,,gaokao-english,official_curriculum_2020,2,普通高中英语课程标准（2017年版2020年修订）附录2词汇表；*为必修新增，**为选择性必修新增。
our,,,,gaokao-english,official_curriculum_2020,1,普通高中英语课程标准（2017年版2020年修订）附录2词汇表；*为必修新增，**为选择性必修新增。
ours,,,,gaokao-english,official_curriculum_2020,1,普通高中英语课程标准（2017年版2020年修订）附录2词汇表；*为必修新增，**为选择性必修新增。
ourselves,,,,gaokao-english,official_curriculum_2020,1,普通高中英语课程标准（2017年版2020年修订）附录2词汇表；*为必修新增，**为选择性必修新增。
out,,,,gaokao-english,official_curriculum_2020,1,普通高中英语课程标准（2017年版2020年修订）附录2词汇表；*为必修新增，**为选择性必修新增。
outcome,,,,gaokao-english,official_curriculum_2020,3,普通高中英语课程标准（2017年版2020年修订）附录2词汇表；*为必修新增，**为选择性必修新增。
outgoing,,,,gaokao-english,official_curriculum_2020,3,普通高中英语课程标准（2017年版2020年修订）附录2词汇表；*为必修新增，**为选择性必修新增。
outline,,,,gaokao-english,official_curriculum_2020,3,普通高中英语课程标准（2017年版2020年修订）附录2词汇表；*为必修新增，**为选择性必修新增。
output,,,,gaokao-english,official_curriculum_2020,3,普通高中英语课程标准（2017年版2020年修订）附录2词汇表；*为必修新增，**为选择性必修新增。
outside,,,,gaokao-english,official_curriculum_2020,1,普通高中英语课程标准（2017年版2020年修订）附录2词汇表；*为必修新增，**为选择性必修新增。
outstanding,,,,gaokao-english,official_curriculum_2020,3,普通高中英语课程标准（2017年版2020年修订）附录2词汇表；*为必修新增，**为选择性必修新增。
over,,,,gaokao-english,official_curriculum_2020,1,普通高中英语课程标准（2017年版2020年修订）附录2词汇表；*为必修新增，**为选择性必修新增。
overall,,,,gaokao-english,official_curriculum_2020,3,普通高中英语课程标准（2017年版2020年修订）附录2词汇表；*为必修新增，**为选择性必修新增。
overcome,,,,gaokao-english,official_curriculum_2020,3,普通高中英语课程标准（2017年版2020年修订）附录2词汇表；*为必修新增，**为选择性必修新增。
overseas,,,,gaokao-english,official_curriculum_2020,2,普通高中英语课程标准（2017年版2020年修订）附录2词汇表；*为必修新增，**为选择性必修新增。
owe,,,,gaokao-english,official_curriculum_2020,3,普通高中英语课程标准（2017年版2020年修订）附录2词汇表；*为必修新增，**为选择性必修新增。
own,,,,gaokao-english,official_curriculum_2020,1,普通高中英语课程标准（2017年版2020年修订）附录2词汇表；*为必修新增，**为选择性必修新增。
oxygen,,,,gaokao-english,official_curriculum_2020,2,普通高中英语课程标准（2017年版2020年修订）附录2词汇表；*为必修新增，**为选择性必修新增。
pace,,,,gaokao-english,official_curriculum_2020,3,普通高中英语课程标准（2017年版2020年修订）附录2词汇表；*为必修新增，**为选择性必修新增。
Pacific,,,,gaokao-english,official_curriculum_2020,1,普通高中英语课程标准（2017年版2020年修订）附录2词汇表；*为必修新增，**为选择性必修新增。
pack,,,,gaokao-english,official_curriculum_2020,3,普通高中英语课程标准（2017年版2020年修订）附录2词汇表；*为必修新增，**为选择性必修新增。
package,,,,gaokao-english,official_curriculum_2020,2,普通高中英语课程标准（2017年版2020年修订）附录2词汇表；*为必修新增，**为选择性必修新增。
page,,,,gaokao-english,official_curriculum_2020,1,普通高中英语课程标准（2017年版2020年修订）附录2词汇表；*为必修新增，**为选择性必修新增。
pain,,,,gaokao-english,official_curriculum_2020,1,普通高中英语课程标准（2017年版2020年修订）附录2词汇表；*为必修新增，**为选择性必修新增。
paint,,,,gaokao-english,official_curriculum_2020,1,普通高中英语课程标准（2017年版2020年修订）附录2词汇表；*为必修新增，**为选择性必修新增。
pair,,,,gaokao-english,official_curriculum_2020,1,普通高中英语课程标准（2017年版2020年修订）附录2词汇表；*为必修新增，**为选择性必修新增。
palace,,,,gaokao-english,official_curriculum_2020,1,普通高中英语课程标准（2017年版2020年修订）附录2词汇表；*为必修新增，**为选择性必修新增。
pale,,,,gaokao-english,official_curriculum_2020,1,普通高中英语课程标准（2017年版2020年修订）附录2词汇表；*为必修新增，**为选择性必修新增。
pan,,,,gaokao-english,official_curriculum_2020,3,普通高中英语课程标准（2017年版2020年修订）附录2词汇表；*为必修新增，**为选择性必修新增。
pancake,,,,gaokao-english,official_curriculum_2020,1,普通高中英语课程标准（2017年版2020年修订）附录2词汇表；*为必修新增，**为选择性必修新增。
panda,,,,gaokao-english,official_curriculum_2020,1,普通高中英语课程标准（2017年版2020年修订）附录2词汇表；*为必修新增，**为选择性必修新增。
panel,,,,gaokao-english,official_curriculum_2020,3,普通高中英语课程标准（2017年版2020年修订）附录2词汇表；*为必修新增，**为选择性必修新增。
panic,,,,gaokao-english,official_curriculum_2020,3,普通高中英语课程标准（2017年版2020年修订）附录2词汇表；*为必修新增，**为选择性必修新增。
paper,,,,gaokao-english,official_curriculum_2020,1,普通高中英语课程标准（2017年版2020年修订）附录2词汇表；*为必修新增，**为选择性必修新增。
paragraph,,,,gaokao-english,official_curriculum_2020,3,普通高中英语课程标准（2017年版2020年修订）附录2词汇表；*为必修新增，**为选择性必修新增。
parcel,,,,gaokao-english,official_curriculum_2020,3,普通高中英语课程标准（2017年版2020年修订）附录2词汇表；*为必修新增，**为选择性必修新增。
pardon,,,,gaokao-english,official_curriculum_2020,1,普通高中英语课程标准（2017年版2020年修订）附录2词汇表；*为必修新增，**为选择性必修新增。
parent,,,,gaokao-english,official_curriculum_2020,1,普通高中英语课程标准（2017年版2020年修订）附录2词汇表；*为必修新增，**为选择性必修新增。
park,,,,gaokao-english,official_curriculum_2020,1,普通高中英语课程标准（2017年版2020年修订）附录2词汇表；*为必修新增，**为选择性必修新增。
parking,,,,gaokao-english,official_curriculum_2020,3,普通高中英语课程标准（2017年版2020年修订）附录2词汇表；*为必修新增，**为选择性必修新增。
part,,,,gaokao-english,official_curriculum_2020,1,普通高中英语课程标准（2017年版2020年修订）附录2词汇表；*为必修新增，**为选择性必修新增。
participate,,,,gaokao-english,official_curriculum_2020,3,普通高中英语课程标准（2017年版2020年修订）附录2词汇表；*为必修新增，**为选择性必修新增。
particular,,,,gaokao-english,official_curriculum_2020,2,普通高中英语课程标准（2017年版2020年修订）附录2词汇表；*为必修新增，**为选择性必修新增。
partner,,,,gaokao-english,official_curriculum_2020,2,普通高中英语课程标准（2017年版2020年修订）附录2词汇表；*为必修新增，**为选择性必修新增。
party,,,,gaokao-english,official_curriculum_2020,1,普通高中英语课程标准（2017年版2020年修订）附录2词汇表；*为必修新增，**为选择性必修新增。
pass,,,,gaokao-english,official_curriculum_2020,1,普通高中英语课程标准（2017年版2020年修订）附录2词汇表；*为必修新增，**为选择性必修新增。
passage,,,,gaokao-english,official_curriculum_2020,1,普通高中英语课程标准（2017年版2020年修订）附录2词汇表；*为必修新增，**为选择性必修新增。
passenger,,,,gaokao-english,official_curriculum_2020,1,普通高中英语课程标准（2017年版2020年修订）附录2词汇表；*为必修新增，**为选择性必修新增。
passion,,,,gaokao-english,official_curriculum_2020,3,普通高中英语课程标准（2017年版2020年修订）附录2词汇表；*为必修新增，**为选择性必修新增。
passive,,,,gaokao-english,official_curriculum_2020,2,普通高中英语课程标准（2017年版2020年修订）附录2词汇表；*为必修新增，**为选择性必修新增。
passport,,,,gaokao-english,official_curriculum_2020,1,普通高中英语课程标准（2017年版2020年修订）附录2词汇表；*为必修新增，**为选择性必修新增。
past,,,,gaokao-english,official_curriculum_2020,1,普通高中英语课程标准（2017年版2020年修订）附录2词汇表；*为必修新增，**为选择性必修新增。
patent,,,,gaokao-english,official_curriculum_2020,3,普通高中英语课程标准（2017年版2020年修订）附录2词汇表；*为必修新增，**为选择性必修新增。
path,,,,gaokao-english,official_curriculum_2020,2,普通高中英语课程标准（2017年版2020年修订）附录2词汇表；*为必修新增，**为选择性必修新增。
patience,,,,gaokao-english,official_curriculum_2020,3,普通高中英语课程标准（2017年版2020年修订）附录2词汇表；*为必修新增，**为选择性必修新增。
patient,,,,gaokao-english,official_curriculum_2020,1,普通高中英语课程标准（2017年版2020年修订）附录2词汇表；*为必修新增，**为选择性必修新增。
pattern,,,,gaokao-english,official_curriculum_2020,2,普通高中英语课程标准（2017年版2020年修订）附录2词汇表；*为必修新增，**为选择性必修新增。
pay,,,,gaokao-english,official_curriculum_2020,1,普通高中英语课程标准（2017年版2020年修订）附录2词汇表；*为必修新增，**为选择性必修新增。
PE (physical education),,,,gaokao-english,official_curriculum_2020,1,普通高中英语课程标准（2017年版2020年修订）附录2词汇表；*为必修新增，**为选择性必修新增。
peace,,,,gaokao-english,official_curriculum_2020,1,普通高中英语课程标准（2017年版2020年修订）附录2词汇表；*为必修新增，**为选择性必修新增。
peak,,,,gaokao-english,official_curriculum_2020,3,普通高中英语课程标准（2017年版2020年修订）附录2词汇表；*为必修新增，**为选择性必修新增。
pear,,,,gaokao-english,official_curriculum_2020,1,普通高中英语课程标准（2017年版2020年修订）附录2词汇表；*为必修新增，**为选择性必修新增。
pen,,,,gaokao-english,official_curriculum_2020,1,普通高中英语课程标准（2017年版2020年修订）附录2词汇表；*为必修新增，**为选择性必修新增。
pencil,,,,gaokao-english,official_curriculum_2020,1,普通高中英语课程标准（2017年版2020年修订）附录2词汇表；*为必修新增，**为选择性必修新增。
people,,,,gaokao-english,official_curriculum_2020,1,普通高中英语课程标准（2017年版2020年修订）附录2词汇表；*为必修新增，**为选择性必修新增。
pepper,,,,gaokao-english,official_curriculum_2020,3,普通高中英语课程标准（2017年版2020年修订）附录2词汇表；*为必修新增，**为选择性必修新增。
per,,,,gaokao-english,official_curriculum_2020,2,普通高中英语课程标准（2017年版2020年修订）附录2词汇表；*为必修新增，**为选择性必修新增。
perceive,,,,gaokao-english,official_curriculum_2020,3,普通高中英语课程标准（2017年版2020年修订）附录2词汇表；*为必修新增，**为选择性必修新增。
percent,,,,gaokao-english,official_curriculum_2020,2,普通高中英语课程标准（2017年版2020年修订）附录2词汇表；*为必修新增，**为选择性必修新增。
percentage,,,,gaokao-english,official_curriculum_2020,2,普通高中英语课程标准（2017年版2020年修订）附录2词汇表；*为必修新增，**为选择性必修新增。
perfect,,,,gaokao-english,official_curriculum_2020,1,普通高中英语课程标准（2017年版2020年修订）附录2词汇表；*为必修新增，**为选择性必修新增。
performance,,,,gaokao-english,official_curriculum_2020,2,普通高中英语课程标准（2017年版2020年修订）附录2词汇表；*为必修新增，**为选择性必修新增。
perhaps,,,,gaokao-english,official_curriculum_2020,1,普通高中英语课程标准（2017年版2020年修订）附录2词汇表；*为必修新增，**为选择性必修新增。
period,,,,gaokao-english,official_curriculum_2020,1,普通高中英语课程标准（2017年版2020年修订）附录2词汇表；*为必修新增，**为选择性必修新增。
permanent,,,,gaokao-english,official_curriculum_2020,3,普通高中英语课程标准（2017年版2020年修订）附录2词汇表；*为必修新增，**为选择性必修新增。
permit,,,,gaokao-english,official_curriculum_2020,2,普通高中英语课程标准（2017年版2020年修订）附录2词汇表；*为必修新增，**为选择性必修新增。
person,,,,gaokao-english,official_curriculum_2020,1,普通高中英语课程标准（2017年版2020年修订）附录2词汇表；*为必修新增，**为选择性必修新增。
personal,,,,gaokao-english,official_curriculum_2020,1,普通高中英语课程标准（2017年版2020年修订）附录2词汇表；*为必修新增，**为选择性必修新增。
personality,,,,gaokao-english,official_curriculum_2020,2,普通高中英语课程标准（2017年版2020年修订）附录2词汇表；*为必修新增，**为选择性必修新增。
persuade,,,,gaokao-english,official_curriculum_2020,3,普通高中英语课程标准（2017年版2020年修订）附录2词汇表；*为必修新增，**为选择性必修新增。
pessimistic,,,,gaokao-english,official_curriculum_2020,3,普通高中英语课程标准（2017年版2020年修订）附录2词汇表；*为必修新增，**为选择性必修新增。
pet,,,,gaokao-english,official_curriculum_2020,1,普通高中英语课程标准（2017年版2020年修订）附录2词汇表；*为必修新增，**为选择性必修新增。
petrol,,,,gaokao-english,official_curriculum_2020,2,普通高中英语课程标准（2017年版2020年修订）附录2词汇表；*为必修新增，**为选择性必修新增。
phase,,,,gaokao-english,official_curriculum_2020,3,普通高中英语课程标准（2017年版2020年修订）附录2词汇表；*为必修新增，**为选择性必修新增。
phenomenon,,,,gaokao-english,official_curriculum_2020,3,普通高中英语课程标准（2017年版2020年修订）附录2词汇表；*为必修新增，**为选择性必修新增。
philosophy,,,,gaokao-english,official_curriculum_2020,3,普通高中英语课程标准（2017年版2020年修订）附录2词汇表；*为必修新增，**为选择性必修新增。
phone,,,,gaokao-english,official_curriculum_2020,1,普通高中英语课程标准（2017年版2020年修订）附录2词汇表；*为必修新增，**为选择性必修新增。
photo (photograph),,,,gaokao-english,official_curriculum_2020,1,普通高中英语课程标准（2017年版2020年修订）附录2词汇表；*为必修新增，**为选择性必修新增。
photographer,,,,gaokao-english,official_curriculum_2020,3,普通高中英语课程标准（2017年版2020年修订）附录2词汇表；*为必修新增，**为选择性必修新增。
phrase,,,,gaokao-english,official_curriculum_2020,3,普通高中英语课程标准（2017年版2020年修订）附录2词汇表；*为必修新增，**为选择性必修新增。
physician,,,,gaokao-english,official_curriculum_2020,3,普通高中英语课程标准（2017年版2020年修订）附录2词汇表；*为必修新增，**为选择性必修新增。
physics,,,,gaokao-english,official_curriculum_2020,1,普通高中英语课程标准（2017年版2020年修订）附录2词汇表；*为必修新增，**为选择性必修新增。
piano,,,,gaokao-english,official_curriculum_2020,2,普通高中英语课程标准（2017年版2020年修订）附录2词汇表；*为必修新增，**为选择性必修新增。
pick,,,,gaokao-english,official_curriculum_2020,1,普通高中英语课程标准（2017年版2020年修订）附录2词汇表；*为必修新增，**为选择性必修新增。
picnic,,,,gaokao-english,official_curriculum_2020,1,普通高中英语课程标准（2017年版2020年修订）附录2词汇表；*为必修新增，**为选择性必修新增。
picture,,,,gaokao-english,official_curriculum_2020,1,普通高中英语课程标准（2017年版2020年修订）附录2词汇表；*为必修新增，**为选择性必修新增。
pie,,,,gaokao-english,official_curriculum_2020,1,普通高中英语课程标准（2017年版2020年修订）附录2词汇表；*为必修新增，**为选择性必修新增。
piece,,,,gaokao-english,official_curriculum_2020,1,普通高中英语课程标准（2017年版2020年修订）附录2词汇表；*为必修新增，**为选择性必修新增。
pig,,,,gaokao-english,official_curriculum_2020,1,普通高中英语课程标准（2017年版2020年修订）附录2词汇表；*为必修新增，**为选择性必修新增。
pill,,,,gaokao-english,official_curriculum_2020,3,普通高中英语课程标准（2017年版2020年修订）附录2词汇表；*为必修新增，**为选择性必修新增。
pilot,,,,gaokao-english,official_curriculum_2020,1,普通高中英语课程标准（2017年版2020年修订）附录2词汇表；*为必修新增，**为选择性必修新增。
pink,,,,gaokao-english,official_curriculum_2020,1,普通高中英语课程标准（2017年版2020年修订）附录2词汇表；*为必修新增，**为选择性必修新增。
pioneer,,,,gaokao-english,official_curriculum_2020,1,普通高中英语课程标准（2017年版2020年修订）附录2词汇表；*为必修新增，**为选择性必修新增。
pipe,,,,gaokao-english,official_curriculum_2020,3,普通高中英语课程标准（2017年版2020年修订）附录2词汇表；*为必修新增，**为选择性必修新增。
pity,,,,gaokao-english,official_curriculum_2020,1,普通高中英语课程标准（2017年版2020年修订）附录2词汇表；*为必修新增，**为选择性必修新增。
place,,,,gaokao-english,official_curriculum_2020,1,普通高中英语课程标准（2017年版2020年修订）附录2词汇表；*为必修新增，**为选择性必修新增。
plain,,,,gaokao-english,official_curriculum_2020,3,普通高中英语课程标准（2017年版2020年修订）附录2词汇表；*为必修新增，**为选择性必修新增。
plan,,,,gaokao-english,official_curriculum_2020,1,普通高中英语课程标准（2017年版2020年修订）附录2词汇表；*为必修新增，**为选择性必修新增。
plane,,,,gaokao-english,official_curriculum_2020,1,普通高中英语课程标准（2017年版2020年修订）附录2词汇表；*为必修新增，**为选择性必修新增。
planet,,,,gaokao-english,official_curriculum_2020,1,普通高中英语课程标准（2017年版2020年修订）附录2词汇表；*为必修新增，**为选择性必修新增。
plant,,,,gaokao-english,official_curriculum_2020,1,普通高中英语课程标准（2017年版2020年修订）附录2词汇表；*为必修新增，**为选择性必修新增。
plastic,,,,gaokao-english,official_curriculum_2020,3,普通高中英语课程标准（2017年版2020年修订）附录2词汇表；*为必修新增，**为选择性必修新增。
plate,,,,gaokao-english,official_curriculum_2020,2,普通高中英语课程标准（2017年版2020年修订）附录2词汇表；*为必修新增，**为选择性必修新增。
platform,,,,gaokao-english,official_curriculum_2020,3,普通高中英语课程标准（2017年版2020年修订）附录2词汇表；*为必修新增，**为选择性必修新增。
play,,,,gaokao-english,official_curriculum_2020,1,普通高中英语课程标准（2017年版2020年修订）附录2词汇表；*为必修新增，**为选择性必修新增。
player,,,,gaokao-english,official_curriculum_2020,1,普通高中英语课程标准（2017年版2020年修订）附录2词汇表；*为必修新增，**为选择性必修新增。
playground,,,,gaokao-english,official_curriculum_2020,1,普通高中英语课程标准（2017年版2020年修订）附录2词汇表；*为必修新增，**为选择性必修新增。
pleasant,,,,gaokao-english,official_curriculum_2020,3,普通高中英语课程标准（2017年版2020年修订）附录2词汇表；*为必修新增，**为选择性必修新增。
please,,,,gaokao-english,official_curriculum_2020,1,普通高中英语课程标准（2017年版2020年修订）附录2词汇表；*为必修新增，**为选择性必修新增。
pleasure,,,,gaokao-english,official_curriculum_2020,1,普通高中英语课程标准（2017年版2020年修订）附录2词汇表；*为必修新增，**为选择性必修新增。
plenty,,,,gaokao-english,official_curriculum_2020,1,普通高中英语课程标准（2017年版2020年修订）附录2词汇表；*为必修新增，**为选择性必修新增。
plot,,,,gaokao-english,official_curriculum_2020,3,普通高中英语课程标准（2017年版2020年修订）附录2词汇表；*为必修新增，**为选择性必修新增。
plug,,,,gaokao-english,official_curriculum_2020,3,普通高中英语课程标准（2017年版2020年修订）附录2词汇表；*为必修新增，**为选择性必修新增。
plus,,,,gaokao-english,official_curriculum_2020,2,普通高中英语课程标准（2017年版2020年修订）附录2词汇表；*为必修新增，**为选择性必修新增。
p.m.,,,,gaokao-english,official_curriculum_2020,2,普通高中英语课程标准（2017年版2020年修订）附录2词汇表；*为必修新增，**为选择性必修新增。
pocket,,,,gaokao-english,official_curriculum_2020,1,普通高中英语课程标准（2017年版2020年修订）附录2词汇表；*为必修新增，**为选择性必修新增。
poem,,,,gaokao-english,official_curriculum_2020,1,普通高中英语课程标准（2017年版2020年修订）附录2词汇表；*为必修新增，**为选择性必修新增。
poet,,,,gaokao-english,official_curriculum_2020,3,普通高中英语课程标准（2017年版2020年修订）附录2词汇表；*为必修新增，**为选择性必修新增。
poetry,,,,gaokao-english,official_curriculum_2020,2,普通高中英语课程标准（2017年版2020年修订）附录2词汇表；*为必修新增，**为选择性必修新增。
point,,,,gaokao-english,official_curriculum_2020,1,普通高中英语课程标准（2017年版2020年修订）附录2词汇表；*为必修新增，**为选择性必修新增。
poison,,,,gaokao-english,official_curriculum_2020,2,普通高中英语课程标准（2017年版2020年修订）附录2词汇表；*为必修新增，**为选择性必修新增。
polar,,,,gaokao-english,official_curriculum_2020,3,普通高中英语课程标准（2017年版2020年修订）附录2词汇表；*为必修新增，**为选择性必修新增。
pole,,,,gaokao-english,official_curriculum_2020,2,普通高中英语课程标准（2017年版2020年修订）附录2词汇表；*为必修新增，**为选择性必修新增。
police,,,,gaokao-english,official_curriculum_2020,1,普通高中英语课程标准（2017年版2020年修订）附录2词汇表；*为必修新增，**为选择性必修新增。
policeman / policewoman,,,,gaokao-english,official_curriculum_2020,1,普通高中英语课程标准（2017年版2020年修订）附录2词汇表；*为必修新增，**为选择性必修新增。
policy,,,,gaokao-english,official_curriculum_2020,2,普通高中英语课程标准（2017年版2020年修订）附录2词汇表；*为必修新增，**为选择性必修新增。
polish,,,,gaokao-english,official_curriculum_2020,3,普通高中英语课程标准（2017年版2020年修订）附录2词汇表；*为必修新增，**为选择性必修新增。
polite,,,,gaokao-english,official_curriculum_2020,1,普通高中英语课程标准（2017年版2020年修订）附录2词汇表；*为必修新增，**为选择性必修新增。
political,,,,gaokao-english,official_curriculum_2020,3,普通高中英语课程标准（2017年版2020年修订）附录2词汇表；*为必修新增，**为选择性必修新增。
politician,,,,gaokao-english,official_curriculum_2020,3,普通高中英语课程标准（2017年版2020年修订）附录2词汇表；*为必修新增，**为选择性必修新增。
politics,,,,gaokao-english,official_curriculum_2020,3,普通高中英语课程标准（2017年版2020年修订）附录2词汇表；*为必修新增，**为选择性必修新增。
pollute,,,,gaokao-english,official_curriculum_2020,1,普通高中英语课程标准（2017年版2020年修订）附录2词汇表；*为必修新增，**为选择性必修新增。
pollution,,,,gaokao-english,official_curriculum_2020,1,普通高中英语课程标准（2017年版2020年修订）附录2词汇表；*为必修新增，**为选择性必修新增。
pond,,,,gaokao-english,official_curriculum_2020,3,普通高中英语课程标准（2017年版2020年修订）附录2词汇表；*为必修新增，**为选择性必修新增。
pool,,,,gaokao-english,official_curriculum_2020,1,普通高中英语课程标准（2017年版2020年修订）附录2词汇表；*为必修新增，**为选择性必修新增。
poor,,,,gaokao-english,official_curriculum_2020,1,普通高中英语课程标准（2017年版2020年修订）附录2词汇表；*为必修新增，**为选择性必修新增。
popular (pop),,,,gaokao-english,official_curriculum_2020,1,普通高中英语课程标准（2017年版2020年修订）附录2词汇表；*为必修新增，**为选择性必修新增。
population,,,,gaokao-english,official_curriculum_2020,1,普通高中英语课程标准（2017年版2020年修订）附录2词汇表；*为必修新增，**为选择性必修新增。
pork,,,,gaokao-english,official_curriculum_2020,3,普通高中英语课程标准（2017年版2020年修订）附录2词汇表；*为必修新增，**为选择性必修新增。
port,,,,gaokao-english,official_curriculum_2020,2,普通高中英语课程标准（2017年版2020年修订）附录2词汇表；*为必修新增，**为选择性必修新增。
pose,,,,gaokao-english,official_curriculum_2020,3,普通高中英语课程标准（2017年版2020年修订）附录2词汇表；*为必修新增，**为选择性必修新增。
position,,,,gaokao-english,official_curriculum_2020,2,普通高中英语课程标准（2017年版2020年修订）附录2词汇表；*为必修新增，**为选择性必修新增。
positive,,,,gaokao-english,official_curriculum_2020,2,普通高中英语课程标准（2017年版2020年修订）附录2词汇表；*为必修新增，**为选择性必修新增。
possession,,,,gaokao-english,official_curriculum_2020,3,普通高中英语课程标准（2017年版2020年修订）附录2词汇表；*为必修新增，**为选择性必修新增。
possible,,,,gaokao-english,official_curriculum_2020,1,普通高中英语课程标准（2017年版2020年修订）附录2词汇表；*为必修新增，**为选择性必修新增。
post,,,,gaokao-english,official_curriculum_2020,1,普通高中英语课程标准（2017年版2020年修订）附录2词汇表；*为必修新增，**为选择性必修新增。
postcard,,,,gaokao-english,official_curriculum_2020,1,普通高中英语课程标准（2017年版2020年修订）附录2词汇表；*为必修新增，**为选择性必修新增。
poster,,,,gaokao-english,official_curriculum_2020,2,普通高中英语课程标准（2017年版2020年修订）附录2词汇表；*为必修新增，**为选择性必修新增。
postman,,,,gaokao-english,official_curriculum_2020,1,普通高中英语课程标准（2017年版2020年修订）附录2词汇表；*为必修新增，**为选择性必修新增。
postpone,,,,gaokao-english,official_curriculum_2020,2,普通高中英语课程标准（2017年版2020年修订）附录2词汇表；*为必修新增，**为选择性必修新增。
pot,,,,gaokao-english,official_curriculum_2020,3,普通高中英语课程标准（2017年版2020年修订）附录2词汇表；*为必修新增，**为选择性必修新增。
potato,,,,gaokao-english,official_curriculum_2020,1,普通高中英语课程标准（2017年版2020年修订）附录2词汇表；*为必修新增，**为选择性必修新增。
potential,,,,gaokao-english,official_curriculum_2020,3,普通高中英语课程标准（2017年版2020年修订）附录2词汇表；*为必修新增，**为选择性必修新增。
pound,,,,gaokao-english,official_curriculum_2020,1,普通高中英语课程标准（2017年版2020年修订）附录2词汇表；*为必修新增，**为选择性必修新增。
pour,,,,gaokao-english,official_curriculum_2020,3,普通高中英语课程标准（2017年版2020年修订）附录2词汇表；*为必修新增，**为选择性必修新增。
power,,,,gaokao-english,official_curriculum_2020,2,普通高中英语课程标准（2017年版2020年修订）附录2词汇表；*为必修新增，**为选择性必修新增。
practical,,,,gaokao-english,official_curriculum_2020,3,普通高中英语课程标准（2017年版2020年修订）附录2词汇表；*为必修新增，**为选择性必修新增。
practice,,,,gaokao-english,official_curriculum_2020,1,普通高中英语课程标准（2017年版2020年修订）附录2词汇表；*为必修新增，**为选择性必修新增。
praise,,,,gaokao-english,official_curriculum_2020,1,普通高中英语课程标准（2017年版2020年修订）附录2词汇表；*为必修新增，**为选择性必修新增。
pray,,,,gaokao-english,official_curriculum_2020,3,普通高中英语课程标准（2017年版2020年修订）附录2词汇表；*为必修新增，**为选择性必修新增。
precious,,,,gaokao-english,official_curriculum_2020,3,普通高中英语课程标准（2017年版2020年修订）附录2词汇表；*为必修新增，**为选择性必修新增。
precisely,,,,gaokao-english,official_curriculum_2020,3,普通高中英语课程标准（2017年版2020年修订）附录2词汇表；*为必修新增，**为选择性必修新增。
predict,,,,gaokao-english,official_curriculum_2020,3,普通高中英语课程标准（2017年版2020年修订）附录2词汇表；*为必修新增，**为选择性必修新增。
prefer,,,,gaokao-english,official_curriculum_2020,2,普通高中英语课程标准（2017年版2020年修订）附录2词汇表；*为必修新增，**为选择性必修新增。
preference,,,,gaokao-english,official_curriculum_2020,3,普通高中英语课程标准（2017年版2020年修订）附录2词汇表；*为必修新增，**为选择性必修新增。
prejudice,,,,gaokao-english,official_curriculum_2020,3,普通高中英语课程标准（2017年版2020年修订）附录2词汇表；*为必修新增，**为选择性必修新增。
premier,,,,gaokao-english,official_curriculum_2020,3,普通高中英语课程标准（2017年版2020年修订）附录2词汇表；*为必修新增，**为选择性必修新增。
prepare,,,,gaokao-english,official_curriculum_2020,1,普通高中英语课程标准（2017年版2020年修订）附录2词汇表；*为必修新增，**为选择性必修新增。
present,,,,gaokao-english,official_curriculum_2020,1,普通高中英语课程标准（2017年版2020年修订）附录2词汇表；*为必修新增，**为选择性必修新增。
presentation,,,,gaokao-english,official_curriculum_2020,3,普通高中英语课程标准（2017年版2020年修订）附录2词汇表；*为必修新增，**为选择性必修新增。
preserve,,,,gaokao-english,official_curriculum_2020,3,普通高中英语课程标准（2017年版2020年修订）附录2词汇表；*为必修新增，**为选择性必修新增。
president,,,,gaokao-english,official_curriculum_2020,1,普通高中英语课程标准（2017年版2020年修订）附录2词汇表；*为必修新增，**为选择性必修新增。
press,,,,gaokao-english,official_curriculum_2020,2,普通高中英语课程标准（2017年版2020年修订）附录2词汇表；*为必修新增，**为选择性必修新增。
pressure,,,,gaokao-english,official_curriculum_2020,2,普通高中英语课程标准（2017年版2020年修订）附录2词汇表；*为必修新增，**为选择性必修新增。
pretend,,,,gaokao-english,official_curriculum_2020,3,普通高中英语课程标准（2017年版2020年修订）附录2词汇表；*为必修新增，**为选择性必修新增。
pretty,,,,gaokao-english,official_curriculum_2020,1,普通高中英语课程标准（2017年版2020年修订）附录2词汇表；*为必修新增，**为选择性必修新增。
prevent,,,,gaokao-english,official_curriculum_2020,2,普通高中英语课程标准（2017年版2020年修订）附录2词汇表；*为必修新增，**为选择性必修新增。
previous,,,,gaokao-english,official_curriculum_2020,2,普通高中英语课程标准（2017年版2020年修订）附录2词汇表；*为必修新增，**为选择性必修新增。
price,,,,gaokao-english,official_curriculum_2020,1,普通高中英语课程标准（2017年版2020年修订）附录2词汇表；*为必修新增，**为选择性必修新增。
pride,,,,gaokao-english,official_curriculum_2020,1,普通高中英语课程标准（2017年版2020年修订）附录2词汇表；*为必修新增，**为选择性必修新增。
primary,,,,gaokao-english,official_curriculum_2020,1,普通高中英语课程标准（2017年版2020年修订）附录2词汇表；*为必修新增，**为选择性必修新增。
primitive,,,,gaokao-english,official_curriculum_2020,3,普通高中英语课程标准（2017年版2020年修订）附录2词汇表；*为必修新增，**为选择性必修新增。
principle,,,,gaokao-english,official_curriculum_2020,3,普通高中英语课程标准（2017年版2020年修订）附录2词汇表；*为必修新增，**为选择性必修新增。
print,,,,gaokao-english,official_curriculum_2020,1,普通高中英语课程标准（2017年版2020年修订）附录2词汇表；*为必修新增，**为选择性必修新增。
prior,,,,gaokao-english,official_curriculum_2020,3,普通高中英语课程标准（2017年版2020年修订）附录2词汇表；*为必修新增，**为选择性必修新增。
priority,,,,gaokao-english,official_curriculum_2020,3,普通高中英语课程标准（2017年版2020年修订）附录2词汇表；*为必修新增，**为选择性必修新增。
prison,,,,gaokao-english,official_curriculum_2020,3,普通高中英语课程标准（2017年版2020年修订）附录2词汇表；*为必修新增，**为选择性必修新增。
private,,,,gaokao-english,official_curriculum_2020,1,普通高中英语课程标准（2017年版2020年修订）附录2词汇表；*为必修新增，**为选择性必修新增。
prize,,,,gaokao-english,official_curriculum_2020,1,普通高中英语课程标准（2017年版2020年修订）附录2词汇表；*为必修新增，**为选择性必修新增。
probably,,,,gaokao-english,official_curriculum_2020,1,普通高中英语课程标准（2017年版2020年修订）附录2词汇表；*为必修新增，**为选择性必修新增。
problem,,,,gaokao-english,official_curriculum_2020,1,普通高中英语课程标准（2017年版2020年修订）附录2词汇表；*为必修新增，**为选择性必修新增。
procedure,,,,gaokao-english,official_curriculum_2020,2,普通高中英语课程标准（2017年版2020年修订）附录2词汇表；*为必修新增，**为选择性必修新增。
proceed,,,,gaokao-english,official_curriculum_2020,3,普通高中英语课程标准（2017年版2020年修订）附录2词汇表；*为必修新增，**为选择性必修新增。
process,,,,gaokao-english,official_curriculum_2020,2,普通高中英语课程标准（2017年版2020年修订）附录2词汇表；*为必修新增，**为选择性必修新增。
produce,,,,gaokao-english,official_curriculum_2020,1,普通高中英语课程标准（2017年版2020年修订）附录2词汇表；*为必修新增，**为选择性必修新增。
product,,,,gaokao-english,official_curriculum_2020,1,普通高中英语课程标准（2017年版2020年修订）附录2词汇表；*为必修新增，**为选择性必修新增。
profession,,,,gaokao-english,official_curriculum_2020,3,普通高中英语课程标准（2017年版2020年修订）附录2词汇表；*为必修新增，**为选择性必修新增。
professional,,,,gaokao-english,official_curriculum_2020,2,普通高中英语课程标准（2017年版2020年修订）附录2词汇表；*为必修新增，**为选择性必修新增。
professor,,,,gaokao-english,official_curriculum_2020,3,普通高中英语课程标准（2017年版2020年修订）附录2词汇表；*为必修新增，**为选择性必修新增。
profile,,,,gaokao-english,official_curriculum_2020,3,普通高中英语课程标准（2017年版2020年修订）附录2词汇表；*为必修新增，**为选择性必修新增。
profit,,,,gaokao-english,official_curriculum_2020,2,普通高中英语课程标准（2017年版2020年修订）附录2词汇表；*为必修新增，**为选择性必修新增。
programme (program),,,,gaokao-english,official_curriculum_2020,1,普通高中英语课程标准（2017年版2020年修订）附录2词汇表；*为必修新增，**为选择性必修新增。
progress,,,,gaokao-english,official_curriculum_2020,1,普通高中英语课程标准（2017年版2020年修订）附录2词汇表；*为必修新增，**为选择性必修新增。
prohibit,,,,gaokao-english,official_curriculum_2020,3,普通高中英语课程标准（2017年版2020年修订）附录2词汇表；*为必修新增，**为选择性必修新增。
project,,,,gaokao-english,official_curriculum_2020,1,普通高中英语课程标准（2017年版2020年修订）附录2词汇表；*为必修新增，**为选择性必修新增。
promise,,,,gaokao-english,official_curriculum_2020,1,普通高中英语课程标准（2017年版2020年修订）附录2词汇表；*为必修新增，**为选择性必修新增。
promote,,,,gaokao-english,official_curriculum_2020,3,普通高中英语课程标准（2017年版2020年修订）附录2词汇表；*为必修新增，**为选择性必修新增。
pronounce,,,,gaokao-english,official_curriculum_2020,1,普通高中英语课程标准（2017年版2020年修订）附录2词汇表；*为必修新增，**为选择性必修新增。
pronunciation,,,,gaokao-english,official_curriculum_2020,1,普通高中英语课程标准（2017年版2020年修订）附录2词汇表；*为必修新增，**为选择性必修新增。
proof,,,,gaokao-english,official_curriculum_2020,3,普通高中英语课程标准（2017年版2020年修订）附录2词汇表；*为必修新增，**为选择性必修新增。
proper,,,,gaokao-english,official_curriculum_2020,1,普通高中英语课程标准（2017年版2020年修订）附录2词汇表；*为必修新增，**为选择性必修新增。
property,,,,gaokao-english,official_curriculum_2020,3,普通高中英语课程标准（2017年版2020年修订）附录2词汇表；*为必修新增，**为选择性必修新增。
proposal,,,,gaokao-english,official_curriculum_2020,2,普通高中英语课程标准（2017年版2020年修订）附录2词汇表；*为必修新增，**为选择性必修新增。
prospect,,,,gaokao-english,official_curriculum_2020,3,普通高中英语课程标准（2017年版2020年修订）附录2词汇表；*为必修新增，**为选择性必修新增。
protect,,,,gaokao-english,official_curriculum_2020,1,普通高中英语课程标准（2017年版2020年修订）附录2词汇表；*为必修新增，**为选择性必修新增。
protein,,,,gaokao-english,official_curriculum_2020,3,普通高中英语课程标准（2017年版2020年修订）附录2词汇表；*为必修新增，**为选择性必修新增。
protest,,,,gaokao-english,official_curriculum_2020,2,普通高中英语课程标准（2017年版2020年修订）附录2词汇表；*为必修新增，**为选择性必修新增。
proud,,,,gaokao-english,official_curriculum_2020,1,普通高中英语课程标准（2017年版2020年修订）附录2词汇表；*为必修新增，**为选择性必修新增。
prove,,,,gaokao-english,official_curriculum_2020,2,普通高中英语课程标准（2017年版2020年修订）附录2词汇表；*为必修新增，**为选择性必修新增。
provide,,,,gaokao-english,official_curriculum_2020,1,普通高中英语课程标准（2017年版2020年修订）附录2词汇表；*为必修新增，**为选择性必修新增。
province,,,,gaokao-english,official_curriculum_2020,2,普通高中英语课程标准（2017年版2020年修订）附录2词汇表；*为必修新增，**为选择性必修新增。
psychology,,,,gaokao-english,official_curriculum_2020,3,普通高中英语课程标准（2017年版2020年修订）附录2词汇表；*为必修新增，**为选择性必修新增。
pub,,,,gaokao-english,official_curriculum_2020,3,普通高中英语课程标准（2017年版2020年修订）附录2词汇表；*为必修新增，**为选择性必修新增。
public,,,,gaokao-english,official_curriculum_2020,1,普通高中英语课程标准（2017年版2020年修订）附录2词汇表；*为必修新增，**为选择性必修新增。
publish,,,,gaokao-english,official_curriculum_2020,2,普通高中英语课程标准（2017年版2020年修订）附录2词汇表；*为必修新增，**为选择性必修新增。
pudding,,,,gaokao-english,official_curriculum_2020,2,普通高中英语课程标准（2017年版2020年修订）附录2词汇表；*为必修新增，**为选择性必修新增。
pull,,,,gaokao-english,official_curriculum_2020,1,普通高中英语课程标准（2017年版2020年修订）附录2词汇表；*为必修新增，**为选择性必修新增。
punish,,,,gaokao-english,official_curriculum_2020,1,普通高中英语课程标准（2017年版2020年修订）附录2词汇表；*为必修新增，**为选择性必修新增。
pupil,,,,gaokao-english,official_curriculum_2020,1,普通高中英语课程标准（2017年版2020年修订）附录2词汇表；*为必修新增，**为选择性必修新增。
purchase,,,,gaokao-english,official_curriculum_2020,3,普通高中英语课程标准（2017年版2020年修订）附录2词汇表；*为必修新增，**为选择性必修新增。
pure,,,,gaokao-english,official_curriculum_2020,3,普通高中英语课程标准（2017年版2020年修订）附录2词汇表；*为必修新增，**为选择性必修新增。
purple,,,,gaokao-english,official_curriculum_2020,1,普通高中英语课程标准（2017年版2020年修订）附录2词汇表；*为必修新增，**为选择性必修新增。
purpose,,,,gaokao-english,official_curriculum_2020,1,普通高中英语课程标准（2017年版2020年修订）附录2词汇表；*为必修新增，**为选择性必修新增。
purse,,,,gaokao-english,official_curriculum_2020,3,普通高中英语课程标准（2017年版2020年修订）附录2词汇表；*为必修新增，**为选择性必修新增。
pursue,,,,gaokao-english,official_curriculum_2020,3,普通高中英语课程标准（2017年版2020年修订）附录2词汇表；*为必修新增，**为选择性必修新增。
push,,,,gaokao-english,official_curriculum_2020,1,普通高中英语课程标准（2017年版2020年修订）附录2词汇表；*为必修新增，**为选择性必修新增。
put,,,,gaokao-english,official_curriculum_2020,1,普通高中英语课程标准（2017年版2020年修订）附录2词汇表；*为必修新增，**为选择性必修新增。
qualification,,,,gaokao-english,official_curriculum_2020,3,普通高中英语课程标准（2017年版2020年修订）附录2词汇表；*为必修新增，**为选择性必修新增。
qualify,,,,gaokao-english,official_curriculum_2020,3,普通高中英语课程标准（2017年版2020年修订）附录2词汇表；*为必修新增，**为选择性必修新增。
quality,,,,gaokao-english,official_curriculum_2020,2,普通高中英语课程标准（2017年版2020年修订）附录2词汇表；*为必修新增，**为选择性必修新增。
quantity,,,,gaokao-english,official_curriculum_2020,3,普通高中英语课程标准（2017年版2020年修订）附录2词汇表；*为必修新增，**为选择性必修新增。
quarter,,,,gaokao-english,official_curriculum_2020,1,普通高中英语课程标准（2017年版2020年修订）附录2词汇表；*为必修新增，**为选择性必修新增。
queen,,,,gaokao-english,official_curriculum_2020,1,普通高中英语课程标准（2017年版2020年修订）附录2词汇表；*为必修新增，**为选择性必修新增。
question,,,,gaokao-english,official_curriculum_2020,1,普通高中英语课程标准（2017年版2020年修订）附录2词汇表；*为必修新增，**为选择性必修新增。
quick,,,,gaokao-english,official_curriculum_2020,1,普通高中英语课程标准（2017年版2020年修订）附录2词汇表；*为必修新增，**为选择性必修新增。
quiet,,,,gaokao-english,official_curriculum_2020,1,普通高中英语课程标准（2017年版2020年修订）附录2词汇表；*为必修新增，**为选择性必修新增。
quit,,,,gaokao-english,official_curriculum_2020,2,普通高中英语课程标准（2017年版2020年修订）附录2词汇表；*为必修新增，**为选择性必修新增。
quite,,,,gaokao-english,official_curriculum_2020,1,普通高中英语课程标准（2017年版2020年修订）附录2词汇表；*为必修新增，**为选择性必修新增。
quote,,,,gaokao-english,official_curriculum_2020,3,普通高中英语课程标准（2017年版2020年修订）附录2词汇表；*为必修新增，**为选择性必修新增。
rabbit,,,,gaokao-english,official_curriculum_2020,1,普通高中英语课程标准（2017年版2020年修订）附录2词汇表；*为必修新增，**为选择性必修新增。
race,,,,gaokao-english,official_curriculum_2020,1,普通高中英语课程标准（2017年版2020年修订）附录2词汇表；*为必修新增，**为选择性必修新增。
racial,,,,gaokao-english,official_curriculum_2020,3,普通高中英语课程标准（2017年版2020年修订）附录2词汇表；*为必修新增，**为选择性必修新增。
radiation,,,,gaokao-english,official_curriculum_2020,3,普通高中英语课程标准（2017年版2020年修订）附录2词汇表；*为必修新增，**为选择性必修新增。
radio,,,,gaokao-english,official_curriculum_2020,1,普通高中英语课程标准（2017年版2020年修订）附录2词汇表；*为必修新增，**为选择性必修新增。
radium,,,,gaokao-english,official_curriculum_2020,3,普通高中英语课程标准（2017年版2020年修订）附录2词汇表；*为必修新增，**为选择性必修新增。
railway,,,,gaokao-english,official_curriculum_2020,1,普通高中英语课程标准（2017年版2020年修订）附录2词汇表；*为必修新增，**为选择性必修新增。
rain,,,,gaokao-english,official_curriculum_2020,1,普通高中英语课程标准（2017年版2020年修订）附录2词汇表；*为必修新增，**为选择性必修新增。
rainbow,,,,gaokao-english,official_curriculum_2020,3,普通高中英语课程标准（2017年版2020年修订）附录2词汇表；*为必修新增，**为选择性必修新增。
rainy,,,,gaokao-english,official_curriculum_2020,1,普通高中英语课程标准（2017年版2020年修订）附录2词汇表；*为必修新增，**为选择性必修新增。
raise,,,,gaokao-english,official_curriculum_2020,1,普通高中英语课程标准（2017年版2020年修订）附录2词汇表；*为必修新增，**为选择性必修新增。
random,,,,gaokao-english,official_curriculum_2020,3,普通高中英语课程标准（2017年版2020年修订）附录2词汇表；*为必修新增，**为选择性必修新增。
range,,,,gaokao-english,official_curriculum_2020,2,普通高中英语课程标准（2017年版2020年修订）附录2词汇表；*为必修新增，**为选择性必修新增。
rank,,,,gaokao-english,official_curriculum_2020,3,普通高中英语课程标准（2017年版2020年修订）附录2词汇表；*为必修新增，**为选择性必修新增。
rapid,,,,gaokao-english,official_curriculum_2020,1,普通高中英语课程标准（2017年版2020年修订）附录2词汇表；*为必修新增，**为选择性必修新增。
rare,,,,gaokao-english,official_curriculum_2020,3,普通高中英语课程标准（2017年版2020年修订）附录2词汇表；*为必修新增，**为选择性必修新增。
rate,,,,gaokao-english,official_curriculum_2020,2,普通高中英语课程标准（2017年版2020年修订）附录2词汇表；*为必修新增，**为选择性必修新增。
rather,,,,gaokao-english,official_curriculum_2020,2,普通高中英语课程标准（2017年版2020年修订）附录2词汇表；*为必修新增，**为选择性必修新增。
rating,,,,gaokao-english,official_curriculum_2020,3,普通高中英语课程标准（2017年版2020年修订）附录2词汇表；*为必修新增，**为选择性必修新增。
raw,,,,gaokao-english,official_curriculum_2020,3,普通高中英语课程标准（2017年版2020年修订）附录2词汇表；*为必修新增，**为选择性必修新增。
ray,,,,gaokao-english,official_curriculum_2020,3,普通高中英语课程标准（2017年版2020年修订）附录2词汇表；*为必修新增，**为选择性必修新增。
reach,,,,gaokao-english,official_curriculum_2020,1,普通高中英语课程标准（2017年版2020年修订）附录2词汇表；*为必修新增，**为选择性必修新增。
react,,,,gaokao-english,official_curriculum_2020,3,普通高中英语课程标准（2017年版2020年修订）附录2词汇表；*为必修新增，**为选择性必修新增。
reaction,,,,gaokao-english,official_curriculum_2020,2,普通高中英语课程标准（2017年版2020年修订）附录2词汇表；*为必修新增，**为选择性必修新增。
read,,,,gaokao-english,official_curriculum_2020,1,普通高中英语课程标准（2017年版2020年修订）附录2词汇表；*为必修新增，**为选择性必修新增。
ready,,,,gaokao-english,official_curriculum_2020,1,普通高中英语课程标准（2017年版2020年修订）附录2词汇表；*为必修新增，**为选择性必修新增。
real,,,,gaokao-english,official_curriculum_2020,1,普通高中英语课程标准（2017年版2020年修订）附录2词汇表；*为必修新增，**为选择性必修新增。
realise (realize),,,,gaokao-english,official_curriculum_2020,1,普通高中英语课程标准（2017年版2020年修订）附录2词汇表；*为必修新增，**为选择性必修新增。
realistic,,,,gaokao-english,official_curriculum_2020,3,普通高中英语课程标准（2017年版2020年修订）附录2词汇表；*为必修新增，**为选择性必修新增。
reality,,,,gaokao-english,official_curriculum_2020,3,普通高中英语课程标准（2017年版2020年修订）附录2词汇表；*为必修新增，**为选择性必修新增。
really,,,,gaokao-english,official_curriculum_2020,1,普通高中英语课程标准（2017年版2020年修订）附录2词汇表；*为必修新增，**为选择性必修新增。
reason,,,,gaokao-english,official_curriculum_2020,1,普通高中英语课程标准（2017年版2020年修订）附录2词汇表；*为必修新增，**为选择性必修新增。
recall,,,,gaokao-english,official_curriculum_2020,3,普通高中英语课程标准（2017年版2020年修订）附录2词汇表；*为必修新增，**为选择性必修新增。
receipt,,,,gaokao-english,official_curriculum_2020,3,普通高中英语课程标准（2017年版2020年修订）附录2词汇表；*为必修新增，**为选择性必修新增。
receive,,,,gaokao-english,official_curriculum_2020,1,普通高中英语课程标准（2017年版2020年修订）附录2词汇表；*为必修新增，**为选择性必修新增。
recently,,,,gaokao-english,official_curriculum_2020,1,普通高中英语课程标准（2017年版2020年修订）附录2词汇表；*为必修新增，**为选择性必修新增。
receptionist,,,,gaokao-english,official_curriculum_2020,3,普通高中英语课程标准（2017年版2020年修订）附录2词汇表；*为必修新增，**为选择性必修新增。
recipe,,,,gaokao-english,official_curriculum_2020,3,普通高中英语课程标准（2017年版2020年修订）附录2词汇表；*为必修新增，**为选择性必修新增。
recite,,,,gaokao-english,official_curriculum_2020,3,普通高中英语课程标准（2017年版2020年修订）附录2词汇表；*为必修新增，**为选择性必修新增。
recognise (recognize),,,,gaokao-english,official_curriculum_2020,2,普通高中英语课程标准（2017年版2020年修订）附录2词汇表；*为必修新增，**为选择性必修新增。
recognition,,,,gaokao-english,official_curriculum_2020,3,普通高中英语课程标准（2017年版2020年修订）附录2词汇表；*为必修新增，**为选择性必修新增。
recommend,,,,gaokao-english,official_curriculum_2020,2,普通高中英语课程标准（2017年版2020年修订）附录2词汇表；*为必修新增，**为选择性必修新增。
record,,,,gaokao-english,official_curriculum_2020,1,普通高中英语课程标准（2017年版2020年修订）附录2词汇表；*为必修新增，**为选择性必修新增。
recording,,,,gaokao-english,official_curriculum_2020,3,普通高中英语课程标准（2017年版2020年修订）附录2词汇表；*为必修新增，**为选择性必修新增。
recover,,,,gaokao-english,official_curriculum_2020,2,普通高中英语课程标准（2017年版2020年修订）附录2词汇表；*为必修新增，**为选择性必修新增。
recreation,,,,gaokao-english,official_curriculum_2020,3,普通高中英语课程标准（2017年版2020年修订）附录2词汇表；*为必修新增，**为选择性必修新增。
recycle,,,,gaokao-english,official_curriculum_2020,3,普通高中英语课程标准（2017年版2020年修订）附录2词汇表；*为必修新增，**为选择性必修新增。
red,,,,gaokao-english,official_curriculum_2020,1,普通高中英语课程标准（2017年版2020年修订）附录2词汇表；*为必修新增，**为选择性必修新增。
reduce,,,,gaokao-english,official_curriculum_2020,2,普通高中英语课程标准（2017年版2020年修订）附录2词汇表；*为必修新增，**为选择性必修新增。
refer,,,,gaokao-english,official_curriculum_2020,2,普通高中英语课程标准（2017年版2020年修订）附录2词汇表；*为必修新增，**为选择性必修新增。
reference,,,,gaokao-english,official_curriculum_2020,3,普通高中英语课程标准（2017年版2020年修订）附录2词汇表；*为必修新增，**为选择性必修新增。
reflect,,,,gaokao-english,official_curriculum_2020,2,普通高中英语课程标准（2017年版2020年修订）附录2词汇表；*为必修新增，**为选择性必修新增。
reform,,,,gaokao-english,official_curriculum_2020,3,普通高中英语课程标准（2017年版2020年修订）附录2词汇表；*为必修新增，**为选择性必修新增。
refresh,,,,gaokao-english,official_curriculum_2020,3,普通高中英语课程标准（2017年版2020年修订）附录2词汇表；*为必修新增，**为选择性必修新增。
refuse,,,,gaokao-english,official_curriculum_2020,1,普通高中英语课程标准（2017年版2020年修订）附录2词汇表；*为必修新增，**为选择性必修新增。
regard,,,,gaokao-english,official_curriculum_2020,2,普通高中英语课程标准（2017年版2020年修订）附录2词汇表；*为必修新增，**为选择性必修新增。
regardless,,,,gaokao-english,official_curriculum_2020,3,普通高中英语课程标准（2017年版2020年修订）附录2词汇表；*为必修新增，**为选择性必修新增。
region,,,,gaokao-english,official_curriculum_2020,2,普通高中英语课程标准（2017年版2020年修订）附录2词汇表；*为必修新增，**为选择性必修新增。
register,,,,gaokao-english,official_curriculum_2020,3,普通高中英语课程标准（2017年版2020年修订）附录2词汇表；*为必修新增，**为选择性必修新增。
regret,,,,gaokao-english,official_curriculum_2020,1,普通高中英语课程标准（2017年版2020年修订）附录2词汇表；*为必修新增，**为选择性必修新增。
regular,,,,gaokao-english,official_curriculum_2020,2,普通高中英语课程标准（2017年版2020年修订）附录2词汇表；*为必修新增，**为选择性必修新增。
reject,,,,gaokao-english,official_curriculum_2020,3,普通高中英语课程标准（2017年版2020年修订）附录2词汇表；*为必修新增，**为选择性必修新增。
relate,,,,gaokao-english,official_curriculum_2020,3,普通高中英语课程标准（2017年版2020年修订）附录2词汇表；*为必修新增，**为选择性必修新增。
relationship,,,,gaokao-english,official_curriculum_2020,1,普通高中英语课程标准（2017年版2020年修订）附录2词汇表；*为必修新增，**为选择性必修新增。
relative,,,,gaokao-english,official_curriculum_2020,1,普通高中英语课程标准（2017年版2020年修订）附录2词汇表；*为必修新增，**为选择性必修新增。
relax,,,,gaokao-english,official_curriculum_2020,1,普通高中英语课程标准（2017年版2020年修订）附录2词汇表；*为必修新增，**为选择性必修新增。
relay,,,,gaokao-english,official_curriculum_2020,3,普通高中英语课程标准（2017年版2020年修订）附录2词汇表；*为必修新增，**为选择性必修新增。
release,,,,gaokao-english,official_curriculum_2020,3,普通高中英语课程标准（2017年版2020年修订）附录2词汇表；*为必修新增，**为选择性必修新增。
relevant,,,,gaokao-english,official_curriculum_2020,3,普通高中英语课程标准（2017年版2020年修订）附录2词汇表；*为必修新增，**为选择性必修新增。
reliable,,,,gaokao-english,official_curriculum_2020,3,普通高中英语课程标准（2017年版2020年修订）附录2词汇表；*为必修新增，**为选择性必修新增。
relief,,,,gaokao-english,official_curriculum_2020,2,普通高中英语课程标准（2017年版2020年修订）附录2词汇表；*为必修新增，**为选择性必修新增。
rely,,,,gaokao-english,official_curriculum_2020,3,普通高中英语课程标准（2017年版2020年修订）附录2词汇表；*为必修新增，**为选择性必修新增。
remain,,,,gaokao-english,official_curriculum_2020,1,普通高中英语课程标准（2017年版2020年修订）附录2词汇表；*为必修新增，**为选择性必修新增。
remarkable,,,,gaokao-english,official_curriculum_2020,3,普通高中英语课程标准（2017年版2020年修订）附录2词汇表；*为必修新增，**为选择性必修新增。
remember,,,,gaokao-english,official_curriculum_2020,1,普通高中英语课程标准（2017年版2020年修订）附录2词汇表；*为必修新增，**为选择性必修新增。
remind,,,,gaokao-english,official_curriculum_2020,2,普通高中英语课程标准（2017年版2020年修订）附录2词汇表；*为必修新增，**为选择性必修新增。
remote,,,,gaokao-english,official_curriculum_2020,3,普通高中英语课程标准（2017年版2020年修订）附录2词汇表；*为必修新增，**为选择性必修新增。
remove,,,,gaokao-english,official_curriculum_2020,2,普通高中英语课程标准（2017年版2020年修订）附录2词汇表；*为必修新增，**为选择性必修新增。
rent,,,,gaokao-english,official_curriculum_2020,3,普通高中英语课程标准（2017年版2020年修订）附录2词汇表；*为必修新增，**为选择性必修新增。
repair,,,,gaokao-english,official_curriculum_2020,1,普通高中英语课程标准（2017年版2020年修订）附录2词汇表；*为必修新增，**为选择性必修新增。
repeat,,,,gaokao-english,official_curriculum_2020,1,普通高中英语课程标准（2017年版2020年修订）附录2词汇表；*为必修新增，**为选择性必修新增。
replace,,,,gaokao-english,official_curriculum_2020,2,普通高中英语课程标准（2017年版2020年修订）附录2词汇表；*为必修新增，**为选择性必修新增。
reply,,,,gaokao-english,official_curriculum_2020,1,普通高中英语课程标准（2017年版2020年修订）附录2词汇表；*为必修新增，**为选择性必修新增。
report,,,,gaokao-english,official_curriculum_2020,1,普通高中英语课程标准（2017年版2020年修订）附录2词汇表；*为必修新增，**为选择性必修新增。
represent,,,,gaokao-english,official_curriculum_2020,2,普通高中英语课程标准（2017年版2020年修订）附录2词汇表；*为必修新增，**为选择性必修新增。
representative,,,,gaokao-english,official_curriculum_2020,3,普通高中英语课程标准（2017年版2020年修订）附录2词汇表；*为必修新增，**为选择性必修新增。
republic,,,,gaokao-english,official_curriculum_2020,2,普通高中英语课程标准（2017年版2020年修订）附录2词汇表；*为必修新增，**为选择性必修新增。
reputation,,,,gaokao-english,official_curriculum_2020,3,普通高中英语课程标准（2017年版2020年修订）附录2词汇表；*为必修新增，**为选择性必修新增。
request,,,,gaokao-english,official_curriculum_2020,2,普通高中英语课程标准（2017年版2020年修订）附录2词汇表；*为必修新增，**为选择性必修新增。
require,,,,gaokao-english,official_curriculum_2020,1,普通高中英语课程标准（2017年版2020年修订）附录2词汇表；*为必修新增，**为选择性必修新增。
rescue,,,,gaokao-english,official_curriculum_2020,3,普通高中英语课程标准（2017年版2020年修订）附录2词汇表；*为必修新增，**为选择性必修新增。
research,,,,gaokao-english,official_curriculum_2020,1,普通高中英语课程标准（2017年版2020年修订）附录2词汇表；*为必修新增，**为选择性必修新增。
reserve,,,,gaokao-english,official_curriculum_2020,3,普通高中英语课程标准（2017年版2020年修订）附录2词汇表；*为必修新增，**为选择性必修新增。
resident,,,,gaokao-english,official_curriculum_2020,3,普通高中英语课程标准（2017年版2020年修订）附录2词汇表；*为必修新增，**为选择性必修新增。
resign,,,,gaokao-english,official_curriculum_2020,3,普通高中英语课程标准（2017年版2020年修订）附录2词汇表；*为必修新增，**为选择性必修新增。
resistance,,,,gaokao-english,official_curriculum_2020,3,普通高中英语课程标准（2017年版2020年修订）附录2词汇表；*为必修新增，**为选择性必修新增。
resolution,,,,gaokao-english,official_curriculum_2020,3,普通高中英语课程标准（2017年版2020年修订）附录2词汇表；*为必修新增，**为选择性必修新增。
resolve,,,,gaokao-english,official_curriculum_2020,3,普通高中英语课程标准（2017年版2020年修订）附录2词汇表；*为必修新增，**为选择性必修新增。
resource,,,,gaokao-english,official_curriculum_2020,2,普通高中英语课程标准（2017年版2020年修订）附录2词汇表；*为必修新增，**为选择性必修新增。
respect,,,,gaokao-english,official_curriculum_2020,2,普通高中英语课程标准（2017年版2020年修订）附录2词汇表；*为必修新增，**为选择性必修新增。
respective,,,,gaokao-english,official_curriculum_2020,3,普通高中英语课程标准（2017年版2020年修订）附录2词汇表；*为必修新增，**为选择性必修新增。
respond,,,,gaokao-english,official_curriculum_2020,2,普通高中英语课程标准（2017年版2020年修订）附录2词汇表；*为必修新增，**为选择性必修新增。
response,,,,gaokao-english,official_curriculum_2020,2,普通高中英语课程标准（2017年版2020年修订）附录2词汇表；*为必修新增，**为选择性必修新增。
responsibility,,,,gaokao-english,official_curriculum_2020,3,普通高中英语课程标准（2017年版2020年修订）附录2词汇表；*为必修新增，**为选择性必修新增。
responsible,,,,gaokao-english,official_curriculum_2020,2,普通高中英语课程标准（2017年版2020年修订）附录2词汇表；*为必修新增，**为选择性必修新增。
rest,,,,gaokao-english,official_curriculum_2020,1,普通高中英语课程标准（2017年版2020年修订）附录2词汇表；*为必修新增，**为选择性必修新增。
restaurant,,,,gaokao-english,official_curriculum_2020,1,普通高中英语课程标准（2017年版2020年修订）附录2词汇表；*为必修新增，**为选择性必修新增。
restore,,,,gaokao-english,official_curriculum_2020,3,普通高中英语课程标准（2017年版2020年修订）附录2词汇表；*为必修新增，**为选择性必修新增。
restrict,,,,gaokao-english,official_curriculum_2020,3,普通高中英语课程标准（2017年版2020年修订）附录2词汇表；*为必修新增，**为选择性必修新增。
result,,,,gaokao-english,official_curriculum_2020,1,普通高中英语课程标准（2017年版2020年修订）附录2词汇表；*为必修新增，**为选择性必修新增。
retire,,,,gaokao-english,official_curriculum_2020,2,普通高中英语课程标准（2017年版2020年修订）附录2词汇表；*为必修新增，**为选择性必修新增。
return,,,,gaokao-english,official_curriculum_2020,1,普通高中英语课程标准（2017年版2020年修订）附录2词汇表；*为必修新增，**为选择性必修新增。
reveal,,,,gaokao-english,official_curriculum_2020,2,普通高中英语课程标准（2017年版2020年修订）附录2词汇表；*为必修新增，**为选择性必修新增。
review,,,,gaokao-english,official_curriculum_2020,1,普通高中英语课程标准（2017年版2020年修订）附录2词汇表；*为必修新增，**为选择性必修新增。
revise,,,,gaokao-english,official_curriculum_2020,2,普通高中英语课程标准（2017年版2020年修订）附录2词汇表；*为必修新增，**为选择性必修新增。
reward,,,,gaokao-english,official_curriculum_2020,3,普通高中英语课程标准（2017年版2020年修订）附录2词汇表；*为必修新增，**为选择性必修新增。
rhyme,,,,gaokao-english,official_curriculum_2020,3,普通高中英语课程标准（2017年版2020年修订）附录2词汇表；*为必修新增，**为选择性必修新增。
rice,,,,gaokao-english,official_curriculum_2020,1,普通高中英语课程标准（2017年版2020年修订）附录2词汇表；*为必修新增，**为选择性必修新增。
rich,,,,gaokao-english,official_curriculum_2020,1,普通高中英语课程标准（2017年版2020年修订）附录2词汇表；*为必修新增，**为选择性必修新增。
riddle,,,,gaokao-english,official_curriculum_2020,3,普通高中英语课程标准（2017年版2020年修订）附录2词汇表；*为必修新增，**为选择性必修新增。
ride,,,,gaokao-english,official_curriculum_2020,1,普通高中英语课程标准（2017年版2020年修订）附录2词汇表；*为必修新增，**为选择性必修新增。
right,,,,gaokao-english,official_curriculum_2020,1,普通高中英语课程标准（2017年版2020年修订）附录2词汇表；*为必修新增，**为选择性必修新增。
rigid,,,,gaokao-english,official_curriculum_2020,3,普通高中英语课程标准（2017年版2020年修订）附录2词汇表；*为必修新增，**为选择性必修新增。
ring,,,,gaokao-english,official_curriculum_2020,1,普通高中英语课程标准（2017年版2020年修订）附录2词汇表；*为必修新增，**为选择性必修新增。
ripe,,,,gaokao-english,official_curriculum_2020,3,普通高中英语课程标准（2017年版2020年修订）附录2词汇表；*为必修新增，**为选择性必修新增。
rise,,,,gaokao-english,official_curriculum_2020,1,普通高中英语课程标准（2017年版2020年修订）附录2词汇表；*为必修新增，**为选择性必修新增。
risk,,,,gaokao-english,official_curriculum_2020,1,普通高中英语课程标准（2017年版2020年修订）附录2词汇表；*为必修新增，**为选择性必修新增。
river,,,,gaokao-english,official_curriculum_2020,1,普通高中英语课程标准（2017年版2020年修订）附录2词汇表；*为必修新增，**为选择性必修新增。
road,,,,gaokao-english,official_curriculum_2020,1,普通高中英语课程标准（2017年版2020年修订）附录2词汇表；*为必修新增，**为选择性必修新增。
roast,,,,gaokao-english,official_curriculum_2020,3,普通高中英语课程标准（2017年版2020年修订）附录2词汇表；*为必修新增，**为选择性必修新增。
robot,,,,gaokao-english,official_curriculum_2020,1,普通高中英语课程标准（2017年版2020年修订）附录2词汇表；*为必修新增，**为选择性必修新增。
rock,,,,gaokao-english,official_curriculum_2020,1,普通高中英语课程标准（2017年版2020年修订）附录2词汇表；*为必修新增，**为选择性必修新增。
rocket,,,,gaokao-english,official_curriculum_2020,3,普通高中英语课程标准（2017年版2020年修订）附录2词汇表；*为必修新增，**为选择性必修新增。
role,,,,gaokao-english,official_curriculum_2020,1,普通高中英语课程标准（2017年版2020年修订）附录2词汇表；*为必修新增，**为选择性必修新增。
roll,,,,gaokao-english,official_curriculum_2020,2,普通高中英语课程标准（2017年版2020年修订）附录2词汇表；*为必修新增，**为选择性必修新增。
romantic,,,,gaokao-english,official_curriculum_2020,2,普通高中英语课程标准（2017年版2020年修订）附录2词汇表；*为必修新增，**为选择性必修新增。
roof,,,,gaokao-english,official_curriculum_2020,3,普通高中英语课程标准（2017年版2020年修订）附录2词汇表；*为必修新增，**为选择性必修新增。
room,,,,gaokao-english,official_curriculum_2020,1,普通高中英语课程标准（2017年版2020年修订）附录2词汇表；*为必修新增，**为选择性必修新增。
root,,,,gaokao-english,official_curriculum_2020,3,普通高中英语课程标准（2017年版2020年修订）附录2词汇表；*为必修新增，**为选择性必修新增。
rope,,,,gaokao-english,official_curriculum_2020,1,普通高中英语课程标准（2017年版2020年修订）附录2词汇表；*为必修新增，**为选择性必修新增。
rose,,,,gaokao-english,official_curriculum_2020,1,普通高中英语课程标准（2017年版2020年修订）附录2词汇表；*为必修新增，**为选择性必修新增。
round,,,,gaokao-english,official_curriculum_2020,1,普通高中英语课程标准（2017年版2020年修订）附录2词汇表；*为必修新增，**为选择性必修新增。
route,,,,gaokao-english,official_curriculum_2020,3,普通高中英语课程标准（2017年版2020年修订）附录2词汇表；*为必修新增，**为选择性必修新增。
routine,,,,gaokao-english,official_curriculum_2020,3,普通高中英语课程标准（2017年版2020年修订）附录2词汇表；*为必修新增，**为选择性必修新增。
row,,,,gaokao-english,official_curriculum_2020,1,普通高中英语课程标准（2017年版2020年修订）附录2词汇表；*为必修新增，**为选择性必修新增。
royal,,,,gaokao-english,official_curriculum_2020,3,普通高中英语课程标准（2017年版2020年修订）附录2词汇表；*为必修新增，**为选择性必修新增。
rubber,,,,gaokao-english,official_curriculum_2020,3,普通高中英语课程标准（2017年版2020年修订）附录2词汇表；*为必修新增，**为选择性必修新增。
rubbish,,,,gaokao-english,official_curriculum_2020,1,普通高中英语课程标准（2017年版2020年修订）附录2词汇表；*为必修新增，**为选择性必修新增。
rude,,,,gaokao-english,official_curriculum_2020,3,普通高中英语课程标准（2017年版2020年修订）附录2词汇表；*为必修新增，**为选择性必修新增。
rugby,,,,gaokao-english,official_curriculum_2020,3,普通高中英语课程标准（2017年版2020年修订）附录2词汇表；*为必修新增，**为选择性必修新增。
ruin,,,,gaokao-english,official_curriculum_2020,3,普通高中英语课程标准（2017年版2020年修订）附录2词汇表；*为必修新增，**为选择性必修新增。
rule,,,,gaokao-english,official_curriculum_2020,1,普通高中英语课程标准（2017年版2020年修订）附录2词汇表；*为必修新增，**为选择性必修新增。
ruler,,,,gaokao-english,official_curriculum_2020,1,普通高中英语课程标准（2017年版2020年修订）附录2词汇表；*为必修新增，**为选择性必修新增。
run,,,,gaokao-english,official_curriculum_2020,1,普通高中英语课程标准（2017年版2020年修订）附录2词汇表；*为必修新增，**为选择性必修新增。
rural,,,,gaokao-english,official_curriculum_2020,3,普通高中英语课程标准（2017年版2020年修订）附录2词汇表；*为必修新增，**为选择性必修新增。
rush,,,,gaokao-english,official_curriculum_2020,1,普通高中英语课程标准（2017年版2020年修订）附录2词汇表；*为必修新增，**为选择性必修新增。
Russia,,,,gaokao-english,official_curriculum_2020,1,普通高中英语课程标准（2017年版2020年修订）附录2词汇表；*为必修新增，**为选择性必修新增。
Russian,,,,gaokao-english,official_curriculum_2020,1,普通高中英语课程标准（2017年版2020年修订）附录2词汇表；*为必修新增，**为选择性必修新增。
sad,,,,gaokao-english,official_curriculum_2020,1,普通高中英语课程标准（2017年版2020年修订）附录2词汇表；*为必修新增，**为选择性必修新增。
safe,,,,gaokao-english,official_curriculum_2020,1,普通高中英语课程标准（2017年版2020年修订）附录2词汇表；*为必修新增，**为选择性必修新增。
safety,,,,gaokao-english,official_curriculum_2020,1,普通高中英语课程标准（2017年版2020年修订）附录2词汇表；*为必修新增，**为选择性必修新增。
sail,,,,gaokao-english,official_curriculum_2020,3,普通高中英语课程标准（2017年版2020年修订）附录2词汇表；*为必修新增，**为选择性必修新增。
salad,,,,gaokao-english,official_curriculum_2020,1,普通高中英语课程标准（2017年版2020年修订）附录2词汇表；*为必修新增，**为选择性必修新增。
salary,,,,gaokao-english,official_curriculum_2020,3,普通高中英语课程标准（2017年版2020年修订）附录2词汇表；*为必修新增，**为选择性必修新增。
sale,,,,gaokao-english,official_curriculum_2020,1,普通高中英语课程标准（2017年版2020年修订）附录2词汇表；*为必修新增，**为选择性必修新增。
salesman / saleswoman,,,,gaokao-english,official_curriculum_2020,3,普通高中英语课程标准（2017年版2020年修订）附录2词汇表；*为必修新增，**为选择性必修新增。
salt,,,,gaokao-english,official_curriculum_2020,1,普通高中英语课程标准（2017年版2020年修订）附录2词汇表；*为必修新增，**为选择性必修新增。
salty,,,,gaokao-english,official_curriculum_2020,3,普通高中英语课程标准（2017年版2020年修订）附录2词汇表；*为必修新增，**为选择性必修新增。
same,,,,gaokao-english,official_curriculum_2020,1,普通高中英语课程标准（2017年版2020年修订）附录2词汇表；*为必修新增，**为选择性必修新增。
sample,,,,gaokao-english,official_curriculum_2020,3,普通高中英语课程标准（2017年版2020年修订）附录2词汇表；*为必修新增，**为选择性必修新增。
sand,,,,gaokao-english,official_curriculum_2020,1,普通高中英语课程标准（2017年版2020年修订）附录2词汇表；*为必修新增，**为选择性必修新增。
sandwich,,,,gaokao-english,official_curriculum_2020,1,普通高中英语课程标准（2017年版2020年修订）附录2词汇表；*为必修新增，**为选择性必修新增。
satellite,,,,gaokao-english,official_curriculum_2020,3,普通高中英语课程标准（2017年版2020年修订）附录2词汇表；*为必修新增，**为选择性必修新增。
satisfaction,,,,gaokao-english,official_curriculum_2020,2,普通高中英语课程标准（2017年版2020年修订）附录2词汇表；*为必修新增，**为选择性必修新增。
satisfy,,,,gaokao-english,official_curriculum_2020,1,普通高中英语课程标准（2017年版2020年修订）附录2词汇表；*为必修新增，**为选择性必修新增。
Saturday,,,,gaokao-english,official_curriculum_2020,1,普通高中英语课程标准（2017年版2020年修订）附录2词汇表；*为必修新增，**为选择性必修新增。
saucer,,,,gaokao-english,official_curriculum_2020,3,普通高中英语课程标准（2017年版2020年修订）附录2词汇表；*为必修新增，**为选择性必修新增。
sausage,,,,gaokao-english,official_curriculum_2020,3,普通高中英语课程标准（2017年版2020年修订）附录2词汇表；*为必修新增，**为选择性必修新增。
save,,,,gaokao-english,official_curriculum_2020,1,普通高中英语课程标准（2017年版2020年修订）附录2词汇表；*为必修新增，**为选择性必修新增。
saving,,,,gaokao-english,official_curriculum_2020,3,普通高中英语课程标准（2017年版2020年修订）附录2词汇表；*为必修新增，**为选择性必修新增。
say,,,,gaokao-english,official_curriculum_2020,1,普通高中英语课程标准（2017年版2020年修订）附录2词汇表；*为必修新增，**为选择性必修新增。
saying,,,,gaokao-english,official_curriculum_2020,3,普通高中英语课程标准（2017年版2020年修订）附录2词汇表；*为必修新增，**为选择性必修新增。
scare,,,,gaokao-english,official_curriculum_2020,2,普通高中英语课程标准（2017年版2020年修订）附录2词汇表；*为必修新增，**为选择性必修新增。
scarf,,,,gaokao-english,official_curriculum_2020,1,普通高中英语课程标准（2017年版2020年修订）附录2词汇表；*为必修新增，**为选择性必修新增。
scene,,,,gaokao-english,official_curriculum_2020,2,普通高中英语课程标准（2017年版2020年修订）附录2词汇表；*为必修新增，**为选择性必修新增。
schedule,,,,gaokao-english,official_curriculum_2020,2,普通高中英语课程标准（2017年版2020年修订）附录2词汇表；*为必修新增，**为选择性必修新增。
scholarship,,,,gaokao-english,official_curriculum_2020,3,普通高中英语课程标准（2017年版2020年修订）附录2词汇表；*为必修新增，**为选择性必修新增。
school,,,,gaokao-english,official_curriculum_2020,1,普通高中英语课程标准（2017年版2020年修订）附录2词汇表；*为必修新增，**为选择性必修新增。
schoolbag,,,,gaokao-english,official_curriculum_2020,1,普通高中英语课程标准（2017年版2020年修订）附录2词汇表；*为必修新增，**为选择性必修新增。
science,,,,gaokao-english,official_curriculum_2020,1,普通高中英语课程标准（2017年版2020年修订）附录2词汇表；*为必修新增，**为选择性必修新增。
scientific,,,,gaokao-english,official_curriculum_2020,3,普通高中英语课程标准（2017年版2020年修订）附录2词汇表；*为必修新增，**为选择性必修新增。
scientist,,,,gaokao-english,official_curriculum_2020,1,普通高中英语课程标准（2017年版2020年修订）附录2词汇表；*为必修新增，**为选择性必修新增。
scissors,,,,gaokao-english,official_curriculum_2020,1,普通高中英语课程标准（2017年版2020年修订）附录2词汇表；*为必修新增，**为选择性必修新增。
score,,,,gaokao-english,official_curriculum_2020,1,普通高中英语课程标准（2017年版2020年修订）附录2词汇表；*为必修新增，**为选择性必修新增。
scream,,,,gaokao-english,official_curriculum_2020,3,普通高中英语课程标准（2017年版2020年修订）附录2词汇表；*为必修新增，**为选择性必修新增。
screen,,,,gaokao-english,official_curriculum_2020,1,普通高中英语课程标准（2017年版2020年修订）附录2词汇表；*为必修新增，**为选择性必修新增。
sculpture,,,,gaokao-english,official_curriculum_2020,3,普通高中英语课程标准（2017年版2020年修订）附录2词汇表；*为必修新增，**为选择性必修新增。
sea,,,,gaokao-english,official_curriculum_2020,1,普通高中英语课程标准（2017年版2020年修订）附录2词汇表；*为必修新增，**为选择性必修新增。
search,,,,gaokao-english,official_curriculum_2020,1,普通高中英语课程标准（2017年版2020年修订）附录2词汇表；*为必修新增，**为选择性必修新增。
season,,,,gaokao-english,official_curriculum_2020,1,普通高中英语课程标准（2017年版2020年修订）附录2词汇表；*为必修新增，**为选择性必修新增。
seat,,,,gaokao-english,official_curriculum_2020,1,普通高中英语课程标准（2017年版2020年修订）附录2词汇表；*为必修新增，**为选择性必修新增。
second,,,,gaokao-english,official_curriculum_2020,1,普通高中英语课程标准（2017年版2020年修订）附录2词汇表；*为必修新增，**为选择性必修新增。
secondary,,,,gaokao-english,official_curriculum_2020,3,普通高中英语课程标准（2017年版2020年修订）附录2词汇表；*为必修新增，**为选择性必修新增。
secret,,,,gaokao-english,official_curriculum_2020,1,普通高中英语课程标准（2017年版2020年修订）附录2词汇表；*为必修新增，**为选择性必修新增。
secretary,,,,gaokao-english,official_curriculum_2020,1,普通高中英语课程标准（2017年版2020年修订）附录2词汇表；*为必修新增，**为选择性必修新增。
section,,,,gaokao-english,official_curriculum_2020,2,普通高中英语课程标准（2017年版2020年修订）附录2词汇表；*为必修新增，**为选择性必修新增。
secure,,,,gaokao-english,official_curriculum_2020,3,普通高中英语课程标准（2017年版2020年修订）附录2词汇表；*为必修新增，**为选择性必修新增。
security,,,,gaokao-english,official_curriculum_2020,3,普通高中英语课程标准（2017年版2020年修订）附录2词汇表；*为必修新增，**为选择性必修新增。
see,,,,gaokao-english,official_curriculum_2020,1,普通高中英语课程标准（2017年版2020年修订）附录2词汇表；*为必修新增，**为选择性必修新增。
seed,,,,gaokao-english,official_curriculum_2020,3,普通高中英语课程标准（2017年版2020年修订）附录2词汇表；*为必修新增，**为选择性必修新增。
seek,,,,gaokao-english,official_curriculum_2020,2,普通高中英语课程标准（2017年版2020年修订）附录2词汇表；*为必修新增，**为选择性必修新增。
seem,,,,gaokao-english,official_curriculum_2020,1,普通高中英语课程标准（2017年版2020年修订）附录2词汇表；*为必修新增，**为选择性必修新增。
seize,,,,gaokao-english,official_curriculum_2020,3,普通高中英语课程标准（2017年版2020年修订）附录2词汇表；*为必修新增，**为选择性必修新增。
seldom,,,,gaokao-english,official_curriculum_2020,1,普通高中英语课程标准（2017年版2020年修订）附录2词汇表；*为必修新增，**为选择性必修新增。
select,,,,gaokao-english,official_curriculum_2020,2,普通高中英语课程标准（2017年版2020年修订）附录2词汇表；*为必修新增，**为选择性必修新增。
sell,,,,gaokao-english,official_curriculum_2020,1,普通高中英语课程标准（2017年版2020年修订）附录2词汇表；*为必修新增，**为选择性必修新增。
send,,,,gaokao-english,official_curriculum_2020,1,普通高中英语课程标准（2017年版2020年修订）附录2词汇表；*为必修新增，**为选择性必修新增。
senior,,,,gaokao-english,official_curriculum_2020,2,普通高中英语课程标准（2017年版2020年修订）附录2词汇表；*为必修新增，**为选择性必修新增。
sense,,,,gaokao-english,official_curriculum_2020,1,普通高中英语课程标准（2017年版2020年修订）附录2词汇表；*为必修新增，**为选择性必修新增。
sensitive,,,,gaokao-english,official_curriculum_2020,3,普通高中英语课程标准（2017年版2020年修订）附录2词汇表；*为必修新增，**为选择性必修新增。
sentence,,,,gaokao-english,official_curriculum_2020,1,普通高中英语课程标准（2017年版2020年修订）附录2词汇表；*为必修新增，**为选择性必修新增。
separate,,,,gaokao-english,official_curriculum_2020,1,普通高中英语课程标准（2017年版2020年修订）附录2词汇表；*为必修新增，**为选择性必修新增。
September,,,,gaokao-english,official_curriculum_2020,1,普通高中英语课程标准（2017年版2020年修订）附录2词汇表；*为必修新增，**为选择性必修新增。
series,,,,gaokao-english,official_curriculum_2020,2,普通高中英语课程标准（2017年版2020年修订）附录2词汇表；*为必修新增，**为选择性必修新增。
serious,,,,gaokao-english,official_curriculum_2020,1,普通高中英语课程标准（2017年版2020年修订）附录2词汇表；*为必修新增，**为选择性必修新增。
servant,,,,gaokao-english,official_curriculum_2020,3,普通高中英语课程标准（2017年版2020年修订）附录2词汇表；*为必修新增，**为选择性必修新增。
serve,,,,gaokao-english,official_curriculum_2020,1,普通高中英语课程标准（2017年版2020年修订）附录2词汇表；*为必修新增，**为选择性必修新增。
service,,,,gaokao-english,official_curriculum_2020,1,普通高中英语课程标准（2017年版2020年修订）附录2词汇表；*为必修新增，**为选择性必修新增。
session,,,,gaokao-english,official_curriculum_2020,3,普通高中英语课程标准（2017年版2020年修订）附录2词汇表；*为必修新增，**为选择性必修新增。
set,,,,gaokao-english,official_curriculum_2020,1,普通高中英语课程标准（2017年版2020年修订）附录2词汇表；*为必修新增，**为选择性必修新增。
setting,,,,gaokao-english,official_curriculum_2020,3,普通高中英语课程标准（2017年版2020年修订）附录2词汇表；*为必修新增，**为选择性必修新增。
settle,,,,gaokao-english,official_curriculum_2020,2,普通高中英语课程标准（2017年版2020年修订）附录2词汇表；*为必修新增，**为选择性必修新增。
seven,,,,gaokao-english,official_curriculum_2020,1,普通高中英语课程标准（2017年版2020年修订）附录2词汇表；*为必修新增，**为选择性必修新增。
seventeen,,,,gaokao-english,official_curriculum_2020,1,普通高中英语课程标准（2017年版2020年修订）附录2词汇表；*为必修新增，**为选择性必修新增。
seventh,,,,gaokao-english,official_curriculum_2020,1,普通高中英语课程标准（2017年版2020年修订）附录2词汇表；*为必修新增，**为选择性必修新增。
seventy,,,,gaokao-english,official_curriculum_2020,1,普通高中英语课程标准（2017年版2020年修订）附录2词汇表；*为必修新增，**为选择性必修新增。
several,,,,gaokao-english,official_curriculum_2020,1,普通高中英语课程标准（2017年版2020年修订）附录2词汇表；*为必修新增，**为选择性必修新增。
severe,,,,gaokao-english,official_curriculum_2020,3,普通高中英语课程标准（2017年版2020年修订）附录2词汇表；*为必修新增，**为选择性必修新增。
sew,,,,gaokao-english,official_curriculum_2020,3,普通高中英语课程标准（2017年版2020年修订）附录2词汇表；*为必修新增，**为选择性必修新增。
sex,,,,gaokao-english,official_curriculum_2020,2,普通高中英语课程标准（2017年版2020年修订）附录2词汇表；*为必修新增，**为选择性必修新增。
shade,,,,gaokao-english,official_curriculum_2020,3,普通高中英语课程标准（2017年版2020年修订）附录2词汇表；*为必修新增，**为选择性必修新增。
shadow,,,,gaokao-english,official_curriculum_2020,3,普通高中英语课程标准（2017年版2020年修订）附录2词汇表；*为必修新增，**为选择性必修新增。
shake,,,,gaokao-english,official_curriculum_2020,1,普通高中英语课程标准（2017年版2020年修订）附录2词汇表；*为必修新增，**为选择性必修新增。
shall,,,,gaokao-english,official_curriculum_2020,1,普通高中英语课程标准（2017年版2020年修订）附录2词汇表；*为必修新增，**为选择性必修新增。
shallow,,,,gaokao-english,official_curriculum_2020,2,普通高中英语课程标准（2017年版2020年修订）附录2词汇表；*为必修新增，**为选择性必修新增。
shame,,,,gaokao-english,official_curriculum_2020,1,普通高中英语课程标准（2017年版2020年修订）附录2词汇表；*为必修新增，**为选择性必修新增。
shape,,,,gaokao-english,official_curriculum_2020,1,普通高中英语课程标准（2017年版2020年修订）附录2词汇表；*为必修新增，**为选择性必修新增。
share,,,,gaokao-english,official_curriculum_2020,1,普通高中英语课程标准（2017年版2020年修订）附录2词汇表；*为必修新增，**为选择性必修新增。
shark,,,,gaokao-english,official_curriculum_2020,3,普通高中英语课程标准（2017年版2020年修订）附录2词汇表；*为必修新增，**为选择性必修新增。
sharp,,,,gaokao-english,official_curriculum_2020,2,普通高中英语课程标准（2017年版2020年修订）附录2词汇表；*为必修新增，**为选择性必修新增。
shave,,,,gaokao-english,official_curriculum_2020,3,普通高中英语课程标准（2017年版2020年修订）附录2词汇表；*为必修新增，**为选择性必修新增。
she,,,,gaokao-english,official_curriculum_2020,1,普通高中英语课程标准（2017年版2020年修订）附录2词汇表；*为必修新增，**为选择性必修新增。
sheep,,,,gaokao-english,official_curriculum_2020,1,普通高中英语课程标准（2017年版2020年修订）附录2词汇表；*为必修新增，**为选择性必修新增。
sheet,,,,gaokao-english,official_curriculum_2020,2,普通高中英语课程标准（2017年版2020年修订）附录2词汇表；*为必修新增，**为选择性必修新增。
shelf,,,,gaokao-english,official_curriculum_2020,3,普通高中英语课程标准（2017年版2020年修订）附录2词汇表；*为必修新增，**为选择性必修新增。
shelter,,,,gaokao-english,official_curriculum_2020,3,普通高中英语课程标准（2017年版2020年修订）附录2词汇表；*为必修新增，**为选择性必修新增。
shift,,,,gaokao-english,official_curriculum_2020,3,普通高中英语课程标准（2017年版2020年修订）附录2词汇表；*为必修新增，**为选择性必修新增。
shine,,,,gaokao-english,official_curriculum_2020,1,普通高中英语课程标准（2017年版2020年修订）附录2词汇表；*为必修新增，**为选择性必修新增。
ship,,,,gaokao-english,official_curriculum_2020,1,普通高中英语课程标准（2017年版2020年修订）附录2词汇表；*为必修新增，**为选择性必修新增。
shirt,,,,gaokao-english,official_curriculum_2020,1,普通高中英语课程标准（2017年版2020年修订）附录2词汇表；*为必修新增，**为选择性必修新增。
shock,,,,gaokao-english,official_curriculum_2020,2,普通高中英语课程标准（2017年版2020年修订）附录2词汇表；*为必修新增，**为选择性必修新增。
shoe,,,,gaokao-english,official_curriculum_2020,1,普通高中英语课程标准（2017年版2020年修订）附录2词汇表；*为必修新增，**为选择性必修新增。
shoot,,,,gaokao-english,official_curriculum_2020,2,普通高中英语课程标准（2017年版2020年修订）附录2词汇表；*为必修新增，**为选择性必修新增。
shop,,,,gaokao-english,official_curriculum_2020,1,普通高中英语课程标准（2017年版2020年修订）附录2词汇表；*为必修新增，**为选择性必修新增。
shore,,,,gaokao-english,official_curriculum_2020,3,普通高中英语课程标准（2017年版2020年修订）附录2词汇表；*为必修新增，**为选择性必修新增。
short,,,,gaokao-english,official_curriculum_2020,1,普通高中英语课程标准（2017年版2020年修订）附录2词汇表；*为必修新增，**为选择性必修新增。
shortage,,,,gaokao-english,official_curriculum_2020,3,普通高中英语课程标准（2017年版2020年修订）附录2词汇表；*为必修新增，**为选择性必修新增。
shorts,,,,gaokao-english,official_curriculum_2020,1,普通高中英语课程标准（2017年版2020年修订）附录2词汇表；*为必修新增，**为选择性必修新增。
should,,,,gaokao-english,official_curriculum_2020,1,普通高中英语课程标准（2017年版2020年修订）附录2词汇表；*为必修新增，**为选择性必修新增。
shoulder,,,,gaokao-english,official_curriculum_2020,1,普通高中英语课程标准（2017年版2020年修订）附录2词汇表；*为必修新增，**为选择性必修新增。
shout,,,,gaokao-english,official_curriculum_2020,1,普通高中英语课程标准（2017年版2020年修订）附录2词汇表；*为必修新增，**为选择性必修新增。
show,,,,gaokao-english,official_curriculum_2020,1,普通高中英语课程标准（2017年版2020年修订）附录2词汇表；*为必修新增，**为选择性必修新增。
shower,,,,gaokao-english,official_curriculum_2020,1,普通高中英语课程标准（2017年版2020年修订）附录2词汇表；*为必修新增，**为选择性必修新增。
shut,,,,gaokao-english,official_curriculum_2020,1,普通高中英语课程标准（2017年版2020年修订）附录2词汇表；*为必修新增，**为选择性必修新增。
shy,,,,gaokao-english,official_curriculum_2020,1,普通高中英语课程标准（2017年版2020年修订）附录2词汇表；*为必修新增，**为选择性必修新增。
sick,,,,gaokao-english,official_curriculum_2020,1,普通高中英语课程标准（2017年版2020年修订）附录2词汇表；*为必修新增，**为选择性必修新增。
side,,,,gaokao-english,official_curriculum_2020,1,普通高中英语课程标准（2017年版2020年修订）附录2词汇表；*为必修新增，**为选择性必修新增。
sight,,,,gaokao-english,official_curriculum_2020,2,普通高中英语课程标准（2017年版2020年修订）附录2词汇表；*为必修新增，**为选择性必修新增。
sign,,,,gaokao-english,official_curriculum_2020,1,普通高中英语课程标准（2017年版2020年修订）附录2词汇表；*为必修新增，**为选择性必修新增。
signal,,,,gaokao-english,official_curriculum_2020,2,普通高中英语课程标准（2017年版2020年修订）附录2词汇表；*为必修新增，**为选择性必修新增。
significant,,,,gaokao-english,official_curriculum_2020,2,普通高中英语课程标准（2017年版2020年修订）附录2词汇表；*为必修新增，**为选择性必修新增。
silence,,,,gaokao-english,official_curriculum_2020,1,普通高中英语课程标准（2017年版2020年修订）附录2词汇表；*为必修新增，**为选择性必修新增。
silent,,,,gaokao-english,official_curriculum_2020,1,普通高中英语课程标准（2017年版2020年修订）附录2词汇表；*为必修新增，**为选择性必修新增。
silk,,,,gaokao-english,official_curriculum_2020,1,普通高中英语课程标准（2017年版2020年修订）附录2词汇表；*为必修新增，**为选择性必修新增。
silly,,,,gaokao-english,official_curriculum_2020,1,普通高中英语课程标准（2017年版2020年修订）附录2词汇表；*为必修新增，**为选择性必修新增。
silver,,,,gaokao-english,official_curriculum_2020,1,普通高中英语课程标准（2017年版2020年修订）附录2词汇表；*为必修新增，**为选择性必修新增。
similar,,,,gaokao-english,official_curriculum_2020,1,普通高中英语课程标准（2017年版2020年修订）附录2词汇表；*为必修新增，**为选择性必修新增。
simple,,,,gaokao-english,official_curriculum_2020,1,普通高中英语课程标准（2017年版2020年修订）附录2词汇表；*为必修新增，**为选择性必修新增。
since,,,,gaokao-english,official_curriculum_2020,1,普通高中英语课程标准（2017年版2020年修订）附录2词汇表；*为必修新增，**为选择性必修新增。
sincerely,,,,gaokao-english,official_curriculum_2020,3,普通高中英语课程标准（2017年版2020年修订）附录2词汇表；*为必修新增，**为选择性必修新增。
sing,,,,gaokao-english,official_curriculum_2020,1,普通高中英语课程标准（2017年版2020年修订）附录2词汇表；*为必修新增，**为选择性必修新增。
single,,,,gaokao-english,official_curriculum_2020,1,普通高中英语课程标准（2017年版2020年修订）附录2词汇表；*为必修新增，**为选择性必修新增。
sink,,,,gaokao-english,official_curriculum_2020,3,普通高中英语课程标准（2017年版2020年修订）附录2词汇表；*为必修新增，**为选择性必修新增。
sir,,,,gaokao-english,official_curriculum_2020,1,普通高中英语课程标准（2017年版2020年修订）附录2词汇表；*为必修新增，**为选择性必修新增。
sister,,,,gaokao-english,official_curriculum_2020,1,普通高中英语课程标准（2017年版2020年修订）附录2词汇表；*为必修新增，**为选择性必修新增。
sit,,,,gaokao-english,official_curriculum_2020,1,普通高中英语课程标准（2017年版2020年修订）附录2词汇表；*为必修新增，**为选择性必修新增。
site,,,,gaokao-english,official_curriculum_2020,2,普通高中英语课程标准（2017年版2020年修订）附录2词汇表；*为必修新增，**为选择性必修新增。
situation,,,,gaokao-english,official_curriculum_2020,1,普通高中英语课程标准（2017年版2020年修订）附录2词汇表；*为必修新增，**为选择性必修新增。
six,,,,gaokao-english,official_curriculum_2020,1,普通高中英语课程标准（2017年版2020年修订）附录2词汇表；*为必修新增，**为选择性必修新增。
sixteen,,,,gaokao-english,official_curriculum_2020,1,普通高中英语课程标准（2017年版2020年修订）附录2词汇表；*为必修新增，**为选择性必修新增。
sixth,,,,gaokao-english,official_curriculum_2020,1,普通高中英语课程标准（2017年版2020年修订）附录2词汇表；*为必修新增，**为选择性必修新增。
sixty,,,,gaokao-english,official_curriculum_2020,1,普通高中英语课程标准（2017年版2020年修订）附录2词汇表；*为必修新增，**为选择性必修新增。
size,,,,gaokao-english,official_curriculum_2020,1,普通高中英语课程标准（2017年版2020年修订）附录2词汇表；*为必修新增，**为选择性必修新增。
skate,,,,gaokao-english,official_curriculum_2020,1,普通高中英语课程标准（2017年版2020年修订）附录2词汇表；*为必修新增，**为选择性必修新增。
skateboard,,,,gaokao-english,official_curriculum_2020,3,普通高中英语课程标准（2017年版2020年修订）附录2词汇表；*为必修新增，**为选择性必修新增。
ski,,,,gaokao-english,official_curriculum_2020,2,普通高中英语课程标准（2017年版2020年修订）附录2词汇表；*为必修新增，**为选择性必修新增。
skill,,,,gaokao-english,official_curriculum_2020,1,普通高中英语课程标准（2017年版2020年修订）附录2词汇表；*为必修新增，**为选择性必修新增。
skin,,,,gaokao-english,official_curriculum_2020,2,普通高中英语课程标准（2017年版2020年修订）附录2词汇表；*为必修新增，**为选择性必修新增。
skip,,,,gaokao-english,official_curriculum_2020,3,普通高中英语课程标准（2017年版2020年修订）附录2词汇表；*为必修新增，**为选择性必修新增。
skirt,,,,gaokao-english,official_curriculum_2020,1,普通高中英语课程标准（2017年版2020年修订）附录2词汇表；*为必修新增，**为选择性必修新增。
sky,,,,gaokao-english,official_curriculum_2020,1,普通高中英语课程标准（2017年版2020年修订）附录2词汇表；*为必修新增，**为选择性必修新增。
sleep,,,,gaokao-english,official_curriculum_2020,1,普通高中英语课程标准（2017年版2020年修订）附录2词汇表；*为必修新增，**为选择性必修新增。
sleepy,,,,gaokao-english,official_curriculum_2020,1,普通高中英语课程标准（2017年版2020年修订）附录2词汇表；*为必修新增，**为选择性必修新增。
slice,,,,gaokao-english,official_curriculum_2020,3,普通高中英语课程标准（2017年版2020年修订）附录2词汇表；*为必修新增，**为选择性必修新增。
slide,,,,gaokao-english,official_curriculum_2020,2,普通高中英语课程标准（2017年版2020年修订）附录2词汇表；*为必修新增，**为选择性必修新增。
slightly,,,,gaokao-english,official_curriculum_2020,2,普通高中英语课程标准（2017年版2020年修订）附录2词汇表；*为必修新增，**为选择性必修新增。
slim,,,,gaokao-english,official_curriculum_2020,2,普通高中英语课程标准（2017年版2020年修订）附录2词汇表；*为必修新增，**为选择性必修新增。
slip,,,,gaokao-english,official_curriculum_2020,3,普通高中英语课程标准（2017年版2020年修订）附录2词汇表；*为必修新增，**为选择性必修新增。
slow,,,,gaokao-english,official_curriculum_2020,1,普通高中英语课程标准（2017年版2020年修订）附录2词汇表；*为必修新增，**为选择性必修新增。
small,,,,gaokao-english,official_curriculum_2020,1,普通高中英语课程标准（2017年版2020年修订）附录2词汇表；*为必修新增，**为选择性必修新增。
smart,,,,gaokao-english,official_curriculum_2020,1,普通高中英语课程标准（2017年版2020年修订）附录2词汇表；*为必修新增，**为选择性必修新增。
smell,,,,gaokao-english,official_curriculum_2020,1,普通高中英语课程标准（2017年版2020年修订）附录2词汇表；*为必修新增，**为选择性必修新增。
smile,,,,gaokao-english,official_curriculum_2020,1,普通高中英语课程标准（2017年版2020年修订）附录2词汇表；*为必修新增，**为选择性必修新增。
smog,,,,gaokao-english,official_curriculum_2020,2,普通高中英语课程标准（2017年版2020年修订）附录2词汇表；*为必修新增，**为选择性必修新增。
smoke,,,,gaokao-english,official_curriculum_2020,1,普通高中英语课程标准（2017年版2020年修订）附录2词汇表；*为必修新增，**为选择性必修新增。
smooth,,,,gaokao-english,official_curriculum_2020,1,普通高中英语课程标准（2017年版2020年修订）附录2词汇表；*为必修新增，**为选择性必修新增。
snack,,,,gaokao-english,official_curriculum_2020,2,普通高中英语课程标准（2017年版2020年修订）附录2词汇表；*为必修新增，**为选择性必修新增。
snake,,,,gaokao-english,official_curriculum_2020,1,普通高中英语课程标准（2017年版2020年修订）附录2词汇表；*为必修新增，**为选择性必修新增。
sneeze,,,,gaokao-english,official_curriculum_2020,3,普通高中英语课程标准（2017年版2020年修订）附录2词汇表；*为必修新增，**为选择性必修新增。
snow,,,,gaokao-english,official_curriculum_2020,1,普通高中英语课程标准（2017年版2020年修订）附录2词汇表；*为必修新增，**为选择性必修新增。
snowy,,,,gaokao-english,official_curriculum_2020,1,普通高中英语课程标准（2017年版2020年修订）附录2词汇表；*为必修新增，**为选择性必修新增。
so,,,,gaokao-english,official_curriculum_2020,1,普通高中英语课程标准（2017年版2020年修订）附录2词汇表；*为必修新增，**为选择性必修新增。
soccer,,,,gaokao-english,official_curriculum_2020,2,普通高中英语课程标准（2017年版2020年修订）附录2词汇表；*为必修新增，**为选择性必修新增。
social,,,,gaokao-english,official_curriculum_2020,1,普通高中英语课程标准（2017年版2020年修订）附录2词汇表；*为必修新增，**为选择性必修新增。
socialist,,,,gaokao-english,official_curriculum_2020,3,普通高中英语课程标准（2017年版2020年修订）附录2词汇表；*为必修新增，**为选择性必修新增。
society,,,,gaokao-english,official_curriculum_2020,1,普通高中英语课程标准（2017年版2020年修订）附录2词汇表；*为必修新增，**为选择性必修新增。
sock,,,,gaokao-english,official_curriculum_2020,1,普通高中英语课程标准（2017年版2020年修订）附录2词汇表；*为必修新增，**为选择性必修新增。
sofa,,,,gaokao-english,official_curriculum_2020,1,普通高中英语课程标准（2017年版2020年修订）附录2词汇表；*为必修新增，**为选择性必修新增。
soft,,,,gaokao-english,official_curriculum_2020,1,普通高中英语课程标准（2017年版2020年修订）附录2词汇表；*为必修新增，**为选择性必修新增。
software,,,,gaokao-english,official_curriculum_2020,2,普通高中英语课程标准（2017年版2020年修订）附录2词汇表；*为必修新增，**为选择性必修新增。
soil,,,,gaokao-english,official_curriculum_2020,3,普通高中英语课程标准（2017年版2020年修订）附录2词汇表；*为必修新增，**为选择性必修新增。
solar,,,,gaokao-english,official_curriculum_2020,3,普通高中英语课程标准（2017年版2020年修订）附录2词汇表；*为必修新增，**为选择性必修新增。
soldier,,,,gaokao-english,official_curriculum_2020,3,普通高中英语课程标准（2017年版2020年修订）附录2词汇表；*为必修新增，**为选择性必修新增。
solid,,,,gaokao-english,official_curriculum_2020,3,普通高中英语课程标准（2017年版2020年修订）附录2词汇表；*为必修新增，**为选择性必修新增。
solution,,,,gaokao-english,official_curriculum_2020,2,普通高中英语课程标准（2017年版2020年修订）附录2词汇表；*为必修新增，**为选择性必修新增。
solve,,,,gaokao-english,official_curriculum_2020,1,普通高中英语课程标准（2017年版2020年修订）附录2词汇表；*为必修新增，**为选择性必修新增。
some,,,,gaokao-english,official_curriculum_2020,1,普通高中英语课程标准（2017年版2020年修订）附录2词汇表；*为必修新增，**为选择性必修新增。
somebody,,,,gaokao-english,official_curriculum_2020,1,普通高中英语课程标准（2017年版2020年修订）附录2词汇表；*为必修新增，**为选择性必修新增。
somehow,,,,gaokao-english,official_curriculum_2020,2,普通高中英语课程标准（2017年版2020年修订）附录2词汇表；*为必修新增，**为选择性必修新增。
someone,,,,gaokao-english,official_curriculum_2020,1,普通高中英语课程标准（2017年版2020年修订）附录2词汇表；*为必修新增，**为选择性必修新增。
something,,,,gaokao-english,official_curriculum_2020,1,普通高中英语课程标准（2017年版2020年修订）附录2词汇表；*为必修新增，**为选择性必修新增。
sometimes,,,,gaokao-english,official_curriculum_2020,1,普通高中英语课程标准（2017年版2020年修订）附录2词汇表；*为必修新增，**为选择性必修新增。
somewhat,,,,gaokao-english,official_curriculum_2020,3,普通高中英语课程标准（2017年版2020年修订）附录2词汇表；*为必修新增，**为选择性必修新增。
somewhere,,,,gaokao-english,official_curriculum_2020,1,普通高中英语课程标准（2017年版2020年修订）附录2词汇表；*为必修新增，**为选择性必修新增。
son,,,,gaokao-english,official_curriculum_2020,1,普通高中英语课程标准（2017年版2020年修订）附录2词汇表；*为必修新增，**为选择性必修新增。
song,,,,gaokao-english,official_curriculum_2020,1,普通高中英语课程标准（2017年版2020年修订）附录2词汇表；*为必修新增，**为选择性必修新增。
soon,,,,gaokao-english,official_curriculum_2020,1,普通高中英语课程标准（2017年版2020年修订）附录2词汇表；*为必修新增，**为选择性必修新增。
sorrow,,,,gaokao-english,official_curriculum_2020,3,普通高中英语课程标准（2017年版2020年修订）附录2词汇表；*为必修新增，**为选择性必修新增。
sorry,,,,gaokao-english,official_curriculum_2020,1,普通高中英语课程标准（2017年版2020年修订）附录2词汇表；*为必修新增，**为选择性必修新增。
sort,,,,gaokao-english,official_curriculum_2020,2,普通高中英语课程标准（2017年版2020年修订）附录2词汇表；*为必修新增，**为选择性必修新增。
soul,,,,gaokao-english,official_curriculum_2020,3,普通高中英语课程标准（2017年版2020年修订）附录2词汇表；*为必修新增，**为选择性必修新增。
sound,,,,gaokao-english,official_curriculum_2020,1,普通高中英语课程标准（2017年版2020年修订）附录2词汇表；*为必修新增，**为选择性必修新增。
soup,,,,gaokao-english,official_curriculum_2020,1,普通高中英语课程标准（2017年版2020年修订）附录2词汇表；*为必修新增，**为选择性必修新增。
sour,,,,gaokao-english,official_curriculum_2020,3,普通高中英语课程标准（2017年版2020年修订）附录2词汇表；*为必修新增，**为选择性必修新增。
source,,,,gaokao-english,official_curriculum_2020,2,普通高中英语课程标准（2017年版2020年修订）附录2词汇表；*为必修新增，**为选择性必修新增。
south,,,,gaokao-english,official_curriculum_2020,1,普通高中英语课程标准（2017年版2020年修订）附录2词汇表；*为必修新增，**为选择性必修新增。
southern,,,,gaokao-english,official_curriculum_2020,1,普通高中英语课程标准（2017年版2020年修订）附录2词汇表；*为必修新增，**为选择性必修新增。
sow,,,,gaokao-english,official_curriculum_2020,3,普通高中英语课程标准（2017年版2020年修订）附录2词汇表；*为必修新增，**为选择性必修新增。
space,,,,gaokao-english,official_curriculum_2020,1,普通高中英语课程标准（2017年版2020年修订）附录2词汇表；*为必修新增，**为选择性必修新增。
spare,,,,gaokao-english,official_curriculum_2020,1,普通高中英语课程标准（2017年版2020年修订）附录2词汇表；*为必修新增，**为选择性必修新增。
speak,,,,gaokao-english,official_curriculum_2020,1,普通高中英语课程标准（2017年版2020年修订）附录2词汇表；*为必修新增，**为选择性必修新增。
speaker,,,,gaokao-english,official_curriculum_2020,1,普通高中英语课程标准（2017年版2020年修订）附录2词汇表；*为必修新增，**为选择性必修新增。
special,,,,gaokao-english,official_curriculum_2020,1,普通高中英语课程标准（2017年版2020年修订）附录2词汇表；*为必修新增，**为选择性必修新增。
specialist,,,,gaokao-english,official_curriculum_2020,3,普通高中英语课程标准（2017年版2020年修订）附录2词汇表；*为必修新增，**为选择性必修新增。
species,,,,gaokao-english,official_curriculum_2020,3,普通高中英语课程标准（2017年版2020年修订）附录2词汇表；*为必修新增，**为选择性必修新增。
specific,,,,gaokao-english,official_curriculum_2020,2,普通高中英语课程标准（2017年版2020年修订）附录2词汇表；*为必修新增，**为选择性必修新增。
speech,,,,gaokao-english,official_curriculum_2020,1,普通高中英语课程标准（2017年版2020年修订）附录2词汇表；*为必修新增，**为选择性必修新增。
speed,,,,gaokao-english,official_curriculum_2020,1,普通高中英语课程标准（2017年版2020年修订）附录2词汇表；*为必修新增，**为选择性必修新增。
spell,,,,gaokao-english,official_curriculum_2020,1,普通高中英语课程标准（2017年版2020年修订）附录2词汇表；*为必修新增，**为选择性必修新增。
spend,,,,gaokao-english,official_curriculum_2020,1,普通高中英语课程标准（2017年版2020年修订）附录2词汇表；*为必修新增，**为选择性必修新增。
spirit,,,,gaokao-english,official_curriculum_2020,1,普通高中英语课程标准（2017年版2020年修订）附录2词汇表；*为必修新增，**为选择性必修新增。
splendid,,,,gaokao-english,official_curriculum_2020,3,普通高中英语课程标准（2017年版2020年修订）附录2词汇表；*为必修新增，**为选择性必修新增。
sponsor,,,,gaokao-english,official_curriculum_2020,3,普通高中英语课程标准（2017年版2020年修订）附录2词汇表；*为必修新增，**为选择性必修新增。
spoon,,,,gaokao-english,official_curriculum_2020,1,普通高中英语课程标准（2017年版2020年修订）附录2词汇表；*为必修新增，**为选择性必修新增。
sport,,,,gaokao-english,official_curriculum_2020,1,普通高中英语课程标准（2017年版2020年修订）附录2词汇表；*为必修新增，**为选择性必修新增。
spot,,,,gaokao-english,official_curriculum_2020,3,普通高中英语课程标准（2017年版2020年修订）附录2词汇表；*为必修新增，**为选择性必修新增。
spread,,,,gaokao-english,official_curriculum_2020,1,普通高中英语课程标准（2017年版2020年修订）附录2词汇表；*为必修新增，**为选择性必修新增。
spring,,,,gaokao-english,official_curriculum_2020,1,普通高中英语课程标准（2017年版2020年修订）附录2词汇表；*为必修新增，**为选择性必修新增。
spy,,,,gaokao-english,official_curriculum_2020,3,普通高中英语课程标准（2017年版2020年修订）附录2词汇表；*为必修新增，**为选择性必修新增。
square,,,,gaokao-english,official_curriculum_2020,1,普通高中英语课程标准（2017年版2020年修订）附录2词汇表；*为必修新增，**为选择性必修新增。
stability,,,,gaokao-english,official_curriculum_2020,3,普通高中英语课程标准（2017年版2020年修订）附录2词汇表；*为必修新增，**为选择性必修新增。
stadium,,,,gaokao-english,official_curriculum_2020,3,普通高中英语课程标准（2017年版2020年修订）附录2词汇表；*为必修新增，**为选择性必修新增。
staff,,,,gaokao-english,official_curriculum_2020,2,普通高中英语课程标准（2017年版2020年修订）附录2词汇表；*为必修新增，**为选择性必修新增。
stage,,,,gaokao-english,official_curriculum_2020,2,普通高中英语课程标准（2017年版2020年修订）附录2词汇表；*为必修新增，**为选择性必修新增。
stair,,,,gaokao-english,official_curriculum_2020,2,普通高中英语课程标准（2017年版2020年修订）附录2词汇表；*为必修新增，**为选择性必修新增。
stamp,,,,gaokao-english,official_curriculum_2020,1,普通高中英语课程标准（2017年版2020年修订）附录2词汇表；*为必修新增，**为选择性必修新增。
stand,,,,gaokao-english,official_curriculum_2020,1,普通高中英语课程标准（2017年版2020年修订）附录2词汇表；*为必修新增，**为选择性必修新增。
standard,,,,gaokao-english,official_curriculum_2020,1,普通高中英语课程标准（2017年版2020年修订）附录2词汇表；*为必修新增，**为选择性必修新增。
star,,,,gaokao-english,official_curriculum_2020,1,普通高中英语课程标准（2017年版2020年修订）附录2词汇表；*为必修新增，**为选择性必修新增。
stare,,,,gaokao-english,official_curriculum_2020,3,普通高中英语课程标准（2017年版2020年修订）附录2词汇表；*为必修新增，**为选择性必修新增。
start,,,,gaokao-english,official_curriculum_2020,1,普通高中英语课程标准（2017年版2020年修订）附录2词汇表；*为必修新增，**为选择性必修新增。
starve,,,,gaokao-english,official_curriculum_2020,3,普通高中英语课程标准（2017年版2020年修订）附录2词汇表；*为必修新增，**为选择性必修新增。
state,,,,gaokao-english,official_curriculum_2020,1,普通高中英语课程标准（2017年版2020年修订）附录2词汇表；*为必修新增，**为选择性必修新增。
station,,,,gaokao-english,official_curriculum_2020,1,普通高中英语课程标准（2017年版2020年修订）附录2词汇表；*为必修新增，**为选择性必修新增。
statistic,,,,gaokao-english,official_curriculum_2020,3,普通高中英语课程标准（2017年版2020年修订）附录2词汇表；*为必修新增，**为选择性必修新增。
statue,,,,gaokao-english,official_curriculum_2020,3,普通高中英语课程标准（2017年版2020年修订）附录2词汇表；*为必修新增，**为选择性必修新增。
stay,,,,gaokao-english,official_curriculum_2020,1,普通高中英语课程标准（2017年版2020年修订）附录2词汇表；*为必修新增，**为选择性必修新增。
steak,,,,gaokao-english,official_curriculum_2020,3,普通高中英语课程标准（2017年版2020年修订）附录2词汇表；*为必修新增，**为选择性必修新增。
steal,,,,gaokao-english,official_curriculum_2020,1,普通高中英语课程标准（2017年版2020年修订）附录2词汇表；*为必修新增，**为选择性必修新增。
steam,,,,gaokao-english,official_curriculum_2020,3,普通高中英语课程标准（2017年版2020年修订）附录2词汇表；*为必修新增，**为选择性必修新增。
steel,,,,gaokao-english,official_curriculum_2020,3,普通高中英语课程标准（2017年版2020年修订）附录2词汇表；*为必修新增，**为选择性必修新增。
step,,,,gaokao-english,official_curriculum_2020,1,普通高中英语课程标准（2017年版2020年修订）附录2词汇表；*为必修新增，**为选择性必修新增。
stick,,,,gaokao-english,official_curriculum_2020,1,普通高中英语课程标准（2017年版2020年修订）附录2词汇表；*为必修新增，**为选择性必修新增。
still,,,,gaokao-english,official_curriculum_2020,1,普通高中英语课程标准（2017年版2020年修订）附录2词汇表；*为必修新增，**为选择性必修新增。
stimulate,,,,gaokao-english,official_curriculum_2020,3,普通高中英语课程标准（2017年版2020年修订）附录2词汇表；*为必修新增，**为选择性必修新增。
stomach,,,,gaokao-english,official_curriculum_2020,1,普通高中英语课程标准（2017年版2020年修订）附录2词汇表；*为必修新增，**为选择性必修新增。
stomachache,,,,gaokao-english,official_curriculum_2020,1,普通高中英语课程标准（2017年版2020年修订）附录2词汇表；*为必修新增，**为选择性必修新增。
stone,,,,gaokao-english,official_curriculum_2020,1,普通高中英语课程标准（2017年版2020年修订）附录2词汇表；*为必修新增，**为选择性必修新增。
stop,,,,gaokao-english,official_curriculum_2020,1,普通高中英语课程标准（2017年版2020年修订）附录2词汇表；*为必修新增，**为选择性必修新增。
store,,,,gaokao-english,official_curriculum_2020,1,普通高中英语课程标准（2017年版2020年修订）附录2词汇表；*为必修新增，**为选择性必修新增。
storm,,,,gaokao-english,official_curriculum_2020,1,普通高中英语课程标准（2017年版2020年修订）附录2词汇表；*为必修新增，**为选择性必修新增。
story,,,,gaokao-english,official_curriculum_2020,1,普通高中英语课程标准（2017年版2020年修订）附录2词汇表；*为必修新增，**为选择性必修新增。
straight,,,,gaokao-english,official_curriculum_2020,1,普通高中英语课程标准（2017年版2020年修订）附录2词汇表；*为必修新增，**为选择性必修新增。
straightforward,,,,gaokao-english,official_curriculum_2020,3,普通高中英语课程标准（2017年版2020年修订）附录2词汇表；*为必修新增，**为选择性必修新增。
strait,,,,gaokao-english,official_curriculum_2020,3,普通高中英语课程标准（2017年版2020年修订）附录2词汇表；*为必修新增，**为选择性必修新增。
strange,,,,gaokao-english,official_curriculum_2020,1,普通高中英语课程标准（2017年版2020年修订）附录2词汇表；*为必修新增，**为选择性必修新增。
stranger,,,,gaokao-english,official_curriculum_2020,1,普通高中英语课程标准（2017年版2020年修订）附录2词汇表；*为必修新增，**为选择性必修新增。
strategy,,,,gaokao-english,official_curriculum_2020,2,普通高中英语课程标准（2017年版2020年修订）附录2词汇表；*为必修新增，**为选择性必修新增。
strawberry,,,,gaokao-english,official_curriculum_2020,1,普通高中英语课程标准（2017年版2020年修订）附录2词汇表；*为必修新增，**为选择性必修新增。
stream,,,,gaokao-english,official_curriculum_2020,3,普通高中英语课程标准（2017年版2020年修订）附录2词汇表；*为必修新增，**为选择性必修新增。
street,,,,gaokao-english,official_curriculum_2020,1,普通高中英语课程标准（2017年版2020年修订）附录2词汇表；*为必修新增，**为选择性必修新增。
strength,,,,gaokao-english,official_curriculum_2020,2,普通高中英语课程标准（2017年版2020年修订）附录2词汇表；*为必修新增，**为选择性必修新增。
strengthen,,,,gaokao-english,official_curriculum_2020,3,普通高中英语课程标准（2017年版2020年修订）附录2词汇表；*为必修新增，**为选择性必修新增。
stress,,,,gaokao-english,official_curriculum_2020,2,普通高中英语课程标准（2017年版2020年修订）附录2词汇表；*为必修新增，**为选择性必修新增。
stretch,,,,gaokao-english,official_curriculum_2020,3,普通高中英语课程标准（2017年版2020年修订）附录2词汇表；*为必修新增，**为选择性必修新增。
strict,,,,gaokao-english,official_curriculum_2020,1,普通高中英语课程标准（2017年版2020年修订）附录2词汇表；*为必修新增，**为选择性必修新增。
strike,,,,gaokao-english,official_curriculum_2020,3,普通高中英语课程标准（2017年版2020年修订）附录2词汇表；*为必修新增，**为选择性必修新增。
string,,,,gaokao-english,official_curriculum_2020,3,普通高中英语课程标准（2017年版2020年修订）附录2词汇表；*为必修新增，**为选择性必修新增。
strong,,,,gaokao-english,official_curriculum_2020,1,普通高中英语课程标准（2017年版2020年修订）附录2词汇表；*为必修新增，**为选择性必修新增。
structure,,,,gaokao-english,official_curriculum_2020,3,普通高中英语课程标准（2017年版2020年修订）附录2词汇表；*为必修新增，**为选择性必修新增。
struggle,,,,gaokao-english,official_curriculum_2020,2,普通高中英语课程标准（2017年版2020年修订）附录2词汇表；*为必修新增，**为选择性必修新增。
student,,,,gaokao-english,official_curriculum_2020,1,普通高中英语课程标准（2017年版2020年修订）附录2词汇表；*为必修新增，**为选择性必修新增。
studio,,,,gaokao-english,official_curriculum_2020,2,普通高中英语课程标准（2017年版2020年修订）附录2词汇表；*为必修新增，**为选择性必修新增。
study,,,,gaokao-english,official_curriculum_2020,1,普通高中英语课程标准（2017年版2020年修订）附录2词汇表；*为必修新增，**为选择性必修新增。
stuff,,,,gaokao-english,official_curriculum_2020,2,普通高中英语课程标准（2017年版2020年修订）附录2词汇表；*为必修新增，**为选择性必修新增。
stupid,,,,gaokao-english,official_curriculum_2020,1,普通高中英语课程标准（2017年版2020年修订）附录2词汇表；*为必修新增，**为选择性必修新增。
style,,,,gaokao-english,official_curriculum_2020,2,普通高中英语课程标准（2017年版2020年修订）附录2词汇表；*为必修新增，**为选择性必修新增。
subject,,,,gaokao-english,official_curriculum_2020,1,普通高中英语课程标准（2017年版2020年修订）附录2词汇表；*为必修新增，**为选择性必修新增。
subjective,,,,gaokao-english,official_curriculum_2020,3,普通高中英语课程标准（2017年版2020年修订）附录2词汇表；*为必修新增，**为选择性必修新增。
submit,,,,gaokao-english,official_curriculum_2020,3,普通高中英语课程标准（2017年版2020年修订）附录2词汇表；*为必修新增，**为选择性必修新增。
subscribe,,,,gaokao-english,official_curriculum_2020,3,普通高中英语课程标准（2017年版2020年修订）附录2词汇表；*为必修新增，**为选择性必修新增。
subsequent,,,,gaokao-english,official_curriculum_2020,3,普通高中英语课程标准（2017年版2020年修订）附录2词汇表；*为必修新增，**为选择性必修新增。
substance,,,,gaokao-english,official_curriculum_2020,3,普通高中英语课程标准（2017年版2020年修订）附录2词汇表；*为必修新增，**为选择性必修新增。
substantial,,,,gaokao-english,official_curriculum_2020,3,普通高中英语课程标准（2017年版2020年修订）附录2词汇表；*为必修新增，**为选择性必修新增。
suburb,,,,gaokao-english,official_curriculum_2020,3,普通高中英语课程标准（2017年版2020年修订）附录2词汇表；*为必修新增，**为选择性必修新增。
subway,,,,gaokao-english,official_curriculum_2020,2,普通高中英语课程标准（2017年版2020年修订）附录2词汇表；*为必修新增，**为选择性必修新增。
succeed,,,,gaokao-english,official_curriculum_2020,1,普通高中英语课程标准（2017年版2020年修订）附录2词汇表；*为必修新增，**为选择性必修新增。
success,,,,gaokao-english,official_curriculum_2020,1,普通高中英语课程标准（2017年版2020年修订）附录2词汇表；*为必修新增，**为选择性必修新增。
successful,,,,gaokao-english,official_curriculum_2020,1,普通高中英语课程标准（2017年版2020年修订）附录2词汇表；*为必修新增，**为选择性必修新增。
such,,,,gaokao-english,official_curriculum_2020,1,普通高中英语课程标准（2017年版2020年修订）附录2词汇表；*为必修新增，**为选择性必修新增。
sudden,,,,gaokao-english,official_curriculum_2020,1,普通高中英语课程标准（2017年版2020年修订）附录2词汇表；*为必修新增，**为选择性必修新增。
suffer,,,,gaokao-english,official_curriculum_2020,2,普通高中英语课程标准（2017年版2020年修订）附录2词汇表；*为必修新增，**为选择性必修新增。
sufficient,,,,gaokao-english,official_curriculum_2020,2,普通高中英语课程标准（2017年版2020年修订）附录2词汇表；*为必修新增，**为选择性必修新增。
sugar,,,,gaokao-english,official_curriculum_2020,1,普通高中英语课程标准（2017年版2020年修订）附录2词汇表；*为必修新增，**为选择性必修新增。
suggest,,,,gaokao-english,official_curriculum_2020,1,普通高中英语课程标准（2017年版2020年修订）附录2词汇表；*为必修新增，**为选择性必修新增。
suggestion,,,,gaokao-english,official_curriculum_2020,1,普通高中英语课程标准（2017年版2020年修订）附录2词汇表；*为必修新增，**为选择性必修新增。
suit,,,,gaokao-english,official_curriculum_2020,3,普通高中英语课程标准（2017年版2020年修订）附录2词汇表；*为必修新增，**为选择性必修新增。
suitable,,,,gaokao-english,official_curriculum_2020,3,普通高中英语课程标准（2017年版2020年修订）附录2词汇表；*为必修新增，**为选择性必修新增。
sum,,,,gaokao-english,official_curriculum_2020,3,普通高中英语课程标准（2017年版2020年修订）附录2词汇表；*为必修新增，**为选择性必修新增。
summary,,,,gaokao-english,official_curriculum_2020,2,普通高中英语课程标准（2017年版2020年修订）附录2词汇表；*为必修新增，**为选择性必修新增。
summer,,,,gaokao-english,official_curriculum_2020,1,普通高中英语课程标准（2017年版2020年修订）附录2词汇表；*为必修新增，**为选择性必修新增。
sun,,,,gaokao-english,official_curriculum_2020,1,普通高中英语课程标准（2017年版2020年修订）附录2词汇表；*为必修新增，**为选择性必修新增。
Sunday,,,,gaokao-english,official_curriculum_2020,1,普通高中英语课程标准（2017年版2020年修订）附录2词汇表；*为必修新增，**为选择性必修新增。
sunny,,,,gaokao-english,official_curriculum_2020,1,普通高中英语课程标准（2017年版2020年修订）附录2词汇表；*为必修新增，**为选择性必修新增。
super,,,,gaokao-english,official_curriculum_2020,2,普通高中英语课程标准（2017年版2020年修订）附录2词汇表；*为必修新增，**为选择性必修新增。
superb,,,,gaokao-english,official_curriculum_2020,3,普通高中英语课程标准（2017年版2020年修订）附录2词汇表；*为必修新增，**为选择性必修新增。
superior,,,,gaokao-english,official_curriculum_2020,3,普通高中英语课程标准（2017年版2020年修订）附录2词汇表；*为必修新增，**为选择性必修新增。
supermarket,,,,gaokao-english,official_curriculum_2020,1,普通高中英语课程标准（2017年版2020年修订）附录2词汇表；*为必修新增，**为选择性必修新增。
supply,,,,gaokao-english,official_curriculum_2020,2,普通高中英语课程标准（2017年版2020年修订）附录2词汇表；*为必修新增，**为选择性必修新增。
support,,,,gaokao-english,official_curriculum_2020,1,普通高中英语课程标准（2017年版2020年修订）附录2词汇表；*为必修新增，**为选择性必修新增。
suppose,,,,gaokao-english,official_curriculum_2020,1,普通高中英语课程标准（2017年版2020年修订）附录2词汇表；*为必修新增，**为选择性必修新增。
sure,,,,gaokao-english,official_curriculum_2020,1,普通高中英语课程标准（2017年版2020年修订）附录2词汇表；*为必修新增，**为选择性必修新增。
surf,,,,gaokao-english,official_curriculum_2020,2,普通高中英语课程标准（2017年版2020年修订）附录2词汇表；*为必修新增，**为选择性必修新增。
surface,,,,gaokao-english,official_curriculum_2020,1,普通高中英语课程标准（2017年版2020年修订）附录2词汇表；*为必修新增，**为选择性必修新增。
surgeon,,,,gaokao-english,official_curriculum_2020,3,普通高中英语课程标准（2017年版2020年修订）附录2词汇表；*为必修新增，**为选择性必修新增。
surgery,,,,gaokao-english,official_curriculum_2020,3,普通高中英语课程标准（2017年版2020年修订）附录2词汇表；*为必修新增，**为选择性必修新增。
surprise,,,,gaokao-english,official_curriculum_2020,1,普通高中英语课程标准（2017年版2020年修订）附录2词汇表；*为必修新增，**为选择性必修新增。
surround,,,,gaokao-english,official_curriculum_2020,2,普通高中英语课程标准（2017年版2020年修订）附录2词汇表；*为必修新增，**为选择性必修新增。
surrounding,,,,gaokao-english,official_curriculum_2020,3,普通高中英语课程标准（2017年版2020年修订）附录2词汇表；*为必修新增，**为选择性必修新增。
survey,,,,gaokao-english,official_curriculum_2020,1,普通高中英语课程标准（2017年版2020年修订）附录2词汇表；*为必修新增，**为选择性必修新增。
survive,,,,gaokao-english,official_curriculum_2020,2,普通高中英语课程标准（2017年版2020年修订）附录2词汇表；*为必修新增，**为选择性必修新增。
suspect,,,,gaokao-english,official_curriculum_2020,3,普通高中英语课程标准（2017年版2020年修订）附录2词汇表；*为必修新增，**为选择性必修新增。
suspend,,,,gaokao-english,official_curriculum_2020,3,普通高中英语课程标准（2017年版2020年修订）附录2词汇表；*为必修新增，**为选择性必修新增。
sustain,,,,gaokao-english,official_curriculum_2020,3,普通高中英语课程标准（2017年版2020年修订）附录2词汇表；*为必修新增，**为选择性必修新增。
sweat,,,,gaokao-english,official_curriculum_2020,2,普通高中英语课程标准（2017年版2020年修订）附录2词汇表；*为必修新增，**为选择性必修新增。
sweater,,,,gaokao-english,official_curriculum_2020,1,普通高中英语课程标准（2017年版2020年修订）附录2词汇表；*为必修新增，**为选择性必修新增。
sweep,,,,gaokao-english,official_curriculum_2020,3,普通高中英语课程标准（2017年版2020年修订）附录2词汇表；*为必修新增，**为选择性必修新增。
sweet,,,,gaokao-english,official_curriculum_2020,1,普通高中英语课程标准（2017年版2020年修订）附录2词汇表；*为必修新增，**为选择性必修新增。
swim,,,,gaokao-english,official_curriculum_2020,1,普通高中英语课程标准（2017年版2020年修订）附录2词汇表；*为必修新增，**为选择性必修新增。
swimming,,,,gaokao-english,official_curriculum_2020,1,普通高中英语课程标准（2017年版2020年修订）附录2词汇表；*为必修新增，**为选择性必修新增。
swing,,,,gaokao-english,official_curriculum_2020,3,普通高中英语课程标准（2017年版2020年修订）附录2词汇表；*为必修新增，**为选择性必修新增。
switch,,,,gaokao-english,official_curriculum_2020,3,普通高中英语课程标准（2017年版2020年修订）附录2词汇表；*为必修新增，**为选择性必修新增。
symbol,,,,gaokao-english,official_curriculum_2020,3,普通高中英语课程标准（2017年版2020年修订）附录2词汇表；*为必修新增，**为选择性必修新增。
sympathy,,,,gaokao-english,official_curriculum_2020,3,普通高中英语课程标准（2017年版2020年修订）附录2词汇表；*为必修新增，**为选择性必修新增。
symphony,,,,gaokao-english,official_curriculum_2020,3,普通高中英语课程标准（2017年版2020年修订）附录2词汇表；*为必修新增，**为选择性必修新增。
system,,,,gaokao-english,official_curriculum_2020,2,普通高中英语课程标准（2017年版2020年修订）附录2词汇表；*为必修新增，**为选择性必修新增。
table,,,,gaokao-english,official_curriculum_2020,1,普通高中英语课程标准（2017年版2020年修订）附录2词汇表；*为必修新增，**为选择性必修新增。
tablet,,,,gaokao-english,official_curriculum_2020,3,普通高中英语课程标准（2017年版2020年修订）附录2词汇表；*为必修新增，**为选择性必修新增。
tackle,,,,gaokao-english,official_curriculum_2020,3,普通高中英语课程标准（2017年版2020年修订）附录2词汇表；*为必修新增，**为选择性必修新增。
tail,,,,gaokao-english,official_curriculum_2020,1,普通高中英语课程标准（2017年版2020年修订）附录2词汇表；*为必修新增，**为选择性必修新增。
tailor,,,,gaokao-english,official_curriculum_2020,3,普通高中英语课程标准（2017年版2020年修订）附录2词汇表；*为必修新增，**为选择性必修新增。
take,,,,gaokao-english,official_curriculum_2020,1,普通高中英语课程标准（2017年版2020年修订）附录2词汇表；*为必修新增，**为选择性必修新增。
tale,,,,gaokao-english,official_curriculum_2020,3,普通高中英语课程标准（2017年版2020年修订）附录2词汇表；*为必修新增，**为选择性必修新增。
talent,,,,gaokao-english,official_curriculum_2020,2,普通高中英语课程标准（2017年版2020年修订）附录2词汇表；*为必修新增，**为选择性必修新增。
talk,,,,gaokao-english,official_curriculum_2020,1,普通高中英语课程标准（2017年版2020年修订）附录2词汇表；*为必修新增，**为选择性必修新增。
tall,,,,gaokao-english,official_curriculum_2020,1,普通高中英语课程标准（2017年版2020年修订）附录2词汇表；*为必修新增，**为选择性必修新增。
tank,,,,gaokao-english,official_curriculum_2020,3,普通高中英语课程标准（2017年版2020年修订）附录2词汇表；*为必修新增，**为选择性必修新增。
tape,,,,gaokao-english,official_curriculum_2020,1,普通高中英语课程标准（2017年版2020年修订）附录2词汇表；*为必修新增，**为选择性必修新增。
target,,,,gaokao-english,official_curriculum_2020,2,普通高中英语课程标准（2017年版2020年修订）附录2词汇表；*为必修新增，**为选择性必修新增。
task,,,,gaokao-english,official_curriculum_2020,1,普通高中英语课程标准（2017年版2020年修订）附录2词汇表；*为必修新增，**为选择性必修新增。
taste,,,,gaokao-english,official_curriculum_2020,1,普通高中英语课程标准（2017年版2020年修订）附录2词汇表；*为必修新增，**为选择性必修新增。
tax,,,,gaokao-english,official_curriculum_2020,3,普通高中英语课程标准（2017年版2020年修订）附录2词汇表；*为必修新增，**为选择性必修新增。
taxi,,,,gaokao-english,official_curriculum_2020,1,普通高中英语课程标准（2017年版2020年修订）附录2词汇表；*为必修新增，**为选择性必修新增。
tea,,,,gaokao-english,official_curriculum_2020,1,普通高中英语课程标准（2017年版2020年修订）附录2词汇表；*为必修新增，**为选择性必修新增。
teach,,,,gaokao-english,official_curriculum_2020,1,普通高中英语课程标准（2017年版2020年修订）附录2词汇表；*为必修新增，**为选择性必修新增。
teacher,,,,gaokao-english,official_curriculum_2020,1,普通高中英语课程标准（2017年版2020年修订）附录2词汇表；*为必修新增，**为选择性必修新增。
team,,,,gaokao-english,official_curriculum_2020,1,普通高中英语课程标准（2017年版2020年修订）附录2词汇表；*为必修新增，**为选择性必修新增。
teapot,,,,gaokao-english,official_curriculum_2020,3,普通高中英语课程标准（2017年版2020年修订）附录2词汇表；*为必修新增，**为选择性必修新增。
tear,,,,gaokao-english,official_curriculum_2020,2,普通高中英语课程标准（2017年版2020年修订）附录2词汇表；*为必修新增，**为选择性必修新增。
technique,,,,gaokao-english,official_curriculum_2020,2,普通高中英语课程标准（2017年版2020年修订）附录2词汇表；*为必修新增，**为选择性必修新增。
technology,,,,gaokao-english,official_curriculum_2020,1,普通高中英语课程标准（2017年版2020年修订）附录2词汇表；*为必修新增，**为选择性必修新增。
teenager,,,,gaokao-english,official_curriculum_2020,2,普通高中英语课程标准（2017年版2020年修订）附录2词汇表；*为必修新增，**为选择性必修新增。
telephone,,,,gaokao-english,official_curriculum_2020,1,普通高中英语课程标准（2017年版2020年修订）附录2词汇表；*为必修新增，**为选择性必修新增。
telescope,,,,gaokao-english,official_curriculum_2020,3,普通高中英语课程标准（2017年版2020年修订）附录2词汇表；*为必修新增，**为选择性必修新增。
television (TV),,,,gaokao-english,official_curriculum_2020,1,普通高中英语课程标准（2017年版2020年修订）附录2词汇表；*为必修新增，**为选择性必修新增。
tell,,,,gaokao-english,official_curriculum_2020,1,普通高中英语课程标准（2017年版2020年修订）附录2词汇表；*为必修新增，**为选择性必修新增。
temperature,,,,gaokao-english,official_curriculum_2020,1,普通高中英语课程标准（2017年版2020年修订）附录2词汇表；*为必修新增，**为选择性必修新增。
temple,,,,gaokao-english,official_curriculum_2020,3,普通高中英语课程标准（2017年版2020年修订）附录2词汇表；*为必修新增，**为选择性必修新增。
temporary,,,,gaokao-english,official_curriculum_2020,3,普通高中英语课程标准（2017年版2020年修订）附录2词汇表；*为必修新增，**为选择性必修新增。
ten,,,,gaokao-english,official_curriculum_2020,1,普通高中英语课程标准（2017年版2020年修订）附录2词汇表；*为必修新增，**为选择性必修新增。
tend,,,,gaokao-english,official_curriculum_2020,2,普通高中英语课程标准（2017年版2020年修订）附录2词汇表；*为必修新增，**为选择性必修新增。
tendency,,,,gaokao-english,official_curriculum_2020,3,普通高中英语课程标准（2017年版2020年修订）附录2词汇表；*为必修新增，**为选择性必修新增。
tennis,,,,gaokao-english,official_curriculum_2020,1,普通高中英语课程标准（2017年版2020年修订）附录2词汇表；*为必修新增，**为选择性必修新增。
tension,,,,gaokao-english,official_curriculum_2020,3,普通高中英语课程标准（2017年版2020年修订）附录2词汇表；*为必修新增，**为选择性必修新增。
tenth,,,,gaokao-english,official_curriculum_2020,1,普通高中英语课程标准（2017年版2020年修订）附录2词汇表；*为必修新增，**为选择性必修新增。
term,,,,gaokao-english,official_curriculum_2020,1,普通高中英语课程标准（2017年版2020年修订）附录2词汇表；*为必修新增，**为选择性必修新增。
terrible,,,,gaokao-english,official_curriculum_2020,1,普通高中英语课程标准（2017年版2020年修订）附录2词汇表；*为必修新增，**为选择性必修新增。
territory,,,,gaokao-english,official_curriculum_2020,3,普通高中英语课程标准（2017年版2020年修订）附录2词汇表；*为必修新增，**为选择性必修新增。
test,,,,gaokao-english,official_curriculum_2020,1,普通高中英语课程标准（2017年版2020年修订）附录2词汇表；*为必修新增，**为选择性必修新增。
text,,,,gaokao-english,official_curriculum_2020,1,普通高中英语课程标准（2017年版2020年修订）附录2词汇表；*为必修新增，**为选择性必修新增。
than,,,,gaokao-english,official_curriculum_2020,1,普通高中英语课程标准（2017年版2020年修订）附录2词汇表；*为必修新增，**为选择性必修新增。
thank,,,,gaokao-english,official_curriculum_2020,1,普通高中英语课程标准（2017年版2020年修订）附录2词汇表；*为必修新增，**为选择性必修新增。
that,,,,gaokao-english,official_curriculum_2020,1,普通高中英语课程标准（2017年版2020年修订）附录2词汇表；*为必修新增，**为选择性必修新增。
the,,,,gaokao-english,official_curriculum_2020,1,普通高中英语课程标准（2017年版2020年修订）附录2词汇表；*为必修新增，**为选择性必修新增。
theatre,,,,gaokao-english,official_curriculum_2020,1,普通高中英语课程标准（2017年版2020年修订）附录2词汇表；*为必修新增，**为选择性必修新增。
theft,,,,gaokao-english,official_curriculum_2020,3,普通高中英语课程标准（2017年版2020年修订）附录2词汇表；*为必修新增，**为选择性必修新增。
their,,,,gaokao-english,official_curriculum_2020,1,普通高中英语课程标准（2017年版2020年修订）附录2词汇表；*为必修新增，**为选择性必修新增。
them,,,,gaokao-english,official_curriculum_2020,1,普通高中英语课程标准（2017年版2020年修订）附录2词汇表；*为必修新增，**为选择性必修新增。
theme,,,,gaokao-english,official_curriculum_2020,2,普通高中英语课程标准（2017年版2020年修订）附录2词汇表；*为必修新增，**为选择性必修新增。
themselves,,,,gaokao-english,official_curriculum_2020,1,普通高中英语课程标准（2017年版2020年修订）附录2词汇表；*为必修新增，**为选择性必修新增。
then,,,,gaokao-english,official_curriculum_2020,1,普通高中英语课程标准（2017年版2020年修订）附录2词汇表；*为必修新增，**为选择性必修新增。
theory,,,,gaokao-english,official_curriculum_2020,3,普通高中英语课程标准（2017年版2020年修订）附录2词汇表；*为必修新增，**为选择性必修新增。
there,,,,gaokao-english,official_curriculum_2020,1,普通高中英语课程标准（2017年版2020年修订）附录2词汇表；*为必修新增，**为选择性必修新增。
therefore,,,,gaokao-english,official_curriculum_2020,2,普通高中英语课程标准（2017年版2020年修订）附录2词汇表；*为必修新增，**为选择性必修新增。
these,,,,gaokao-english,official_curriculum_2020,1,普通高中英语课程标准（2017年版2020年修订）附录2词汇表；*为必修新增，**为选择性必修新增。
they,,,,gaokao-english,official_curriculum_2020,1,普通高中英语课程标准（2017年版2020年修订）附录2词汇表；*为必修新增，**为选择性必修新增。
thick,,,,gaokao-english,official_curriculum_2020,1,普通高中英语课程标准（2017年版2020年修订）附录2词汇表；*为必修新增，**为选择性必修新增。
thin,,,,gaokao-english,official_curriculum_2020,1,普通高中英语课程标准（2017年版2020年修订）附录2词汇表；*为必修新增，**为选择性必修新增。
thing,,,,gaokao-english,official_curriculum_2020,1,普通高中英语课程标准（2017年版2020年修订）附录2词汇表；*为必修新增，**为选择性必修新增。
think,,,,gaokao-english,official_curriculum_2020,1,普通高中英语课程标准（2017年版2020年修订）附录2词汇表；*为必修新增，**为选择性必修新增。
thinking,,,,gaokao-english,official_curriculum_2020,3,普通高中英语课程标准（2017年版2020年修订）附录2词汇表；*为必修新增，**为选择性必修新增。
third,,,,gaokao-english,official_curriculum_2020,1,普通高中英语课程标准（2017年版2020年修订）附录2词汇表；*为必修新增，**为选择性必修新增。
thirsty,,,,gaokao-english,official_curriculum_2020,1,普通高中英语课程标准（2017年版2020年修订）附录2词汇表；*为必修新增，**为选择性必修新增。
thirteen,,,,gaokao-english,official_curriculum_2020,1,普通高中英语课程标准（2017年版2020年修订）附录2词汇表；*为必修新增，**为选择性必修新增。
thirty,,,,gaokao-english,official_curriculum_2020,1,普通高中英语课程标准（2017年版2020年修订）附录2词汇表；*为必修新增，**为选择性必修新增。
this,,,,gaokao-english,official_curriculum_2020,1,普通高中英语课程标准（2017年版2020年修订）附录2词汇表；*为必修新增，**为选择性必修新增。
thorough,,,,gaokao-english,official_curriculum_2020,3,普通高中英语课程标准（2017年版2020年修订）附录2词汇表；*为必修新增，**为选择性必修新增。
those,,,,gaokao-english,official_curriculum_2020,1,普通高中英语课程标准（2017年版2020年修订）附录2词汇表；*为必修新增，**为选择性必修新增。
though,,,,gaokao-english,official_curriculum_2020,1,普通高中英语课程标准（2017年版2020年修订）附录2词汇表；*为必修新增，**为选择性必修新增。
thought,,,,gaokao-english,official_curriculum_2020,1,普通高中英语课程标准（2017年版2020年修订）附录2词汇表；*为必修新增，**为选择性必修新增。
thousand,,,,gaokao-english,official_curriculum_2020,1,普通高中英语课程标准（2017年版2020年修订）附录2词汇表；*为必修新增，**为选择性必修新增。
threat,,,,gaokao-english,official_curriculum_2020,3,普通高中英语课程标准（2017年版2020年修订）附录2词汇表；*为必修新增，**为选择性必修新增。
threaten,,,,gaokao-english,official_curriculum_2020,3,普通高中英语课程标准（2017年版2020年修订）附录2词汇表；*为必修新增，**为选择性必修新增。
three,,,,gaokao-english,official_curriculum_2020,1,普通高中英语课程标准（2017年版2020年修订）附录2词汇表；*为必修新增，**为选择性必修新增。
through,,,,gaokao-english,official_curriculum_2020,1,普通高中英语课程标准（2017年版2020年修订）附录2词汇表；*为必修新增，**为选择性必修新增。
throughout,,,,gaokao-english,official_curriculum_2020,2,普通高中英语课程标准（2017年版2020年修订）附录2词汇表；*为必修新增，**为选择性必修新增。
throw,,,,gaokao-english,official_curriculum_2020,1,普通高中英语课程标准（2017年版2020年修订）附录2词汇表；*为必修新增，**为选择性必修新增。
thunder,,,,gaokao-english,official_curriculum_2020,3,普通高中英语课程标准（2017年版2020年修订）附录2词汇表；*为必修新增，**为选择性必修新增。
Thursday,,,,gaokao-english,official_curriculum_2020,1,普通高中英语课程标准（2017年版2020年修订）附录2词汇表；*为必修新增，**为选择性必修新增。
thus,,,,gaokao-english,official_curriculum_2020,2,普通高中英语课程标准（2017年版2020年修订）附录2词汇表；*为必修新增，**为选择性必修新增。
ticket,,,,gaokao-english,official_curriculum_2020,1,普通高中英语课程标准（2017年版2020年修订）附录2词汇表；*为必修新增，**为选择性必修新增。
tidy,,,,gaokao-english,official_curriculum_2020,1,普通高中英语课程标准（2017年版2020年修订）附录2词汇表；*为必修新增，**为选择性必修新增。
tie,,,,gaokao-english,official_curriculum_2020,1,普通高中英语课程标准（2017年版2020年修订）附录2词汇表；*为必修新增，**为选择性必修新增。
tiger,,,,gaokao-english,official_curriculum_2020,1,普通高中英语课程标准（2017年版2020年修订）附录2词汇表；*为必修新增，**为选择性必修新增。
tight,,,,gaokao-english,official_curriculum_2020,3,普通高中英语课程标准（2017年版2020年修订）附录2词汇表；*为必修新增，**为选择性必修新增。
time,,,,gaokao-english,official_curriculum_2020,1,普通高中英语课程标准（2017年版2020年修订）附录2词汇表；*为必修新增，**为选择性必修新增。
tiny,,,,gaokao-english,official_curriculum_2020,1,普通高中英语课程标准（2017年版2020年修订）附录2词汇表；*为必修新增，**为选择性必修新增。
tip,,,,gaokao-english,official_curriculum_2020,2,普通高中英语课程标准（2017年版2020年修订）附录2词汇表；*为必修新增，**为选择性必修新增。
tired,,,,gaokao-english,official_curriculum_2020,1,普通高中英语课程标准（2017年版2020年修订）附录2词汇表；*为必修新增，**为选择性必修新增。
tissue,,,,gaokao-english,official_curriculum_2020,2,普通高中英语课程标准（2017年版2020年修订）附录2词汇表；*为必修新增，**为选择性必修新增。
title,,,,gaokao-english,official_curriculum_2020,2,普通高中英语课程标准（2017年版2020年修订）附录2词汇表；*为必修新增，**为选择性必修新增。
to,,,,gaokao-english,official_curriculum_2020,1,普通高中英语课程标准（2017年版2020年修订）附录2词汇表；*为必修新增，**为选择性必修新增。
toast,,,,gaokao-english,official_curriculum_2020,3,普通高中英语课程标准（2017年版2020年修订）附录2词汇表；*为必修新增，**为选择性必修新增。
tobacco,,,,gaokao-english,official_curriculum_2020,3,普通高中英语课程标准（2017年版2020年修订）附录2词汇表；*为必修新增，**为选择性必修新增。
today,,,,gaokao-english,official_curriculum_2020,1,普通高中英语课程标准（2017年版2020年修订）附录2词汇表；*为必修新增，**为选择性必修新增。
together,,,,gaokao-english,official_curriculum_2020,1,普通高中英语课程标准（2017年版2020年修订）附录2词汇表；*为必修新增，**为选择性必修新增。
toilet,,,,gaokao-english,official_curriculum_2020,1,普通高中英语课程标准（2017年版2020年修订）附录2词汇表；*为必修新增，**为选择性必修新增。
tolerate,,,,gaokao-english,official_curriculum_2020,3,普通高中英语课程标准（2017年版2020年修订）附录2词汇表；*为必修新增，**为选择性必修新增。
tomato,,,,gaokao-english,official_curriculum_2020,1,普通高中英语课程标准（2017年版2020年修订）附录2词汇表；*为必修新增，**为选择性必修新增。
tomorrow,,,,gaokao-english,official_curriculum_2020,1,普通高中英语课程标准（2017年版2020年修订）附录2词汇表；*为必修新增，**为选择性必修新增。
ton,,,,gaokao-english,official_curriculum_2020,1,普通高中英语课程标准（2017年版2020年修订）附录2词汇表；*为必修新增，**为选择性必修新增。
tone,,,,gaokao-english,official_curriculum_2020,3,普通高中英语课程标准（2017年版2020年修订）附录2词汇表；*为必修新增，**为选择性必修新增。
tonight,,,,gaokao-english,official_curriculum_2020,1,普通高中英语课程标准（2017年版2020年修订）附录2词汇表；*为必修新增，**为选择性必修新增。
too,,,,gaokao-english,official_curriculum_2020,1,普通高中英语课程标准（2017年版2020年修订）附录2词汇表；*为必修新增，**为选择性必修新增。
tool,,,,gaokao-english,official_curriculum_2020,1,普通高中英语课程标准（2017年版2020年修订）附录2词汇表；*为必修新增，**为选择性必修新增。
tooth (pl. teeth),,,,gaokao-english,official_curriculum_2020,1,普通高中英语课程标准（2017年版2020年修订）附录2词汇表；*为必修新增，**为选择性必修新增。
toothache,,,,gaokao-english,official_curriculum_2020,1,普通高中英语课程标准（2017年版2020年修订）附录2词汇表；*为必修新增，**为选择性必修新增。
top,,,,gaokao-english,official_curriculum_2020,1,普通高中英语课程标准（2017年版2020年修订）附录2词汇表；*为必修新增，**为选择性必修新增。
topic,,,,gaokao-english,official_curriculum_2020,2,普通高中英语课程标准（2017年版2020年修订）附录2词汇表；*为必修新增，**为选择性必修新增。
total,,,,gaokao-english,official_curriculum_2020,1,普通高中英语课程标准（2017年版2020年修订）附录2词汇表；*为必修新增，**为选择性必修新增。
touch,,,,gaokao-english,official_curriculum_2020,1,普通高中英语课程标准（2017年版2020年修订）附录2词汇表；*为必修新增，**为选择性必修新增。
tough,,,,gaokao-english,official_curriculum_2020,2,普通高中英语课程标准（2017年版2020年修订）附录2词汇表；*为必修新增，**为选择性必修新增。
tour,,,,gaokao-english,official_curriculum_2020,1,普通高中英语课程标准（2017年版2020年修订）附录2词汇表；*为必修新增，**为选择性必修新增。
tourist,,,,gaokao-english,official_curriculum_2020,1,普通高中英语课程标准（2017年版2020年修订）附录2词汇表；*为必修新增，**为选择性必修新增。
tournament,,,,gaokao-english,official_curriculum_2020,3,普通高中英语课程标准（2017年版2020年修订）附录2词汇表；*为必修新增，**为选择性必修新增。
toward(s),,,,gaokao-english,official_curriculum_2020,1,普通高中英语课程标准（2017年版2020年修订）附录2词汇表；*为必修新增，**为选择性必修新增。
towel,,,,gaokao-english,official_curriculum_2020,3,普通高中英语课程标准（2017年版2020年修订）附录2词汇表；*为必修新增，**为选择性必修新增。
tower,,,,gaokao-english,official_curriculum_2020,1,普通高中英语课程标准（2017年版2020年修订）附录2词汇表；*为必修新增，**为选择性必修新增。
town,,,,gaokao-english,official_curriculum_2020,1,普通高中英语课程标准（2017年版2020年修订）附录2词汇表；*为必修新增，**为选择性必修新增。
toy,,,,gaokao-english,official_curriculum_2020,1,普通高中英语课程标准（2017年版2020年修订）附录2词汇表；*为必修新增，**为选择性必修新增。
track,,,,gaokao-english,official_curriculum_2020,2,普通高中英语课程标准（2017年版2020年修订）附录2词汇表；*为必修新增，**为选择性必修新增。
trade,,,,gaokao-english,official_curriculum_2020,1,普通高中英语课程标准（2017年版2020年修订）附录2词汇表；*为必修新增，**为选择性必修新增。
tradition,,,,gaokao-english,official_curriculum_2020,2,普通高中英语课程标准（2017年版2020年修订）附录2词汇表；*为必修新增，**为选择性必修新增。
traditional,,,,gaokao-english,official_curriculum_2020,1,普通高中英语课程标准（2017年版2020年修订）附录2词汇表；*为必修新增，**为选择性必修新增。
traffic,,,,gaokao-english,official_curriculum_2020,1,普通高中英语课程标准（2017年版2020年修订）附录2词汇表；*为必修新增，**为选择性必修新增。
train,,,,gaokao-english,official_curriculum_2020,1,普通高中英语课程标准（2017年版2020年修订）附录2词汇表；*为必修新增，**为选择性必修新增。
training,,,,gaokao-english,official_curriculum_2020,1,普通高中英语课程标准（2017年版2020年修订）附录2词汇表；*为必修新增，**为选择性必修新增。
transform,,,,gaokao-english,official_curriculum_2020,3,普通高中英语课程标准（2017年版2020年修订）附录2词汇表；*为必修新增，**为选择性必修新增。
translate,,,,gaokao-english,official_curriculum_2020,1,普通高中英语课程标准（2017年版2020年修订）附录2词汇表；*为必修新增，**为选择性必修新增。
transport,,,,gaokao-english,official_curriculum_2020,2,普通高中英语课程标准（2017年版2020年修订）附录2词汇表；*为必修新增，**为选择性必修新增。
trap,,,,gaokao-english,official_curriculum_2020,3,普通高中英语课程标准（2017年版2020年修订）附录2词汇表；*为必修新增，**为选择性必修新增。
travel,,,,gaokao-english,official_curriculum_2020,1,普通高中英语课程标准（2017年版2020年修订）附录2词汇表；*为必修新增，**为选择性必修新增。
treasure,,,,gaokao-english,official_curriculum_2020,1,普通高中英语课程标准（2017年版2020年修订）附录2词汇表；*为必修新增，**为选择性必修新增。
treat,,,,gaokao-english,official_curriculum_2020,1,普通高中英语课程标准（2017年版2020年修订）附录2词汇表；*为必修新增，**为选择性必修新增。
treatment,,,,gaokao-english,official_curriculum_2020,2,普通高中英语课程标准（2017年版2020年修订）附录2词汇表；*为必修新增，**为选择性必修新增。
tree,,,,gaokao-english,official_curriculum_2020,1,普通高中英语课程标准（2017年版2020年修订）附录2词汇表；*为必修新增，**为选择性必修新增。
trend,,,,gaokao-english,official_curriculum_2020,3,普通高中英语课程标准（2017年版2020年修订）附录2词汇表；*为必修新增，**为选择性必修新增。
trial,,,,gaokao-english,official_curriculum_2020,3,普通高中英语课程标准（2017年版2020年修订）附录2词汇表；*为必修新增，**为选择性必修新增。
trick,,,,gaokao-english,official_curriculum_2020,3,普通高中英语课程标准（2017年版2020年修订）附录2词汇表；*为必修新增，**为选择性必修新增。
trip,,,,gaokao-english,official_curriculum_2020,1,普通高中英语课程标准（2017年版2020年修订）附录2词汇表；*为必修新增，**为选择性必修新增。
trouble,,,,gaokao-english,official_curriculum_2020,1,普通高中英语课程标准（2017年版2020年修订）附录2词汇表；*为必修新增，**为选择性必修新增。
trousers,,,,gaokao-english,official_curriculum_2020,1,普通高中英语课程标准（2017年版2020年修订）附录2词汇表；*为必修新增，**为选择性必修新增。
truck,,,,gaokao-english,official_curriculum_2020,1,普通高中英语课程标准（2017年版2020年修订）附录2词汇表；*为必修新增，**为选择性必修新增。
true,,,,gaokao-english,official_curriculum_2020,1,普通高中英语课程标准（2017年版2020年修订）附录2词汇表；*为必修新增，**为选择性必修新增。
trunk,,,,gaokao-english,official_curriculum_2020,3,普通高中英语课程标准（2017年版2020年修订）附录2词汇表；*为必修新增，**为选择性必修新增。
trust,,,,gaokao-english,official_curriculum_2020,1,普通高中英语课程标准（2017年版2020年修订）附录2词汇表；*为必修新增，**为选择性必修新增。
truth,,,,gaokao-english,official_curriculum_2020,1,普通高中英语课程标准（2017年版2020年修订）附录2词汇表；*为必修新增，**为选择性必修新增。
try,,,,gaokao-english,official_curriculum_2020,1,普通高中英语课程标准（2017年版2020年修订）附录2词汇表；*为必修新增，**为选择性必修新增。
T-shirt,,,,gaokao-english,official_curriculum_2020,1,普通高中英语课程标准（2017年版2020年修订）附录2词汇表；*为必修新增，**为选择性必修新增。
tube,,,,gaokao-english,official_curriculum_2020,3,普通高中英语课程标准（2017年版2020年修订）附录2词汇表；*为必修新增，**为选择性必修新增。
Tuesday,,,,gaokao-english,official_curriculum_2020,1,普通高中英语课程标准（2017年版2020年修订）附录2词汇表；*为必修新增，**为选择性必修新增。
tune,,,,gaokao-english,official_curriculum_2020,3,普通高中英语课程标准（2017年版2020年修订）附录2词汇表；*为必修新增，**为选择性必修新增。
turkey,,,,gaokao-english,official_curriculum_2020,2,普通高中英语课程标准（2017年版2020年修订）附录2词汇表；*为必修新增，**为选择性必修新增。
turn,,,,gaokao-english,official_curriculum_2020,1,普通高中英语课程标准（2017年版2020年修订）附录2词汇表；*为必修新增，**为选择性必修新增。
twelfth,,,,gaokao-english,official_curriculum_2020,1,普通高中英语课程标准（2017年版2020年修订）附录2词汇表；*为必修新增，**为选择性必修新增。
twelve,,,,gaokao-english,official_curriculum_2020,1,普通高中英语课程标准（2017年版2020年修订）附录2词汇表；*为必修新增，**为选择性必修新增。
twentieth,,,,gaokao-english,official_curriculum_2020,1,普通高中英语课程标准（2017年版2020年修订）附录2词汇表；*为必修新增，**为选择性必修新增。
twenty,,,,gaokao-english,official_curriculum_2020,1,普通高中英语课程标准（2017年版2020年修订）附录2词汇表；*为必修新增，**为选择性必修新增。
twice,,,,gaokao-english,official_curriculum_2020,1,普通高中英语课程标准（2017年版2020年修订）附录2词汇表；*为必修新增，**为选择性必修新增。
twin,,,,gaokao-english,official_curriculum_2020,3,普通高中英语课程标准（2017年版2020年修订）附录2词汇表；*为必修新增，**为选择性必修新增。
two,,,,gaokao-english,official_curriculum_2020,1,普通高中英语课程标准（2017年版2020年修订）附录2词汇表；*为必修新增，**为选择性必修新增。
type,,,,gaokao-english,official_curriculum_2020,2,普通高中英语课程标准（2017年版2020年修订）附录2词汇表；*为必修新增，**为选择性必修新增。
typhoon,,,,gaokao-english,official_curriculum_2020,3,普通高中英语课程标准（2017年版2020年修订）附录2词汇表；*为必修新增，**为选择性必修新增。
typical,,,,gaokao-english,official_curriculum_2020,2,普通高中英语课程标准（2017年版2020年修订）附录2词汇表；*为必修新增，**为选择性必修新增。
ugly,,,,gaokao-english,official_curriculum_2020,1,普通高中英语课程标准（2017年版2020年修订）附录2词汇表；*为必修新增，**为选择性必修新增。
UK,,,,gaokao-english,official_curriculum_2020,1,普通高中英语课程标准（2017年版2020年修订）附录2词汇表；*为必修新增，**为选择性必修新增。
ultimately,,,,gaokao-english,official_curriculum_2020,3,普通高中英语课程标准（2017年版2020年修订）附录2词汇表；*为必修新增，**为选择性必修新增。
umbrella,,,,gaokao-english,official_curriculum_2020,1,普通高中英语课程标准（2017年版2020年修订）附录2词汇表；*为必修新增，**为选择性必修新增。
uncle,,,,gaokao-english,official_curriculum_2020,1,普通高中英语课程标准（2017年版2020年修订）附录2词汇表；*为必修新增，**为选择性必修新增。
under,,,,gaokao-english,official_curriculum_2020,1,普通高中英语课程标准（2017年版2020年修订）附录2词汇表；*为必修新增，**为选择性必修新增。
underground,,,,gaokao-english,official_curriculum_2020,1,普通高中英语课程标准（2017年版2020年修订）附录2词汇表；*为必修新增，**为选择性必修新增。
understand,,,,gaokao-english,official_curriculum_2020,1,普通高中英语课程标准（2017年版2020年修订）附录2词汇表；*为必修新增，**为选择性必修新增。
uniform,,,,gaokao-english,official_curriculum_2020,3,普通高中英语课程标准（2017年版2020年修订）附录2词汇表；*为必修新增，**为选择性必修新增。
unique,,,,gaokao-english,official_curriculum_2020,2,普通高中英语课程标准（2017年版2020年修订）附录2词汇表；*为必修新增，**为选择性必修新增。
unit,,,,gaokao-english,official_curriculum_2020,1,普通高中英语课程标准（2017年版2020年修订）附录2词汇表；*为必修新增，**为选择性必修新增。
universe,,,,gaokao-english,official_curriculum_2020,3,普通高中英语课程标准（2017年版2020年修订）附录2词汇表；*为必修新增，**为选择性必修新增。
university,,,,gaokao-english,official_curriculum_2020,1,普通高中英语课程标准（2017年版2020年修订）附录2词汇表；*为必修新增，**为选择性必修新增。
unless,,,,gaokao-english,official_curriculum_2020,1,普通高中英语课程标准（2017年版2020年修订）附录2词汇表；*为必修新增，**为选择性必修新增。
until (till),,,,gaokao-english,official_curriculum_2020,1,普通高中英语课程标准（2017年版2020年修订）附录2词汇表；*为必修新增，**为选择性必修新增。
unusual,,,,gaokao-english,official_curriculum_2020,3,普通高中英语课程标准（2017年版2020年修订）附录2词汇表；*为必修新增，**为选择性必修新增。
up,,,,gaokao-english,official_curriculum_2020,1,普通高中英语课程标准（2017年版2020年修订）附录2词汇表；*为必修新增，**为选择性必修新增。
update,,,,gaokao-english,official_curriculum_2020,2,普通高中英语课程标准（2017年版2020年修订）附录2词汇表；*为必修新增，**为选择性必修新增。
upon,,,,gaokao-english,official_curriculum_2020,1,普通高中英语课程标准（2017年版2020年修订）附录2词汇表；*为必修新增，**为选择性必修新增。
upper,,,,gaokao-english,official_curriculum_2020,2,普通高中英语课程标准（2017年版2020年修订）附录2词汇表；*为必修新增，**为选择性必修新增。
upset,,,,gaokao-english,official_curriculum_2020,3,普通高中英语课程标准（2017年版2020年修订）附录2词汇表；*为必修新增，**为选择性必修新增。
urban,,,,gaokao-english,official_curriculum_2020,3,普通高中英语课程标准（2017年版2020年修订）附录2词汇表；*为必修新增，**为选择性必修新增。
urge,,,,gaokao-english,official_curriculum_2020,3,普通高中英语课程标准（2017年版2020年修订）附录2词汇表；*为必修新增，**为选择性必修新增。
urgent,,,,gaokao-english,official_curriculum_2020,3,普通高中英语课程标准（2017年版2020年修订）附录2词汇表；*为必修新增，**为选择性必修新增。
US,,,,gaokao-english,official_curriculum_2020,1,普通高中英语课程标准（2017年版2020年修订）附录2词汇表；*为必修新增，**为选择性必修新增。
use,,,,gaokao-english,official_curriculum_2020,1,普通高中英语课程标准（2017年版2020年修订）附录2词汇表；*为必修新增，**为选择性必修新增。
used,,,,gaokao-english,official_curriculum_2020,1,普通高中英语课程标准（2017年版2020年修订）附录2词汇表；*为必修新增，**为选择性必修新增。
useful,,,,gaokao-english,official_curriculum_2020,1,普通高中英语课程标准（2017年版2020年修订）附录2词汇表；*为必修新增，**为选择性必修新增。
usual,,,,gaokao-english,official_curriculum_2020,1,普通高中英语课程标准（2017年版2020年修订）附录2词汇表；*为必修新增，**为选择性必修新增。
usually,,,,gaokao-english,official_curriculum_2020,1,普通高中英语课程标准（2017年版2020年修订）附录2词汇表；*为必修新增，**为选择性必修新增。
vacation,,,,gaokao-english,official_curriculum_2020,1,普通高中英语课程标准（2017年版2020年修订）附录2词汇表；*为必修新增，**为选择性必修新增。
valley,,,,gaokao-english,official_curriculum_2020,3,普通高中英语课程标准（2017年版2020年修订）附录2词汇表；*为必修新增，**为选择性必修新增。
valuable,,,,gaokao-english,official_curriculum_2020,1,普通高中英语课程标准（2017年版2020年修订）附录2词汇表；*为必修新增，**为选择性必修新增。
value,,,,gaokao-english,official_curriculum_2020,1,普通高中英语课程标准（2017年版2020年修订）附录2词汇表；*为必修新增，**为选择性必修新增。
variation,,,,gaokao-english,official_curriculum_2020,3,普通高中英语课程标准（2017年版2020年修订）附录2词汇表；*为必修新增，**为选择性必修新增。
variety,,,,gaokao-english,official_curriculum_2020,2,普通高中英语课程标准（2017年版2020年修订）附录2词汇表；*为必修新增，**为选择性必修新增。
various,,,,gaokao-english,official_curriculum_2020,2,普通高中英语课程标准（2017年版2020年修订）附录2词汇表；*为必修新增，**为选择性必修新增。
vary,,,,gaokao-english,official_curriculum_2020,3,普通高中英语课程标准（2017年版2020年修订）附录2词汇表；*为必修新增，**为选择性必修新增。
vase,,,,gaokao-english,official_curriculum_2020,3,普通高中英语课程标准（2017年版2020年修订）附录2词汇表；*为必修新增，**为选择性必修新增。
vast,,,,gaokao-english,official_curriculum_2020,3,普通高中英语课程标准（2017年版2020年修订）附录2词汇表；*为必修新增，**为选择性必修新增。
vegetable,,,,gaokao-english,official_curriculum_2020,1,普通高中英语课程标准（2017年版2020年修订）附录2词汇表；*为必修新增，**为选择性必修新增。
vehicle,,,,gaokao-english,official_curriculum_2020,2,普通高中英语课程标准（2017年版2020年修订）附录2词汇表；*为必修新增，**为选择性必修新增。
venue,,,,gaokao-english,official_curriculum_2020,3,普通高中英语课程标准（2017年版2020年修订）附录2词汇表；*为必修新增，**为选择性必修新增。
version,,,,gaokao-english,official_curriculum_2020,3,普通高中英语课程标准（2017年版2020年修订）附录2词汇表；*为必修新增，**为选择性必修新增。
very,,,,gaokao-english,official_curriculum_2020,1,普通高中英语课程标准（2017年版2020年修订）附录2词汇表；*为必修新增，**为选择性必修新增。
victim,,,,gaokao-english,official_curriculum_2020,3,普通高中英语课程标准（2017年版2020年修订）附录2词汇表；*为必修新增，**为选择性必修新增。
victory,,,,gaokao-english,official_curriculum_2020,1,普通高中英语课程标准（2017年版2020年修订）附录2词汇表；*为必修新增，**为选择性必修新增。
video,,,,gaokao-english,official_curriculum_2020,1,普通高中英语课程标准（2017年版2020年修订）附录2词汇表；*为必修新增，**为选择性必修新增。
view,,,,gaokao-english,official_curriculum_2020,2,普通高中英语课程标准（2017年版2020年修订）附录2词汇表；*为必修新增，**为选择性必修新增。
village,,,,gaokao-english,official_curriculum_2020,1,普通高中英语课程标准（2017年版2020年修订）附录2词汇表；*为必修新增，**为选择性必修新增。
violence,,,,gaokao-english,official_curriculum_2020,3,普通高中英语课程标准（2017年版2020年修订）附录2词汇表；*为必修新增，**为选择性必修新增。
violin,,,,gaokao-english,official_curriculum_2020,1,普通高中英语课程标准（2017年版2020年修订）附录2词汇表；*为必修新增，**为选择性必修新增。
virtual,,,,gaokao-english,official_curriculum_2020,3,普通高中英语课程标准（2017年版2020年修订）附录2词汇表；*为必修新增，**为选择性必修新增。
virtue,,,,gaokao-english,official_curriculum_2020,3,普通高中英语课程标准（2017年版2020年修订）附录2词汇表；*为必修新增，**为选择性必修新增。
virus,,,,gaokao-english,official_curriculum_2020,3,普通高中英语课程标准（2017年版2020年修订）附录2词汇表；*为必修新增，**为选择性必修新增。
visible,,,,gaokao-english,official_curriculum_2020,3,普通高中英语课程标准（2017年版2020年修订）附录2词汇表；*为必修新增，**为选择性必修新增。
vision,,,,gaokao-english,official_curriculum_2020,3,普通高中英语课程标准（2017年版2020年修订）附录2词汇表；*为必修新增，**为选择性必修新增。
visit,,,,gaokao-english,official_curriculum_2020,1,普通高中英语课程标准（2017年版2020年修订）附录2词汇表；*为必修新增，**为选择性必修新增。
visitor,,,,gaokao-english,official_curriculum_2020,1,普通高中英语课程标准（2017年版2020年修订）附录2词汇表；*为必修新增，**为选择性必修新增。
visual,,,,gaokao-english,official_curriculum_2020,3,普通高中英语课程标准（2017年版2020年修订）附录2词汇表；*为必修新增，**为选择性必修新增。
vital,,,,gaokao-english,official_curriculum_2020,3,普通高中英语课程标准（2017年版2020年修订）附录2词汇表；*为必修新增，**为选择性必修新增。
vivid,,,,gaokao-english,official_curriculum_2020,3,普通高中英语课程标准（2017年版2020年修订）附录2词汇表；*为必修新增，**为选择性必修新增。
vocabulary,,,,gaokao-english,official_curriculum_2020,3,普通高中英语课程标准（2017年版2020年修订）附录2词汇表；*为必修新增，**为选择性必修新增。
voice,,,,gaokao-english,official_curriculum_2020,1,普通高中英语课程标准（2017年版2020年修订）附录2词汇表；*为必修新增，**为选择性必修新增。
volcano,,,,gaokao-english,official_curriculum_2020,2,普通高中英语课程标准（2017年版2020年修订）附录2词汇表；*为必修新增，**为选择性必修新增。
volleyball,,,,gaokao-english,official_curriculum_2020,1,普通高中英语课程标准（2017年版2020年修订）附录2词汇表；*为必修新增，**为选择性必修新增。
volume,,,,gaokao-english,official_curriculum_2020,3,普通高中英语课程标准（2017年版2020年修订）附录2词汇表；*为必修新增，**为选择性必修新增。
volunteer,,,,gaokao-english,official_curriculum_2020,2,普通高中英语课程标准（2017年版2020年修订）附录2词汇表；*为必修新增，**为选择性必修新增。
vote,,,,gaokao-english,official_curriculum_2020,3,普通高中英语课程标准（2017年版2020年修订）附录2词汇表；*为必修新增，**为选择性必修新增。
wage,,,,gaokao-english,official_curriculum_2020,3,普通高中英语课程标准（2017年版2020年修订）附录2词汇表；*为必修新增，**为选择性必修新增。
waist,,,,gaokao-english,official_curriculum_2020,3,普通高中英语课程标准（2017年版2020年修订）附录2词汇表；*为必修新增，**为选择性必修新增。
wait,,,,gaokao-english,official_curriculum_2020,1,普通高中英语课程标准（2017年版2020年修订）附录2词汇表；*为必修新增，**为选择性必修新增。
wake,,,,gaokao-english,official_curriculum_2020,1,普通高中英语课程标准（2017年版2020年修订）附录2词汇表；*为必修新增，**为选择性必修新增。
walk,,,,gaokao-english,official_curriculum_2020,1,普通高中英语课程标准（2017年版2020年修订）附录2词汇表；*为必修新增，**为选择性必修新增。
wall,,,,gaokao-english,official_curriculum_2020,1,普通高中英语课程标准（2017年版2020年修订）附录2词汇表；*为必修新增，**为选择性必修新增。
wallet,,,,gaokao-english,official_curriculum_2020,1,普通高中英语课程标准（2017年版2020年修订）附录2词汇表；*为必修新增，**为选择性必修新增。
wander,,,,gaokao-english,official_curriculum_2020,3,普通高中英语课程标准（2017年版2020年修订）附录2词汇表；*为必修新增，**为选择性必修新增。
want,,,,gaokao-english,official_curriculum_2020,1,普通高中英语课程标准（2017年版2020年修订）附录2词汇表；*为必修新增，**为选择性必修新增。
war,,,,gaokao-english,official_curriculum_2020,1,普通高中英语课程标准（2017年版2020年修订）附录2词汇表；*为必修新增，**为选择性必修新增。
ward,,,,gaokao-english,official_curriculum_2020,3,普通高中英语课程标准（2017年版2020年修订）附录2词汇表；*为必修新增，**为选择性必修新增。
warm,,,,gaokao-english,official_curriculum_2020,1,普通高中英语课程标准（2017年版2020年修订）附录2词汇表；*为必修新增，**为选择性必修新增。
warn,,,,gaokao-english,official_curriculum_2020,1,普通高中英语课程标准（2017年版2020年修订）附录2词汇表；*为必修新增，**为选择性必修新增。
warning,,,,gaokao-english,official_curriculum_2020,3,普通高中英语课程标准（2017年版2020年修订）附录2词汇表；*为必修新增，**为选择性必修新增。
wash,,,,gaokao-english,official_curriculum_2020,1,普通高中英语课程标准（2017年版2020年修订）附录2词汇表；*为必修新增，**为选择性必修新增。
washroom,,,,gaokao-english,official_curriculum_2020,3,普通高中英语课程标准（2017年版2020年修订）附录2词汇表；*为必修新增，**为选择性必修新增。
waste,,,,gaokao-english,official_curriculum_2020,1,普通高中英语课程标准（2017年版2020年修订）附录2词汇表；*为必修新增，**为选择性必修新增。
watch,,,,gaokao-english,official_curriculum_2020,1,普通高中英语课程标准（2017年版2020年修订）附录2词汇表；*为必修新增，**为选择性必修新增。
water,,,,gaokao-english,official_curriculum_2020,1,普通高中英语课程标准（2017年版2020年修订）附录2词汇表；*为必修新增，**为选择性必修新增。
watermelon,,,,gaokao-english,official_curriculum_2020,1,普通高中英语课程标准（2017年版2020年修订）附录2词汇表；*为必修新增，**为选择性必修新增。
wave,,,,gaokao-english,official_curriculum_2020,3,普通高中英语课程标准（2017年版2020年修订）附录2词汇表；*为必修新增，**为选择性必修新增。
way,,,,gaokao-english,official_curriculum_2020,1,普通高中英语课程标准（2017年版2020年修订）附录2词汇表；*为必修新增，**为选择性必修新增。
we,,,,gaokao-english,official_curriculum_2020,1,普通高中英语课程标准（2017年版2020年修订）附录2词汇表；*为必修新增，**为选择性必修新增。
weak,,,,gaokao-english,official_curriculum_2020,1,普通高中英语课程标准（2017年版2020年修订）附录2词汇表；*为必修新增，**为选择性必修新增。
wealth,,,,gaokao-english,official_curriculum_2020,1,普通高中英语课程标准（2017年版2020年修订）附录2词汇表；*为必修新增，**为选择性必修新增。
weapon,,,,gaokao-english,official_curriculum_2020,3,普通高中英语课程标准（2017年版2020年修订）附录2词汇表；*为必修新增，**为选择性必修新增。
wear,,,,gaokao-english,official_curriculum_2020,1,普通高中英语课程标准（2017年版2020年修订）附录2词汇表；*为必修新增，**为选择性必修新增。
weather,,,,gaokao-english,official_curriculum_2020,1,普通高中英语课程标准（2017年版2020年修订）附录2词汇表；*为必修新增，**为选择性必修新增。
website,,,,gaokao-english,official_curriculum_2020,1,普通高中英语课程标准（2017年版2020年修订）附录2词汇表；*为必修新增，**为选择性必修新增。
wedding,,,,gaokao-english,official_curriculum_2020,2,普通高中英语课程标准（2017年版2020年修订）附录2词汇表；*为必修新增，**为选择性必修新增。
Wednesday,,,,gaokao-english,official_curriculum_2020,1,普通高中英语课程标准（2017年版2020年修订）附录2词汇表；*为必修新增，**为选择性必修新增。
weed,,,,gaokao-english,official_curriculum_2020,3,普通高中英语课程标准（2017年版2020年修订）附录2词汇表；*为必修新增，**为选择性必修新增。
week,,,,gaokao-english,official_curriculum_2020,1,普通高中英语课程标准（2017年版2020年修订）附录2词汇表；*为必修新增，**为选择性必修新增。
weekday,,,,gaokao-english,official_curriculum_2020,1,普通高中英语课程标准（2017年版2020年修订）附录2词汇表；*为必修新增，**为选择性必修新增。
weekend,,,,gaokao-english,official_curriculum_2020,1,普通高中英语课程标准（2017年版2020年修订）附录2词汇表；*为必修新增，**为选择性必修新增。
weekly,,,,gaokao-english,official_curriculum_2020,3,普通高中英语课程标准（2017年版2020年修订）附录2词汇表；*为必修新增，**为选择性必修新增。
weep,,,,gaokao-english,official_curriculum_2020,3,普通高中英语课程标准（2017年版2020年修订）附录2词汇表；*为必修新增，**为选择性必修新增。
weigh,,,,gaokao-english,official_curriculum_2020,1,普通高中英语课程标准（2017年版2020年修订）附录2词汇表；*为必修新增，**为选择性必修新增。
weight,,,,gaokao-english,official_curriculum_2020,1,普通高中英语课程标准（2017年版2020年修订）附录2词汇表；*为必修新增，**为选择性必修新增。
welcome,,,,gaokao-english,official_curriculum_2020,1,普通高中英语课程标准（2017年版2020年修订）附录2词汇表；*为必修新增，**为选择性必修新增。
welfare,,,,gaokao-english,official_curriculum_2020,3,普通高中英语课程标准（2017年版2020年修订）附录2词汇表；*为必修新增，**为选择性必修新增。
well,,,,gaokao-english,official_curriculum_2020,1,普通高中英语课程标准（2017年版2020年修订）附录2词汇表；*为必修新增，**为选择性必修新增。
west,,,,gaokao-english,official_curriculum_2020,1,普通高中英语课程标准（2017年版2020年修订）附录2词汇表；*为必修新增，**为选择性必修新增。
western,,,,gaokao-english,official_curriculum_2020,1,普通高中英语课程标准（2017年版2020年修订）附录2词汇表；*为必修新增，**为选择性必修新增。
wet,,,,gaokao-english,official_curriculum_2020,1,普通高中英语课程标准（2017年版2020年修订）附录2词汇表；*为必修新增，**为选择性必修新增。
whale,,,,gaokao-english,official_curriculum_2020,2,普通高中英语课程标准（2017年版2020年修订）附录2词汇表；*为必修新增，**为选择性必修新增。
what,,,,gaokao-english,official_curriculum_2020,1,普通高中英语课程标准（2017年版2020年修订）附录2词汇表；*为必修新增，**为选择性必修新增。
whatever,,,,gaokao-english,official_curriculum_2020,1,普通高中英语课程标准（2017年版2020年修订）附录2词汇表；*为必修新增，**为选择性必修新增。
wheat,,,,gaokao-english,official_curriculum_2020,3,普通高中英语课程标准（2017年版2020年修订）附录2词汇表；*为必修新增，**为选择性必修新增。
wheel,,,,gaokao-english,official_curriculum_2020,1,普通高中英语课程标准（2017年版2020年修订）附录2词汇表；*为必修新增，**为选择性必修新增。
when,,,,gaokao-english,official_curriculum_2020,1,普通高中英语课程标准（2017年版2020年修订）附录2词汇表；*为必修新增，**为选择性必修新增。
whenever,,,,gaokao-english,official_curriculum_2020,1,普通高中英语课程标准（2017年版2020年修订）附录2词汇表；*为必修新增，**为选择性必修新增。
where,,,,gaokao-english,official_curriculum_2020,1,普通高中英语课程标准（2017年版2020年修订）附录2词汇表；*为必修新增，**为选择性必修新增。
whether,,,,gaokao-english,official_curriculum_2020,1,普通高中英语课程标准（2017年版2020年修订）附录2词汇表；*为必修新增，**为选择性必修新增。
which,,,,gaokao-english,official_curriculum_2020,1,普通高中英语课程标准（2017年版2020年修订）附录2词汇表；*为必修新增，**为选择性必修新增。
while,,,,gaokao-english,official_curriculum_2020,1,普通高中英语课程标准（2017年版2020年修订）附录2词汇表；*为必修新增，**为选择性必修新增。
whisper,,,,gaokao-english,official_curriculum_2020,3,普通高中英语课程标准（2017年版2020年修订）附录2词汇表；*为必修新增，**为选择性必修新增。
white,,,,gaokao-english,official_curriculum_2020,1,普通高中英语课程标准（2017年版2020年修订）附录2词汇表；*为必修新增，**为选择性必修新增。
who,,,,gaokao-english,official_curriculum_2020,1,普通高中英语课程标准（2017年版2020年修订）附录2词汇表；*为必修新增，**为选择性必修新增。
whole,,,,gaokao-english,official_curriculum_2020,1,普通高中英语课程标准（2017年版2020年修订）附录2词汇表；*为必修新增，**为选择性必修新增。
whom,,,,gaokao-english,official_curriculum_2020,1,普通高中英语课程标准（2017年版2020年修订）附录2词汇表；*为必修新增，**为选择性必修新增。
whose,,,,gaokao-english,official_curriculum_2020,1,普通高中英语课程标准（2017年版2020年修订）附录2词汇表；*为必修新增，**为选择性必修新增。
why,,,,gaokao-english,official_curriculum_2020,1,普通高中英语课程标准（2017年版2020年修订）附录2词汇表；*为必修新增，**为选择性必修新增。
wide,,,,gaokao-english,official_curriculum_2020,1,普通高中英语课程标准（2017年版2020年修订）附录2词汇表；*为必修新增，**为选择性必修新增。
widespread,,,,gaokao-english,official_curriculum_2020,3,普通高中英语课程标准（2017年版2020年修订）附录2词汇表；*为必修新增，**为选择性必修新增。
wife,,,,gaokao-english,official_curriculum_2020,1,普通高中英语课程标准（2017年版2020年修订）附录2词汇表；*为必修新增，**为选择性必修新增。
Wi-Fi,,,,gaokao-english,official_curriculum_2020,2,普通高中英语课程标准（2017年版2020年修订）附录2词汇表；*为必修新增，**为选择性必修新增。
wild,,,,gaokao-english,official_curriculum_2020,1,普通高中英语课程标准（2017年版2020年修订）附录2词汇表；*为必修新增，**为选择性必修新增。
will,,,,gaokao-english,official_curriculum_2020,1,普通高中英语课程标准（2017年版2020年修订）附录2词汇表；*为必修新增，**为选择性必修新增。
win,,,,gaokao-english,official_curriculum_2020,1,普通高中英语课程标准（2017年版2020年修订）附录2词汇表；*为必修新增，**为选择性必修新增。
wind,,,,gaokao-english,official_curriculum_2020,1,普通高中英语课程标准（2017年版2020年修订）附录2词汇表；*为必修新增，**为选择性必修新增。
window,,,,gaokao-english,official_curriculum_2020,1,普通高中英语课程标准（2017年版2020年修订）附录2词汇表；*为必修新增，**为选择性必修新增。
windy,,,,gaokao-english,official_curriculum_2020,1,普通高中英语课程标准（2017年版2020年修订）附录2词汇表；*为必修新增，**为选择性必修新增。
wine,,,,gaokao-english,official_curriculum_2020,2,普通高中英语课程标准（2017年版2020年修订）附录2词汇表；*为必修新增，**为选择性必修新增。
wing,,,,gaokao-english,official_curriculum_2020,1,普通高中英语课程标准（2017年版2020年修订）附录2词汇表；*为必修新增，**为选择性必修新增。
winner,,,,gaokao-english,official_curriculum_2020,1,普通高中英语课程标准（2017年版2020年修订）附录2词汇表；*为必修新增，**为选择性必修新增。
winter,,,,gaokao-english,official_curriculum_2020,1,普通高中英语课程标准（2017年版2020年修订）附录2词汇表；*为必修新增，**为选择性必修新增。
wire,,,,gaokao-english,official_curriculum_2020,3,普通高中英语课程标准（2017年版2020年修订）附录2词汇表；*为必修新增，**为选择性必修新增。
wisdom,,,,gaokao-english,official_curriculum_2020,3,普通高中英语课程标准（2017年版2020年修订）附录2词汇表；*为必修新增，**为选择性必修新增。
wise,,,,gaokao-english,official_curriculum_2020,1,普通高中英语课程标准（2017年版2020年修订）附录2词汇表；*为必修新增，**为选择性必修新增。
wish,,,,gaokao-english,official_curriculum_2020,1,普通高中英语课程标准（2017年版2020年修订）附录2词汇表；*为必修新增，**为选择性必修新增。
with,,,,gaokao-english,official_curriculum_2020,1,普通高中英语课程标准（2017年版2020年修订）附录2词汇表；*为必修新增，**为选择性必修新增。
withdraw,,,,gaokao-english,official_curriculum_2020,3,普通高中英语课程标准（2017年版2020年修订）附录2词汇表；*为必修新增，**为选择性必修新增。
within,,,,gaokao-english,official_curriculum_2020,2,普通高中英语课程标准（2017年版2020年修订）附录2词汇表；*为必修新增，**为选择性必修新增。
without,,,,gaokao-english,official_curriculum_2020,1,普通高中英语课程标准（2017年版2020年修订）附录2词汇表；*为必修新增，**为选择性必修新增。
witness,,,,gaokao-english,official_curriculum_2020,3,普通高中英语课程标准（2017年版2020年修订）附录2词汇表；*为必修新增，**为选择性必修新增。
woman (pl. women),,,,gaokao-english,official_curriculum_2020,1,普通高中英语课程标准（2017年版2020年修订）附录2词汇表；*为必修新增，**为选择性必修新增。
wonder,,,,gaokao-english,official_curriculum_2020,1,普通高中英语课程标准（2017年版2020年修订）附录2词汇表；*为必修新增，**为选择性必修新增。
wonderful,,,,gaokao-english,official_curriculum_2020,1,普通高中英语课程标准（2017年版2020年修订）附录2词汇表；*为必修新增，**为选择性必修新增。
wood,,,,gaokao-english,official_curriculum_2020,1,普通高中英语课程标准（2017年版2020年修订）附录2词汇表；*为必修新增，**为选择性必修新增。
wool,,,,gaokao-english,official_curriculum_2020,3,普通高中英语课程标准（2017年版2020年修订）附录2词汇表；*为必修新增，**为选择性必修新增。
word,,,,gaokao-english,official_curriculum_2020,1,普通高中英语课程标准（2017年版2020年修订）附录2词汇表；*为必修新增，**为选择性必修新增。
work,,,,gaokao-english,official_curriculum_2020,1,普通高中英语课程标准（2017年版2020年修订）附录2词汇表；*为必修新增，**为选择性必修新增。
worker,,,,gaokao-english,official_curriculum_2020,1,普通高中英语课程标准（2017年版2020年修订）附录2词汇表；*为必修新增，**为选择性必修新增。
world,,,,gaokao-english,official_curriculum_2020,1,普通高中英语课程标准（2017年版2020年修订）附录2词汇表；*为必修新增，**为选择性必修新增。
worry,,,,gaokao-english,official_curriculum_2020,1,普通高中英语课程标准（2017年版2020年修订）附录2词汇表；*为必修新增，**为选择性必修新增。
worse,,,,gaokao-english,official_curriculum_2020,1,普通高中英语课程标准（2017年版2020年修订）附录2词汇表；*为必修新增，**为选择性必修新增。
worst,,,,gaokao-english,official_curriculum_2020,1,普通高中英语课程标准（2017年版2020年修订）附录2词汇表；*为必修新增，**为选择性必修新增。
worth,,,,gaokao-english,official_curriculum_2020,1,普通高中英语课程标准（2017年版2020年修订）附录2词汇表；*为必修新增，**为选择性必修新增。
worthwhile,,,,gaokao-english,official_curriculum_2020,3,普通高中英语课程标准（2017年版2020年修订）附录2词汇表；*为必修新增，**为选择性必修新增。
worthy,,,,gaokao-english,official_curriculum_2020,3,普通高中英语课程标准（2017年版2020年修订）附录2词汇表；*为必修新增，**为选择性必修新增。
would,,,,gaokao-english,official_curriculum_2020,1,普通高中英语课程标准（2017年版2020年修订）附录2词汇表；*为必修新增，**为选择性必修新增。
wound,,,,gaokao-english,official_curriculum_2020,1,普通高中英语课程标准（2017年版2020年修订）附录2词汇表；*为必修新增，**为选择性必修新增。
wrap,,,,gaokao-english,official_curriculum_2020,3,普通高中英语课程标准（2017年版2020年修订）附录2词汇表；*为必修新增，**为选择性必修新增。
wrestle,,,,gaokao-english,official_curriculum_2020,3,普通高中英语课程标准（2017年版2020年修订）附录2词汇表；*为必修新增，**为选择性必修新增。
wrinkle,,,,gaokao-english,official_curriculum_2020,3,普通高中英语课程标准（2017年版2020年修订）附录2词汇表；*为必修新增，**为选择性必修新增。
wrist,,,,gaokao-english,official_curriculum_2020,3,普通高中英语课程标准（2017年版2020年修订）附录2词汇表；*为必修新增，**为选择性必修新增。
write,,,,gaokao-english,official_curriculum_2020,1,普通高中英语课程标准（2017年版2020年修订）附录2词汇表；*为必修新增，**为选择性必修新增。
writer,,,,gaokao-english,official_curriculum_2020,1,普通高中英语课程标准（2017年版2020年修订）附录2词汇表；*为必修新增，**为选择性必修新增。
wrong,,,,gaokao-english,official_curriculum_2020,1,普通高中英语课程标准（2017年版2020年修订）附录2词汇表；*为必修新增，**为选择性必修新增。
X-ray,,,,gaokao-english,official_curriculum_2020,1,普通高中英语课程标准（2017年版2020年修订）附录2词汇表；*为必修新增，**为选择性必修新增。
yard,,,,gaokao-english,official_curriculum_2020,1,普通高中英语课程标准（2017年版2020年修订）附录2词汇表；*为必修新增，**为选择性必修新增。
year,,,,gaokao-english,official_curriculum_2020,1,普通高中英语课程标准（2017年版2020年修订）附录2词汇表；*为必修新增，**为选择性必修新增。
yellow,,,,gaokao-english,official_curriculum_2020,1,普通高中英语课程标准（2017年版2020年修订）附录2词汇表；*为必修新增，**为选择性必修新增。
yes,,,,gaokao-english,official_curriculum_2020,1,普通高中英语课程标准（2017年版2020年修订）附录2词汇表；*为必修新增，**为选择性必修新增。
yesterday,,,,gaokao-english,official_curriculum_2020,1,普通高中英语课程标准（2017年版2020年修订）附录2词汇表；*为必修新增，**为选择性必修新增。
yet,,,,gaokao-english,official_curriculum_2020,1,普通高中英语课程标准（2017年版2020年修订）附录2词汇表；*为必修新增，**为选择性必修新增。
yoghurt,,,,gaokao-english,official_curriculum_2020,2,普通高中英语课程标准（2017年版2020年修订）附录2词汇表；*为必修新增，**为选择性必修新增。
you,,,,gaokao-english,official_curriculum_2020,1,普通高中英语课程标准（2017年版2020年修订）附录2词汇表；*为必修新增，**为选择性必修新增。
young,,,,gaokao-english,official_curriculum_2020,1,普通高中英语课程标准（2017年版2020年修订）附录2词汇表；*为必修新增，**为选择性必修新增。
your,,,,gaokao-english,official_curriculum_2020,1,普通高中英语课程标准（2017年版2020年修订）附录2词汇表；*为必修新增，**为选择性必修新增。
yours,,,,gaokao-english,official_curriculum_2020,1,普通高中英语课程标准（2017年版2020年修订）附录2词汇表；*为必修新增，**为选择性必修新增。
yourself,,,,gaokao-english,official_curriculum_2020,1,普通高中英语课程标准（2017年版2020年修订）附录2词汇表；*为必修新增，**为选择性必修新增。
youth,,,,gaokao-english,official_curriculum_2020,2,普通高中英语课程标准（2017年版2020年修订）附录2词汇表；*为必修新增，**为选择性必修新增。
zero,,,,gaokao-english,official_curriculum_2020,1,普通高中英语课程标准（2017年版2020年修订）附录2词汇表；*为必修新增，**为选择性必修新增。
zone,,,,gaokao-english,official_curriculum_2020,3,普通高中英语课程标准（2017年版2020年修订）附录2词汇表；*为必修新增，**为选择性必修新增。
zoo,,,,gaokao-english,official_curriculum_2020,1,普通高中英语课程标准（2017年版2020年修订）附录2词汇表；*为必修新增，**为选择性必修新增。
