term,reading,meaning,pos,source_scope,source_type,difficulty,notes
a/an,,,,cet4,official_syllabus_2016,2,全国大学英语四、六级考试大纲（2016年修订版）词表；未加★为四级词。
abandon,,,,cet4,official_syllabus_2016,2,全国大学英语四、六级考试大纲（2016年修订版）词表；未加★为四级词。
able,,,,cet4,official_syllabus_2016,2,全国大学英语四、六级考试大纲（2016年修订版）词表；未加★为四级词。
ability,,,,cet4,official_syllabus_2016,2,全国大学英语四、六级考试大纲（2016年修订版）词表；未加★为四级词。
aboard,,,,cet4,official_syllabus_2016,2,全国大学英语四、六级考试大纲（2016年修订版）词表；未加★为四级词。
abolish,,,,cet4,official_syllabus_2016,2,全国大学英语四、六级考试大纲（2016年修订版）词表；未加★为四级词。
abolition,,,,cet4,official_syllabus_2016,2,全国大学英语四、六级考试大纲（2016年修订版）词表；未加★为四级词。
abortion,,,,cet4,official_syllabus_2016,2,全国大学英语四、六级考试大纲（2016年修订版）词表；未加★为四级词。
about,,,,cet4,official_syllabus_2016,2,全国大学英语四、六级考试大纲（2016年修订版）词表；未加★为四级词。
above,,,,cet4,official_syllabus_2016,2,全国大学英语四、六级考试大纲（2016年修订版）词表；未加★为四级词。
abroad,,,,cet4,official_syllabus_2016,2,全国大学英语四、六级考试大纲（2016年修订版）词表；未加★为四级词。
absent,,,,cet4,official_syllabus_2016,2,全国大学英语四、六级考试大纲（2016年修订版）词表；未加★为四级词。
absence,,,,cet4,official_syllabus_2016,2,全国大学英语四、六级考试大纲（2016年修订版）词表；未加★为四级词。
absolute,,,,cet4,official_syllabus_2016,2,全国大学英语四、六级考试大纲（2016年修订版）词表；未加★为四级词。
absorb,,,,cet4,official_syllabus_2016,2,全国大学英语四、六级考试大纲（2016年修订版）词表；未加★为四级词。
absorption,,,,cet4,official_syllabus_2016,2,全国大学英语四、六级考试大纲（2016年修订版）词表；未加★为四级词。
abstract,,,,cet4,official_syllabus_2016,2,全国大学英语四、六级考试大纲（2016年修订版）词表；未加★为四级词。
absurdity,,,,cet4,official_syllabus_2016,2,全国大学英语四、六级考试大纲（2016年修订版）词表；未加★为四级词。
abundant,,,,cet4,official_syllabus_2016,2,全国大学英语四、六级考试大纲（2016年修订版）词表；未加★为四级词。
abundance,,,,cet4,official_syllabus_2016,2,全国大学英语四、六级考试大纲（2016年修订版）词表；未加★为四级词。
abuse,,,,cet4,official_syllabus_2016,2,全国大学英语四、六级考试大纲（2016年修订版）词表；未加★为四级词。
abusive,,,,cet4,official_syllabus_2016,2,全国大学英语四、六级考试大纲（2016年修订版）词表；未加★为四级词。
academy,,,,cet4,official_syllabus_2016,2,全国大学英语四、六级考试大纲（2016年修订版）词表；未加★为四级词。
academic,,,,cet4,official_syllabus_2016,2,全国大学英语四、六级考试大纲（2016年修订版）词表；未加★为四级词。
academician,,,,cet4,official_syllabus_2016,2,全国大学英语四、六级考试大纲（2016年修订版）词表；未加★为四级词。
accelerate,,,,cet4,official_syllabus_2016,2,全国大学英语四、六级考试大纲（2016年修订版）词表；未加★为四级词。
acceleration,,,,cet4,official_syllabus_2016,2,全国大学英语四、六级考试大纲（2016年修订版）词表；未加★为四级词。
accent,,,,cet4,official_syllabus_2016,2,全国大学英语四、六级考试大纲（2016年修订版）词表；未加★为四级词。
accept,,,,cet4,official_syllabus_2016,2,全国大学英语四、六级考试大纲（2016年修订版）词表；未加★为四级词。
acceptance,,,,cet4,official_syllabus_2016,2,全国大学英语四、六级考试大纲（2016年修订版）词表；未加★为四级词。
acceptable,,,,cet4,official_syllabus_2016,2,全国大学英语四、六级考试大纲（2016年修订版）词表；未加★为四级词。
access,,,,cet4,official_syllabus_2016,2,全国大学英语四、六级考试大纲（2016年修订版）词表；未加★为四级词。
accessible,,,,cet4,official_syllabus_2016,2,全国大学英语四、六级考试大纲（2016年修订版）词表；未加★为四级词。
accident,,,,cet4,official_syllabus_2016,2,全国大学英语四、六级考试大纲（2016年修订版）词表；未加★为四级词。
accidental,,,,cet4,official_syllabus_2016,2,全国大学英语四、六级考试大纲（2016年修订版）词表；未加★为四级词。
accommodate,,,,cet4,official_syllabus_2016,2,全国大学英语四、六级考试大纲（2016年修订版）词表；未加★为四级词。
accommodation,,,,cet4,official_syllabus_2016,2,全国大学英语四、六级考试大纲（2016年修订版）词表；未加★为四级词。
accompany,,,,cet4,official_syllabus_2016,2,全国大学英语四、六级考试大纲（2016年修订版）词表；未加★为四级词。
accomplish,,,,cet4,official_syllabus_2016,2,全国大学英语四、六级考试大纲（2016年修订版）词表；未加★为四级词。
accomplishment,,,,cet4,official_syllabus_2016,2,全国大学英语四、六级考试大纲（2016年修订版）词表；未加★为四级词。
accord,,,,cet4,official_syllabus_2016,2,全国大学英语四、六级考试大纲（2016年修订版）词表；未加★为四级词。
accordance,,,,cet4,official_syllabus_2016,2,全国大学英语四、六级考试大纲（2016年修订版）词表；未加★为四级词。
accordingto,,,,cet4,official_syllabus_2016,2,全国大学英语四、六级考试大纲（2016年修订版）词表；未加★为四级词。
accordingly,,,,cet4,official_syllabus_2016,2,全国大学英语四、六级考试大纲（2016年修订版）词表；未加★为四级词。
account,,,,cet4,official_syllabus_2016,2,全国大学英语四、六级考试大纲（2016年修订版）词表；未加★为四级词。
accounting,,,,cet4,official_syllabus_2016,2,全国大学英语四、六级考试大纲（2016年修订版）词表；未加★为四级词。
accountant,,,,cet4,official_syllabus_2016,2,全国大学英语四、六级考试大纲（2016年修订版）词表；未加★为四级词。
accountancy,,,,cet4,official_syllabus_2016,2,全国大学英语四、六级考试大纲（2016年修订版）词表；未加★为四级词。
accountable,,,,cet4,official_syllabus_2016,2,全国大学英语四、六级考试大纲（2016年修订版）词表；未加★为四级词。
accountability,,,,cet4,official_syllabus_2016,2,全国大学英语四、六级考试大纲（2016年修订版）词表；未加★为四级词。
accumulate,,,,cet4,official_syllabus_2016,2,全国大学英语四、六级考试大纲（2016年修订版）词表；未加★为四级词。
accumulation,,,,cet4,official_syllabus_2016,2,全国大学英语四、六级考试大纲（2016年修订版）词表；未加★为四级词。
accumulative,,,,cet4,official_syllabus_2016,2,全国大学英语四、六级考试大纲（2016年修订版）词表；未加★为四级词。
accurate,,,,cet4,official_syllabus_2016,2,全国大学英语四、六级考试大纲（2016年修订版）词表；未加★为四级词。
accuracy,,,,cet4,official_syllabus_2016,2,全国大学英语四、六级考试大纲（2016年修订版）词表；未加★为四级词。
accuse,,,,cet4,official_syllabus_2016,2,全国大学英语四、六级考试大纲（2016年修订版）词表；未加★为四级词。
accusation,,,,cet4,official_syllabus_2016,2,全国大学英语四、六级考试大纲（2016年修订版）词表；未加★为四级词。
accustom,,,,cet4,official_syllabus_2016,2,全国大学英语四、六级考试大纲（2016年修订版）词表；未加★为四级词。
accustomed,,,,cet4,official_syllabus_2016,2,全国大学英语四、六级考试大纲（2016年修订版）词表；未加★为四级词。
ace,,,,cet4,official_syllabus_2016,2,全国大学英语四、六级考试大纲（2016年修订版）词表；未加★为四级词。
ache,,,,cet4,official_syllabus_2016,2,全国大学英语四、六级考试大纲（2016年修订版）词表；未加★为四级词。
achieve,,,,cet4,official_syllabus_2016,2,全国大学英语四、六级考试大纲（2016年修订版）词表；未加★为四级词。
achievement,,,,cet4,official_syllabus_2016,2,全国大学英语四、六级考试大纲（2016年修订版）词表；未加★为四级词。
acid,,,,cet4,official_syllabus_2016,2,全国大学英语四、六级考试大纲（2016年修订版）词表；未加★为四级词。
acidity,,,,cet4,official_syllabus_2016,2,全国大学英语四、六级考试大纲（2016年修订版）词表；未加★为四级词。
acknowledge,,,,cet4,official_syllabus_2016,2,全国大学英语四、六级考试大纲（2016年修订版）词表；未加★为四级词。
acknowledgement,,,,cet4,official_syllabus_2016,2,全国大学英语四、六级考试大纲（2016年修订版）词表；未加★为四级词。
acquaint,,,,cet4,official_syllabus_2016,2,全国大学英语四、六级考试大纲（2016年修订版）词表；未加★为四级词。
acquaintance,,,,cet4,official_syllabus_2016,2,全国大学英语四、六级考试大纲（2016年修订版）词表；未加★为四级词。
acquire,,,,cet4,official_syllabus_2016,2,全国大学英语四、六级考试大纲（2016年修订版）词表；未加★为四级词。
acquisition,,,,cet4,official_syllabus_2016,2,全国大学英语四、六级考试大纲（2016年修订版）词表；未加★为四级词。
acre,,,,cet4,official_syllabus_2016,2,全国大学英语四、六级考试大纲（2016年修订版）词表；未加★为四级词。
across,,,,cet4,official_syllabus_2016,2,全国大学英语四、六级考试大纲（2016年修订版）词表；未加★为四级词。
act,,,,cet4,official_syllabus_2016,2,全国大学英语四、六级考试大纲（2016年修订版）词表；未加★为四级词。
action,,,,cet4,official_syllabus_2016,2,全国大学英语四、六级考试大纲（2016年修订版）词表；未加★为四级词。
acting,,,,cet4,official_syllabus_2016,2,全国大学英语四、六级考试大纲（2016年修订版）词表；未加★为四级词。
active,,,,cet4,official_syllabus_2016,2,全国大学英语四、六级考试大纲（2016年修订版）词表；未加★为四级词。
activity,,,,cet4,official_syllabus_2016,2,全国大学英语四、六级考试大纲（2016年修订版）词表；未加★为四级词。
activist,,,,cet4,official_syllabus_2016,2,全国大学英语四、六级考试大纲（2016年修订版）词表；未加★为四级词。
actor,,,,cet4,official_syllabus_2016,2,全国大学英语四、六级考试大纲（2016年修订版）词表；未加★为四级词。
actress,,,,cet4,official_syllabus_2016,2,全国大学英语四、六级考试大纲（2016年修订版）词表；未加★为四级词。
actual,,,,cet4,official_syllabus_2016,2,全国大学英语四、六级考试大纲（2016年修订版）词表；未加★为四级词。
actually,,,,cet4,official_syllabus_2016,2,全国大学英语四、六级考试大纲（2016年修订版）词表；未加★为四级词。
acute,,,,cet4,official_syllabus_2016,2,全国大学英语四、六级考试大纲（2016年修订版）词表；未加★为四级词。
adapt,,,,cet4,official_syllabus_2016,2,全国大学英语四、六级考试大纲（2016年修订版）词表；未加★为四级词。
adaptation,,,,cet4,official_syllabus_2016,2,全国大学英语四、六级考试大纲（2016年修订版）词表；未加★为四级词。
adaptive,,,,cet4,official_syllabus_2016,2,全国大学英语四、六级考试大纲（2016年修订版）词表；未加★为四级词。
add,,,,cet4,official_syllabus_2016,2,全国大学英语四、六级考试大纲（2016年修订版）词表；未加★为四级词。
addition,,,,cet4,official_syllabus_2016,2,全国大学英语四、六级考试大纲（2016年修订版）词表；未加★为四级词。
additional,,,,cet4,official_syllabus_2016,2,全国大学英语四、六级考试大纲（2016年修订版）词表；未加★为四级词。
addict,,,,cet4,official_syllabus_2016,2,全国大学英语四、六级考试大纲（2016年修订版）词表；未加★为四级词。
addiction,,,,cet4,official_syllabus_2016,2,全国大学英语四、六级考试大纲（2016年修订版）词表；未加★为四级词。
addictive,,,,cet4,official_syllabus_2016,2,全国大学英语四、六级考试大纲（2016年修订版）词表；未加★为四级词。
address,,,,cet4,official_syllabus_2016,2,全国大学英语四、六级考试大纲（2016年修订版）词表；未加★为四级词。
adequate,,,,cet4,official_syllabus_2016,2,全国大学英语四、六级考试大纲（2016年修订版）词表；未加★为四级词。
adequacy,,,,cet4,official_syllabus_2016,2,全国大学英语四、六级考试大纲（2016年修订版）词表；未加★为四级词。
adequately,,,,cet4,official_syllabus_2016,2,全国大学英语四、六级考试大纲（2016年修订版）词表；未加★为四级词。
adherence,,,,cet4,official_syllabus_2016,2,全国大学英语四、六级考试大纲（2016年修订版）词表；未加★为四级词。
adjective,,,,cet4,official_syllabus_2016,2,全国大学英语四、六级考试大纲（2016年修订版）词表；未加★为四级词。
adjust,,,,cet4,official_syllabus_2016,2,全国大学英语四、六级考试大纲（2016年修订版）词表；未加★为四级词。
adjustment,,,,cet4,official_syllabus_2016,2,全国大学英语四、六级考试大纲（2016年修订版）词表；未加★为四级词。
administer/administrate,,,,cet4,official_syllabus_2016,2,全国大学英语四、六级考试大纲（2016年修订版）词表；未加★为四级词。
administration,,,,cet4,official_syllabus_2016,2,全国大学英语四、六级考试大纲（2016年修订版）词表；未加★为四级词。
administrative,,,,cet4,official_syllabus_2016,2,全国大学英语四、六级考试大纲（2016年修订版）词表；未加★为四级词。
admire,,,,cet4,official_syllabus_2016,2,全国大学英语四、六级考试大纲（2016年修订版）词表；未加★为四级词。
admiration,,,,cet4,official_syllabus_2016,2,全国大学英语四、六级考试大纲（2016年修订版）词表；未加★为四级词。
admirable,,,,cet4,official_syllabus_2016,2,全国大学英语四、六级考试大纲（2016年修订版）词表；未加★为四级词。
admit,,,,cet4,official_syllabus_2016,2,全国大学英语四、六级考试大纲（2016年修订版）词表；未加★为四级词。
admission,,,,cet4,official_syllabus_2016,2,全国大学英语四、六级考试大纲（2016年修订版）词表；未加★为四级词。
admittance,,,,cet4,official_syllabus_2016,2,全国大学英语四、六级考试大纲（2016年修订版）词表；未加★为四级词。
admittedly,,,,cet4,official_syllabus_2016,2,全国大学英语四、六级考试大纲（2016年修订版）词表；未加★为四级词。
adolescence,,,,cet4,official_syllabus_2016,2,全国大学英语四、六级考试大纲（2016年修订版）词表；未加★为四级词。
adopt,,,,cet4,official_syllabus_2016,2,全国大学英语四、六级考试大纲（2016年修订版）词表；未加★为四级词。
adoption,,,,cet4,official_syllabus_2016,2,全国大学英语四、六级考试大纲（2016年修订版）词表；未加★为四级词。
adorable,,,,cet4,official_syllabus_2016,2,全国大学英语四、六级考试大纲（2016年修订版）词表；未加★为四级词。
adult,,,,cet4,official_syllabus_2016,2,全国大学英语四、六级考试大纲（2016年修订版）词表；未加★为四级词。
adulthood,,,,cet4,official_syllabus_2016,2,全国大学英语四、六级考试大纲（2016年修订版）词表；未加★为四级词。
advance,,,,cet4,official_syllabus_2016,2,全国大学英语四、六级考试大纲（2016年修订版）词表；未加★为四级词。
advancement,,,,cet4,official_syllabus_2016,2,全国大学英语四、六级考试大纲（2016年修订版）词表；未加★为四级词。
advanced,,,,cet4,official_syllabus_2016,2,全国大学英语四、六级考试大纲（2016年修订版）词表；未加★为四级词。
advantage,,,,cet4,official_syllabus_2016,2,全国大学英语四、六级考试大纲（2016年修订版）词表；未加★为四级词。
advantageous,,,,cet4,official_syllabus_2016,2,全国大学英语四、六级考试大纲（2016年修订版）词表；未加★为四级词。
adventure,,,,cet4,official_syllabus_2016,2,全国大学英语四、六级考试大纲（2016年修订版）词表；未加★为四级词。
adventurer,,,,cet4,official_syllabus_2016,2,全国大学英语四、六级考试大纲（2016年修订版）词表；未加★为四级词。
adventurous,,,,cet4,official_syllabus_2016,2,全国大学英语四、六级考试大纲（2016年修订版）词表；未加★为四级词。
adverb,,,,cet4,official_syllabus_2016,2,全国大学英语四、六级考试大纲（2016年修订版）词表；未加★为四级词。
adversity,,,,cet4,official_syllabus_2016,2,全国大学英语四、六级考试大纲（2016年修订版）词表；未加★为四级词。
advertise,,,,cet4,official_syllabus_2016,2,全国大学英语四、六级考试大纲（2016年修订版）词表；未加★为四级词。
advertisement/ad advertising,,,,cet4,official_syllabus_2016,2,全国大学英语四、六级考试大纲（2016年修订版）词表；未加★为四级词。
advice,,,,cet4,official_syllabus_2016,2,全国大学英语四、六级考试大纲（2016年修订版）词表；未加★为四级词。
advise,,,,cet4,official_syllabus_2016,2,全国大学英语四、六级考试大纲（2016年修订版）词表；未加★为四级词。
advisory,,,,cet4,official_syllabus_2016,2,全国大学英语四、六级考试大纲（2016年修订版）词表；未加★为四级词。
advisable,,,,cet4,official_syllabus_2016,2,全国大学英语四、六级考试大纲（2016年修订版）词表；未加★为四级词。
advocate,,,,cet4,official_syllabus_2016,2,全国大学英语四、六级考试大纲（2016年修订版）词表；未加★为四级词。
advocacy,,,,cet4,official_syllabus_2016,2,全国大学英语四、六级考试大纲（2016年修订版）词表；未加★为四级词。
aerial,,,,cet4,official_syllabus_2016,2,全国大学英语四、六级考试大纲（2016年修订版）词表；未加★为四级词。
aesthetics,,,,cet4,official_syllabus_2016,2,全国大学英语四、六级考试大纲（2016年修订版）词表；未加★为四级词。
affair,,,,cet4,official_syllabus_2016,2,全国大学英语四、六级考试大纲（2016年修订版）词表；未加★为四级词。
affect,,,,cet4,official_syllabus_2016,2,全国大学英语四、六级考试大纲（2016年修订版）词表；未加★为四级词。
affection,,,,cet4,official_syllabus_2016,2,全国大学英语四、六级考试大纲（2016年修订版）词表；未加★为四级词。
affectionate,,,,cet4,official_syllabus_2016,2,全国大学英语四、六级考试大纲（2016年修订版）词表；未加★为四级词。
affiliation,,,,cet4,official_syllabus_2016,2,全国大学英语四、六级考试大纲（2016年修订版）词表；未加★为四级词。
affirmation,,,,cet4,official_syllabus_2016,2,全国大学英语四、六级考试大纲（2016年修订版）词表；未加★为四级词。
affirmative,,,,cet4,official_syllabus_2016,2,全国大学英语四、六级考试大纲（2016年修订版）词表；未加★为四级词。
affixation,,,,cet4,official_syllabus_2016,2,全国大学英语四、六级考试大纲（2016年修订版）词表；未加★为四级词。
affluent,,,,cet4,official_syllabus_2016,2,全国大学英语四、六级考试大纲（2016年修订版）词表；未加★为四级词。
affluence,,,,cet4,official_syllabus_2016,2,全国大学英语四、六级考试大纲（2016年修订版）词表；未加★为四级词。
afford,,,,cet4,official_syllabus_2016,2,全国大学英语四、六级考试大纲（2016年修订版）词表；未加★为四级词。
affordable,,,,cet4,official_syllabus_2016,2,全国大学英语四、六级考试大纲（2016年修订版）词表；未加★为四级词。
affordability,,,,cet4,official_syllabus_2016,2,全国大学英语四、六级考试大纲（2016年修订版）词表；未加★为四级词。
afraid,,,,cet4,official_syllabus_2016,2,全国大学英语四、六级考试大纲（2016年修订版）词表；未加★为四级词。
after,,,,cet4,official_syllabus_2016,2,全国大学英语四、六级考试大纲（2016年修订版）词表；未加★为四级词。
afternoon,,,,cet4,official_syllabus_2016,2,全国大学英语四、六级考试大纲（2016年修订版）词表；未加★为四级词。
afterward(s),,,,cet4,official_syllabus_2016,2,全国大学英语四、六级考试大纲（2016年修订版）词表；未加★为四级词。
again,,,,cet4,official_syllabus_2016,2,全国大学英语四、六级考试大纲（2016年修订版）词表；未加★为四级词。
against,,,,cet4,official_syllabus_2016,2,全国大学英语四、六级考试大纲（2016年修订版）词表；未加★为四级词。
age,,,,cet4,official_syllabus_2016,2,全国大学英语四、六级考试大纲（2016年修订版）词表；未加★为四级词。
aged,,,,cet4,official_syllabus_2016,2,全国大学英语四、六级考试大纲（2016年修订版）词表；未加★为四级词。
ag(e),,,,cet4,official_syllabus_2016,2,全国大学英语四、六级考试大纲（2016年修订版）词表；未加★为四级词。
ing,,,,cet4,official_syllabus_2016,2,全国大学英语四、六级考试大纲（2016年修订版）词表；未加★为四级词。
agenda,,,,cet4,official_syllabus_2016,2,全国大学英语四、六级考试大纲（2016年修订版）词表；未加★为四级词。
agent,,,,cet4,official_syllabus_2016,2,全国大学英语四、六级考试大纲（2016年修订版）词表；未加★为四级词。
agency,,,,cet4,official_syllabus_2016,2,全国大学英语四、六级考试大纲（2016年修订版）词表；未加★为四级词。
aggravation,,,,cet4,official_syllabus_2016,2,全国大学英语四、六级考试大纲（2016年修订版）词表；未加★为四级词。
aggressive,,,,cet4,official_syllabus_2016,2,全国大学英语四、六级考试大纲（2016年修订版）词表；未加★为四级词。
aggression,,,,cet4,official_syllabus_2016,2,全国大学英语四、六级考试大纲（2016年修订版）词表；未加★为四级词。
agitation,,,,cet4,official_syllabus_2016,2,全国大学英语四、六级考试大纲（2016年修订版）词表；未加★为四级词。
ago,,,,cet4,official_syllabus_2016,2,全国大学英语四、六级考试大纲（2016年修订版）词表；未加★为四级词。
agree,,,,cet4,official_syllabus_2016,2,全国大学英语四、六级考试大纲（2016年修订版）词表；未加★为四级词。
agreement,,,,cet4,official_syllabus_2016,2,全国大学英语四、六级考试大纲（2016年修订版）词表；未加★为四级词。
agreeable,,,,cet4,official_syllabus_2016,2,全国大学英语四、六级考试大纲（2016年修订版）词表；未加★为四级词。
agriculture,,,,cet4,official_syllabus_2016,2,全国大学英语四、六级考试大纲（2016年修订版）词表；未加★为四级词。
agricultural,,,,cet4,official_syllabus_2016,2,全国大学英语四、六级考试大纲（2016年修订版）词表；未加★为四级词。
ahead,,,,cet4,official_syllabus_2016,2,全国大学英语四、六级考试大纲（2016年修订版）词表；未加★为四级词。
aid,,,,cet4,official_syllabus_2016,2,全国大学英语四、六级考试大纲（2016年修订版）词表；未加★为四级词。
AIDS,,,,cet4,official_syllabus_2016,2,全国大学英语四、六级考试大纲（2016年修订版）词表；未加★为四级词。
ailment,,,,cet4,official_syllabus_2016,2,全国大学英语四、六级考试大纲（2016年修订版）词表；未加★为四级词。
aim,,,,cet4,official_syllabus_2016,2,全国大学英语四、六级考试大纲（2016年修订版）词表；未加★为四级词。
air,,,,cet4,official_syllabus_2016,2,全国大学英语四、六级考试大纲（2016年修订版）词表；未加★为四级词。
aircraft,,,,cet4,official_syllabus_2016,2,全国大学英语四、六级考试大纲（2016年修订版）词表；未加★为四级词。
airline,,,,cet4,official_syllabus_2016,2,全国大学英语四、六级考试大纲（2016年修订版）词表；未加★为四级词。
airplane/aeroplane,,,,cet4,official_syllabus_2016,2,全国大学英语四、六级考试大纲（2016年修订版）词表；未加★为四级词。
airport,,,,cet4,official_syllabus_2016,2,全国大学英语四、六级考试大纲（2016年修订版）词表；未加★为四级词。
aisle,,,,cet4,official_syllabus_2016,2,全国大学英语四、六级考试大纲（2016年修订版）词表；未加★为四级词。
alarm,,,,cet4,official_syllabus_2016,2,全国大学英语四、六级考试大纲（2016年修订版）词表；未加★为四级词。
album,,,,cet4,official_syllabus_2016,2,全国大学英语四、六级考试大纲（2016年修订版）词表；未加★为四级词。
alcohol,,,,cet4,official_syllabus_2016,2,全国大学英语四、六级考试大纲（2016年修订版）词表；未加★为四级词。
alcoholic,,,,cet4,official_syllabus_2016,2,全国大学英语四、六级考试大纲（2016年修订版）词表；未加★为四级词。
alert,,,,cet4,official_syllabus_2016,2,全国大学英语四、六级考试大纲（2016年修订版）词表；未加★为四级词。
algebra,,,,cet4,official_syllabus_2016,2,全国大学英语四、六级考试大纲（2016年修订版）词表；未加★为四级词。
alienate,,,,cet4,official_syllabus_2016,2,全国大学英语四、六级考试大纲（2016年修订版）词表；未加★为四级词。
alienation,,,,cet4,official_syllabus_2016,2,全国大学英语四、六级考试大纲（2016年修订版）词表；未加★为四级词。
alignment,,,,cet4,official_syllabus_2016,2,全国大学英语四、六级考试大纲（2016年修订版）词表；未加★为四级词。
alike,,,,cet4,official_syllabus_2016,2,全国大学英语四、六级考试大纲（2016年修订版）词表；未加★为四级词。
alive,,,,cet4,official_syllabus_2016,2,全国大学英语四、六级考试大纲（2016年修订版）词表；未加★为四级词。
all,,,,cet4,official_syllabus_2016,2,全国大学英语四、六级考试大纲（2016年修订版）词表；未加★为四级词。
allege,,,,cet4,official_syllabus_2016,2,全国大学英语四、六级考试大纲（2016年修订版）词表；未加★为四级词。
allegation,,,,cet4,official_syllabus_2016,2,全国大学英语四、六级考试大纲（2016年修订版）词表；未加★为四级词。
alleged,,,,cet4,official_syllabus_2016,2,全国大学英语四、六级考试大纲（2016年修订版）词表；未加★为四级词。
allegedly,,,,cet4,official_syllabus_2016,2,全国大学英语四、六级考试大纲（2016年修订版）词表；未加★为四级词。
allergy,,,,cet4,official_syllabus_2016,2,全国大学英语四、六级考试大纲（2016年修订版）词表；未加★为四级词。
alleviation,,,,cet4,official_syllabus_2016,2,全国大学英语四、六级考试大纲（2016年修订版）词表；未加★为四级词。
alley,,,,cet4,official_syllabus_2016,2,全国大学英语四、六级考试大纲（2016年修订版）词表；未加★为四级词。
allocation,,,,cet4,official_syllabus_2016,2,全国大学英语四、六级考试大纲（2016年修订版）词表；未加★为四级词。
allotment,,,,cet4,official_syllabus_2016,2,全国大学英语四、六级考试大纲（2016年修订版）词表；未加★为四级词。
allow,,,,cet4,official_syllabus_2016,2,全国大学英语四、六级考试大纲（2016年修订版）词表；未加★为四级词。
allowance,,,,cet4,official_syllabus_2016,2,全国大学英语四、六级考试大纲（2016年修订版）词表；未加★为四级词。
allusion,,,,cet4,official_syllabus_2016,2,全国大学英语四、六级考试大纲（2016年修订版）词表；未加★为四级词。
allurement,,,,cet4,official_syllabus_2016,2,全国大学英语四、六级考试大纲（2016年修订版）词表；未加★为四级词。
ally,,,,cet4,official_syllabus_2016,2,全国大学英语四、六级考试大纲（2016年修订版）词表；未加★为四级词。
alliance,,,,cet4,official_syllabus_2016,2,全国大学英语四、六级考试大纲（2016年修订版）词表；未加★为四级词。
almost,,,,cet4,official_syllabus_2016,2,全国大学英语四、六级考试大纲（2016年修订版）词表；未加★为四级词。
alone,,,,cet4,official_syllabus_2016,2,全国大学英语四、六级考试大纲（2016年修订版）词表；未加★为四级词。
along,,,,cet4,official_syllabus_2016,2,全国大学英语四、六级考试大纲（2016年修订版）词表；未加★为四级词。
alongside,,,,cet4,official_syllabus_2016,2,全国大学英语四、六级考试大纲（2016年修订版）词表；未加★为四级词。
aloud,,,,cet4,official_syllabus_2016,2,全国大学英语四、六级考试大纲（2016年修订版）词表；未加★为四级词。
alphabet,,,,cet4,official_syllabus_2016,2,全国大学英语四、六级考试大纲（2016年修订版）词表；未加★为四级词。
alphabetic(al),,,,cet4,official_syllabus_2016,2,全国大学英语四、六级考试大纲（2016年修订版）词表；未加★为四级词。
already,,,,cet4,official_syllabus_2016,2,全国大学英语四、六级考试大纲（2016年修订版）词表；未加★为四级词。
also,,,,cet4,official_syllabus_2016,2,全国大学英语四、六级考试大纲（2016年修订版）词表；未加★为四级词。
alter,,,,cet4,official_syllabus_2016,2,全国大学英语四、六级考试大纲（2016年修订版）词表；未加★为四级词。
alteration,,,,cet4,official_syllabus_2016,2,全国大学英语四、六级考试大纲（2016年修订版）词表；未加★为四级词。
alternation,,,,cet4,official_syllabus_2016,2,全国大学英语四、六级考试大纲（2016年修订版）词表；未加★为四级词。
alternately,,,,cet4,official_syllabus_2016,2,全国大学英语四、六级考试大纲（2016年修订版）词表；未加★为四级词。
alternative,,,,cet4,official_syllabus_2016,2,全国大学英语四、六级考试大纲（2016年修订版）词表；未加★为四级词。
although,,,,cet4,official_syllabus_2016,2,全国大学英语四、六级考试大纲（2016年修订版）词表；未加★为四级词。
altitude,,,,cet4,official_syllabus_2016,2,全国大学英语四、六级考试大纲（2016年修订版）词表；未加★为四级词。
altogether,,,,cet4,official_syllabus_2016,2,全国大学英语四、六级考试大纲（2016年修订版）词表；未加★为四级词。
alumin(i)um,,,,cet4,official_syllabus_2016,2,全国大学英语四、六级考试大纲（2016年修订版）词表；未加★为四级词。
always,,,,cet4,official_syllabus_2016,2,全国大学英语四、六级考试大纲（2016年修订版）词表；未加★为四级词。
am,,,,cet4,official_syllabus_2016,2,全国大学英语四、六级考试大纲（2016年修订版）词表；未加★为四级词。
amateur,,,,cet4,official_syllabus_2016,2,全国大学英语四、六级考试大纲（2016年修订版）词表；未加★为四级词。
amaze,,,,cet4,official_syllabus_2016,2,全国大学英语四、六级考试大纲（2016年修订版）词表；未加★为四级词。
amazing,,,,cet4,official_syllabus_2016,2,全国大学英语四、六级考试大纲（2016年修订版）词表；未加★为四级词。
amazement,,,,cet4,official_syllabus_2016,2,全国大学英语四、六级考试大纲（2016年修订版）词表；未加★为四级词。
ambassador,,,,cet4,official_syllabus_2016,2,全国大学英语四、六级考试大纲（2016年修订版）词表；未加★为四级词。
ambiguity,,,,cet4,official_syllabus_2016,2,全国大学英语四、六级考试大纲（2016年修订版）词表；未加★为四级词。
ambition,,,,cet4,official_syllabus_2016,2,全国大学英语四、六级考试大纲（2016年修订版）词表；未加★为四级词。
ambitious,,,,cet4,official_syllabus_2016,2,全国大学英语四、六级考试大纲（2016年修订版）词表；未加★为四级词。
ambulance,,,,cet4,official_syllabus_2016,2,全国大学英语四、六级考试大纲（2016年修订版）词表；未加★为四级词。
amendment,,,,cet4,official_syllabus_2016,2,全国大学英语四、六级考试大纲（2016年修订版）词表；未加★为四级词。
amid(st),,,,cet4,official_syllabus_2016,2,全国大学英语四、六级考试大纲（2016年修订版）词表；未加★为四级词。
among(st),,,,cet4,official_syllabus_2016,2,全国大学英语四、六级考试大纲（2016年修订版）词表；未加★为四级词。
amount,,,,cet4,official_syllabus_2016,2,全国大学英语四、六级考试大纲（2016年修订版）词表；未加★为四级词。
ample,,,,cet4,official_syllabus_2016,2,全国大学英语四、六级考试大纲（2016年修订版）词表；未加★为四级词。
amplification,,,,cet4,official_syllabus_2016,2,全国大学英语四、六级考试大纲（2016年修订版）词表；未加★为四级词。
amuse,,,,cet4,official_syllabus_2016,2,全国大学英语四、六级考试大纲（2016年修订版）词表；未加★为四级词。
amusing,,,,cet4,official_syllabus_2016,2,全国大学英语四、六级考试大纲（2016年修订版）词表；未加★为四级词。
amusement,,,,cet4,official_syllabus_2016,2,全国大学英语四、六级考试大纲（2016年修订版）词表；未加★为四级词。
analogous,,,,cet4,official_syllabus_2016,2,全国大学英语四、六级考试大纲（2016年修订版）词表；未加★为四级词。
analysis,,,,cet4,official_syllabus_2016,2,全国大学英语四、六级考试大纲（2016年修订版）词表；未加★为四级词。
analytic(al),,,,cet4,official_syllabus_2016,2,全国大学英语四、六级考试大纲（2016年修订版）词表；未加★为四级词。
analyst,,,,cet4,official_syllabus_2016,2,全国大学英语四、六级考试大纲（2016年修订版）词表；未加★为四级词。
ancestor,,,,cet4,official_syllabus_2016,2,全国大学英语四、六级考试大纲（2016年修订版）词表；未加★为四级词。
ancestry,,,,cet4,official_syllabus_2016,2,全国大学英语四、六级考试大纲（2016年修订版）词表；未加★为四级词。
anchor,,,,cet4,official_syllabus_2016,2,全国大学英语四、六级考试大纲（2016年修订版）词表；未加★为四级词。
anchorage,,,,cet4,official_syllabus_2016,2,全国大学英语四、六级考试大纲（2016年修订版）词表；未加★为四级词。
ancient,,,,cet4,official_syllabus_2016,2,全国大学英语四、六级考试大纲（2016年修订版）词表；未加★为四级词。
and,,,,cet4,official_syllabus_2016,2,全国大学英语四、六级考试大纲（2016年修订版）词表；未加★为四级词。
anecdotal,,,,cet4,official_syllabus_2016,2,全国大学英语四、六级考试大纲（2016年修订版）词表；未加★为四级词。
anew,,,,cet4,official_syllabus_2016,2,全国大学英语四、六级考试大纲（2016年修订版）词表；未加★为四级词。
angel,,,,cet4,official_syllabus_2016,2,全国大学英语四、六级考试大纲（2016年修订版）词表；未加★为四级词。
angle,,,,cet4,official_syllabus_2016,2,全国大学英语四、六级考试大纲（2016年修订版）词表；未加★为四级词。
angry,,,,cet4,official_syllabus_2016,2,全国大学英语四、六级考试大纲（2016年修订版）词表；未加★为四级词。
anger,,,,cet4,official_syllabus_2016,2,全国大学英语四、六级考试大纲（2016年修订版）词表；未加★为四级词。
animal,,,,cet4,official_syllabus_2016,2,全国大学英语四、六级考试大纲（2016年修订版）词表；未加★为四级词。
animated,,,,cet4,official_syllabus_2016,2,全国大学英语四、六级考试大纲（2016年修订版）词表；未加★为四级词。
animation,,,,cet4,official_syllabus_2016,2,全国大学英语四、六级考试大纲（2016年修订版）词表；未加★为四级词。
ankle,,,,cet4,official_syllabus_2016,2,全国大学英语四、六级考试大纲（2016年修订版）词表；未加★为四级词。
annexation,,,,cet4,official_syllabus_2016,2,全国大学英语四、六级考试大纲（2016年修订版）词表；未加★为四级词。
anniversary,,,,cet4,official_syllabus_2016,2,全国大学英语四、六级考试大纲（2016年修订版）词表；未加★为四级词。
announce,,,,cet4,official_syllabus_2016,2,全国大学英语四、六级考试大纲（2016年修订版）词表；未加★为四级词。
announcement,,,,cet4,official_syllabus_2016,2,全国大学英语四、六级考试大纲（2016年修订版）词表；未加★为四级词。
annoy,,,,cet4,official_syllabus_2016,2,全国大学英语四、六级考试大纲（2016年修订版）词表；未加★为四级词。
annoyance,,,,cet4,official_syllabus_2016,2,全国大学英语四、六级考试大纲（2016年修订版）词表；未加★为四级词。
annual,,,,cet4,official_syllabus_2016,2,全国大学英语四、六级考试大纲（2016年修订版）词表；未加★为四级词。
anonymity,,,,cet4,official_syllabus_2016,2,全国大学英语四、六级考试大纲（2016年修订版）词表；未加★为四级词。
another,,,,cet4,official_syllabus_2016,2,全国大学英语四、六级考试大纲（2016年修订版）词表；未加★为四级词。
answer,,,,cet4,official_syllabus_2016,2,全国大学英语四、六级考试大纲（2016年修订版）词表；未加★为四级词。
ant,,,,cet4,official_syllabus_2016,2,全国大学英语四、六级考试大纲（2016年修订版）词表；未加★为四级词。
antagonist,,,,cet4,official_syllabus_2016,2,全国大学英语四、六级考试大纲（2016年修订版）词表；未加★为四级词。
antagonistic,,,,cet4,official_syllabus_2016,2,全国大学英语四、六级考试大纲（2016年修订版）词表；未加★为四级词。
antagonistically,,,,cet4,official_syllabus_2016,2,全国大学英语四、六级考试大纲（2016年修订版）词表；未加★为四级词。
anticipate,,,,cet4,official_syllabus_2016,2,全国大学英语四、六级考试大纲（2016年修订版）词表；未加★为四级词。
anticipation,,,,cet4,official_syllabus_2016,2,全国大学英语四、六级考试大纲（2016年修订版）词表；未加★为四级词。
antique,,,,cet4,official_syllabus_2016,2,全国大学英语四、六级考试大纲（2016年修订版）词表；未加★为四级词。
anxious,,,,cet4,official_syllabus_2016,2,全国大学英语四、六级考试大纲（2016年修订版）词表；未加★为四级词。
anxiety,,,,cet4,official_syllabus_2016,2,全国大学英语四、六级考试大纲（2016年修订版）词表；未加★为四级词。
any,,,,cet4,official_syllabus_2016,2,全国大学英语四、六级考试大纲（2016年修订版）词表；未加★为四级词。
anybody/anyone,,,,cet4,official_syllabus_2016,2,全国大学英语四、六级考试大纲（2016年修订版）词表；未加★为四级词。
anyhow,,,,cet4,official_syllabus_2016,2,全国大学英语四、六级考试大纲（2016年修订版）词表；未加★为四级词。
anything,,,,cet4,official_syllabus_2016,2,全国大学英语四、六级考试大纲（2016年修订版）词表；未加★为四级词。
anyway,,,,cet4,official_syllabus_2016,2,全国大学英语四、六级考试大纲（2016年修订版）词表；未加★为四级词。
anywhere,,,,cet4,official_syllabus_2016,2,全国大学英语四、六级考试大纲（2016年修订版）词表；未加★为四级词。
apart,,,,cet4,official_syllabus_2016,2,全国大学英语四、六级考试大纲（2016年修订版）词表；未加★为四级词。
apartment/apt．,,,,cet4,official_syllabus_2016,2,全国大学英语四、六级考试大纲（2016年修订版）词表；未加★为四级词。
apology,,,,cet4,official_syllabus_2016,2,全国大学英语四、六级考试大纲（2016年修订版）词表；未加★为四级词。
apologetic,,,,cet4,official_syllabus_2016,2,全国大学英语四、六级考试大纲（2016年修订版）词表；未加★为四级词。
app,,,,cet4,official_syllabus_2016,2,全国大学英语四、六级考试大纲（2016年修订版）词表；未加★为四级词。
appalling,,,,cet4,official_syllabus_2016,2,全国大学英语四、六级考试大纲（2016年修订版）词表；未加★为四级词。
apparatus,,,,cet4,official_syllabus_2016,2,全国大学英语四、六级考试大纲（2016年修订版）词表；未加★为四级词。
apparent,,,,cet4,official_syllabus_2016,2,全国大学英语四、六级考试大纲（2016年修订版）词表；未加★为四级词。
apparently,,,,cet4,official_syllabus_2016,2,全国大学英语四、六级考试大纲（2016年修订版）词表；未加★为四级词。
appeal,,,,cet4,official_syllabus_2016,2,全国大学英语四、六级考试大纲（2016年修订版）词表；未加★为四级词。
appealing,,,,cet4,official_syllabus_2016,2,全国大学英语四、六级考试大纲（2016年修订版）词表；未加★为四级词。
appear,,,,cet4,official_syllabus_2016,2,全国大学英语四、六级考试大纲（2016年修订版）词表；未加★为四级词。
appearance,,,,cet4,official_syllabus_2016,2,全国大学英语四、六级考试大纲（2016年修订版）词表；未加★为四级词。
appeasement,,,,cet4,official_syllabus_2016,2,全国大学英语四、六级考试大纲（2016年修订版）词表；未加★为四级词。
appetite,,,,cet4,official_syllabus_2016,2,全国大学英语四、六级考试大纲（2016年修订版）词表；未加★为四级词。
applaud,,,,cet4,official_syllabus_2016,2,全国大学英语四、六级考试大纲（2016年修订版）词表；未加★为四级词。
applause,,,,cet4,official_syllabus_2016,2,全国大学英语四、六级考试大纲（2016年修订版）词表；未加★为四级词。
apple,,,,cet4,official_syllabus_2016,2,全国大学英语四、六级考试大纲（2016年修订版）词表；未加★为四级词。
appliance,,,,cet4,official_syllabus_2016,2,全国大学英语四、六级考试大纲（2016年修订版）词表；未加★为四级词。
apply,,,,cet4,official_syllabus_2016,2,全国大学英语四、六级考试大纲（2016年修订版）词表；未加★为四级词。
application,,,,cet4,official_syllabus_2016,2,全国大学英语四、六级考试大纲（2016年修订版）词表；未加★为四级词。
applicant,,,,cet4,official_syllabus_2016,2,全国大学英语四、六级考试大纲（2016年修订版）词表；未加★为四级词。
applicable,,,,cet4,official_syllabus_2016,2,全国大学英语四、六级考试大纲（2016年修订版）词表；未加★为四级词。
appoint,,,,cet4,official_syllabus_2016,2,全国大学英语四、六级考试大纲（2016年修订版）词表；未加★为四级词。
appointment,,,,cet4,official_syllabus_2016,2,全国大学英语四、六级考试大纲（2016年修订版）词表；未加★为四级词。
appraisal,,,,cet4,official_syllabus_2016,2,全国大学英语四、六级考试大纲（2016年修订版）词表；未加★为四级词。
appreciate,,,,cet4,official_syllabus_2016,2,全国大学英语四、六级考试大纲（2016年修订版）词表；未加★为四级词。
appreciation,,,,cet4,official_syllabus_2016,2,全国大学英语四、六级考试大纲（2016年修订版）词表；未加★为四级词。
appreciative,,,,cet4,official_syllabus_2016,2,全国大学英语四、六级考试大纲（2016年修订版）词表；未加★为四级词。
approach,,,,cet4,official_syllabus_2016,2,全国大学英语四、六级考试大纲（2016年修订版）词表；未加★为四级词。
appropriate,,,,cet4,official_syllabus_2016,2,全国大学英语四、六级考试大纲（2016年修订版）词表；未加★为四级词。
appropriation,,,,cet4,official_syllabus_2016,2,全国大学英语四、六级考试大纲（2016年修订版）词表；未加★为四级词。
approve,,,,cet4,official_syllabus_2016,2,全国大学英语四、六级考试大纲（2016年修订版）词表；未加★为四级词。
approval,,,,cet4,official_syllabus_2016,2,全国大学英语四、六级考试大纲（2016年修订版）词表；未加★为四级词。
approximate,,,,cet4,official_syllabus_2016,2,全国大学英语四、六级考试大纲（2016年修订版）词表；未加★为四级词。
approximately,,,,cet4,official_syllabus_2016,2,全国大学英语四、六级考试大纲（2016年修订版）词表；未加★为四级词。
approximation,,,,cet4,official_syllabus_2016,2,全国大学英语四、六级考试大纲（2016年修订版）词表；未加★为四级词。
April,,,,cet4,official_syllabus_2016,2,全国大学英语四、六级考试大纲（2016年修订版）词表；未加★为四级词。
aptly,,,,cet4,official_syllabus_2016,2,全国大学英语四、六级考试大纲（2016年修订版）词表；未加★为四级词。
aptitude,,,,cet4,official_syllabus_2016,2,全国大学英语四、六级考试大纲（2016年修订版）词表；未加★为四级词。
arbitrary,,,,cet4,official_syllabus_2016,2,全国大学英语四、六级考试大纲（2016年修订版）词表；未加★为四级词。
arbitrarily,,,,cet4,official_syllabus_2016,2,全国大学英语四、六级考试大纲（2016年修订版）词表；未加★为四级词。
arbitration,,,,cet4,official_syllabus_2016,2,全国大学英语四、六级考试大纲（2016年修订版）词表；未加★为四级词。
architect,,,,cet4,official_syllabus_2016,2,全国大学英语四、六级考试大纲（2016年修订版）词表；未加★为四级词。
architecture,,,,cet4,official_syllabus_2016,2,全国大学英语四、六级考试大纲（2016年修订版）词表；未加★为四级词。
area,,,,cet4,official_syllabus_2016,2,全国大学英语四、六级考试大纲（2016年修订版）词表；未加★为四级词。
argue,,,,cet4,official_syllabus_2016,2,全国大学英语四、六级考试大纲（2016年修订版）词表；未加★为四级词。
argument,,,,cet4,official_syllabus_2016,2,全国大学英语四、六级考试大纲（2016年修订版）词表；未加★为四级词。
argumentation,,,,cet4,official_syllabus_2016,2,全国大学英语四、六级考试大纲（2016年修订版）词表；未加★为四级词。
argumentative,,,,cet4,official_syllabus_2016,2,全国大学英语四、六级考试大纲（2016年修订版）词表；未加★为四级词。
arguable,,,,cet4,official_syllabus_2016,2,全国大学英语四、六级考试大纲（2016年修订版）词表；未加★为四级词。
arise,,,,cet4,official_syllabus_2016,2,全国大学英语四、六级考试大纲（2016年修订版）词表；未加★为四级词。
aristocratic,,,,cet4,official_syllabus_2016,2,全国大学英语四、六级考试大纲（2016年修订版）词表；未加★为四级词。
aristocracy,,,,cet4,official_syllabus_2016,2,全国大学英语四、六级考试大纲（2016年修订版）词表；未加★为四级词。
arithmetic,,,,cet4,official_syllabus_2016,2,全国大学英语四、六级考试大纲（2016年修订版）词表；未加★为四级词。
arm,,,,cet4,official_syllabus_2016,2,全国大学英语四、六级考试大纲（2016年修订版）词表；未加★为四级词。
armament,,,,cet4,official_syllabus_2016,2,全国大学英语四、六级考试大纲（2016年修订版）词表；未加★为四级词。
army,,,,cet4,official_syllabus_2016,2,全国大学英语四、六级考试大纲（2016年修订版）词表；未加★为四级词。
around,,,,cet4,official_syllabus_2016,2,全国大学英语四、六级考试大纲（2016年修订版）词表；未加★为四级词。
arouse,,,,cet4,official_syllabus_2016,2,全国大学英语四、六级考试大纲（2016年修订版）词表；未加★为四级词。
arousal,,,,cet4,official_syllabus_2016,2,全国大学英语四、六级考试大纲（2016年修订版）词表；未加★为四级词。
arrange,,,,cet4,official_syllabus_2016,2,全国大学英语四、六级考试大纲（2016年修订版）词表；未加★为四级词。
arrangement,,,,cet4,official_syllabus_2016,2,全国大学英语四、六级考试大纲（2016年修订版）词表；未加★为四级词。
arrest,,,,cet4,official_syllabus_2016,2,全国大学英语四、六级考试大纲（2016年修订版）词表；未加★为四级词。
arrive,,,,cet4,official_syllabus_2016,2,全国大学英语四、六级考试大纲（2016年修订版）词表；未加★为四级词。
arrival,,,,cet4,official_syllabus_2016,2,全国大学英语四、六级考试大纲（2016年修订版）词表；未加★为四级词。
arrogance,,,,cet4,official_syllabus_2016,2,全国大学英语四、六级考试大纲（2016年修订版）词表；未加★为四级词。
arrow,,,,cet4,official_syllabus_2016,2,全国大学英语四、六级考试大纲（2016年修订版）词表；未加★为四级词。
art,,,,cet4,official_syllabus_2016,2,全国大学英语四、六级考试大纲（2016年修订版）词表；未加★为四级词。
artist,,,,cet4,official_syllabus_2016,2,全国大学英语四、六级考试大纲（2016年修订版）词表；未加★为四级词。
artistic,,,,cet4,official_syllabus_2016,2,全国大学英语四、六级考试大纲（2016年修订版）词表；未加★为四级词。
artistically,,,,cet4,official_syllabus_2016,2,全国大学英语四、六级考试大纲（2016年修订版）词表；未加★为四级词。
article,,,,cet4,official_syllabus_2016,2,全国大学英语四、六级考试大纲（2016年修订版）词表；未加★为四级词。
articulation,,,,cet4,official_syllabus_2016,2,全国大学英语四、六级考试大纲（2016年修订版）词表；未加★为四级词。
artificial,,,,cet4,official_syllabus_2016,2,全国大学英语四、六级考试大纲（2016年修订版）词表；未加★为四级词。
as,,,,cet4,official_syllabus_2016,2,全国大学英语四、六级考试大纲（2016年修订版）词表；未加★为四级词。
ascendance,,,,cet4,official_syllabus_2016,2,全国大学英语四、六级考试大纲（2016年修订版）词表；未加★为四级词。
ash,,,,cet4,official_syllabus_2016,2,全国大学英语四、六级考试大纲（2016年修订版）词表；未加★为四级词。
ashamed,,,,cet4,official_syllabus_2016,2,全国大学英语四、六级考试大纲（2016年修订版）词表；未加★为四级词。
ashore,,,,cet4,official_syllabus_2016,2,全国大学英语四、六级考试大纲（2016年修订版）词表；未加★为四级词。
aside,,,,cet4,official_syllabus_2016,2,全国大学英语四、六级考试大纲（2016年修订版）词表；未加★为四级词。
ask,,,,cet4,official_syllabus_2016,2,全国大学英语四、六级考试大纲（2016年修订版）词表；未加★为四级词。
asleep,,,,cet4,official_syllabus_2016,2,全国大学英语四、六级考试大纲（2016年修订版）词表；未加★为四级词。
aspect,,,,cet4,official_syllabus_2016,2,全国大学英语四、六级考试大纲（2016年修订版）词表；未加★为四级词。
aspiration,,,,cet4,official_syllabus_2016,2,全国大学英语四、六级考试大纲（2016年修订版）词表；未加★为四级词。
ass,,,,cet4,official_syllabus_2016,2,全国大学英语四、六级考试大纲（2016年修订版）词表；未加★为四级词。
assassination,,,,cet4,official_syllabus_2016,2,全国大学英语四、六级考试大纲（2016年修订版）词表；未加★为四级词。
assassin,,,,cet4,official_syllabus_2016,2,全国大学英语四、六级考试大纲（2016年修订版）词表；未加★为四级词。
assemble,,,,cet4,official_syllabus_2016,2,全国大学英语四、六级考试大纲（2016年修订版）词表；未加★为四级词。
assembly,,,,cet4,official_syllabus_2016,2,全国大学英语四、六级考试大纲（2016年修订版）词表；未加★为四级词。
assertion,,,,cet4,official_syllabus_2016,2,全国大学英语四、六级考试大纲（2016年修订版）词表；未加★为四级词。
assertive,,,,cet4,official_syllabus_2016,2,全国大学英语四、六级考试大纲（2016年修订版）词表；未加★为四级词。
assess,,,,cet4,official_syllabus_2016,2,全国大学英语四、六级考试大纲（2016年修订版）词表；未加★为四级词。
assessment,,,,cet4,official_syllabus_2016,2,全国大学英语四、六级考试大纲（2016年修订版）词表；未加★为四级词。
asset,,,,cet4,official_syllabus_2016,2,全国大学英语四、六级考试大纲（2016年修订版）词表；未加★为四级词。
assign,,,,cet4,official_syllabus_2016,2,全国大学英语四、六级考试大纲（2016年修订版）词表；未加★为四级词。
assignment,,,,cet4,official_syllabus_2016,2,全国大学英语四、六级考试大纲（2016年修订版）词表；未加★为四级词。
assimilation,,,,cet4,official_syllabus_2016,2,全国大学英语四、六级考试大纲（2016年修订版）词表；未加★为四级词。
assist,,,,cet4,official_syllabus_2016,2,全国大学英语四、六级考试大纲（2016年修订版）词表；未加★为四级词。
assistance,,,,cet4,official_syllabus_2016,2,全国大学英语四、六级考试大纲（2016年修订版）词表；未加★为四级词。
assistant,,,,cet4,official_syllabus_2016,2,全国大学英语四、六级考试大纲（2016年修订版）词表；未加★为四级词。
associate,,,,cet4,official_syllabus_2016,2,全国大学英语四、六级考试大纲（2016年修订版）词表；未加★为四级词。
association,,,,cet4,official_syllabus_2016,2,全国大学英语四、六级考试大纲（2016年修订版）词表；未加★为四级词。
assume,,,,cet4,official_syllabus_2016,2,全国大学英语四、六级考试大纲（2016年修订版）词表；未加★为四级词。
assumption,,,,cet4,official_syllabus_2016,2,全国大学英语四、六级考试大纲（2016年修订版）词表；未加★为四级词。
assure,,,,cet4,official_syllabus_2016,2,全国大学英语四、六级考试大纲（2016年修订版）词表；未加★为四级词。
assurance,,,,cet4,official_syllabus_2016,2,全国大学英语四、六级考试大纲（2016年修订版）词表；未加★为四级词。
astonish,,,,cet4,official_syllabus_2016,2,全国大学英语四、六级考试大纲（2016年修订版）词表；未加★为四级词。
astonishment,,,,cet4,official_syllabus_2016,2,全国大学英语四、六级考试大纲（2016年修订版）词表；未加★为四级词。
astronaut,,,,cet4,official_syllabus_2016,2,全国大学英语四、六级考试大纲（2016年修订版）词表；未加★为四级词。
astronomy,,,,cet4,official_syllabus_2016,2,全国大学英语四、六级考试大纲（2016年修订版）词表；未加★为四级词。
astronomer,,,,cet4,official_syllabus_2016,2,全国大学英语四、六级考试大纲（2016年修订版）词表；未加★为四级词。
astronomical,,,,cet4,official_syllabus_2016,2,全国大学英语四、六级考试大纲（2016年修订版）词表；未加★为四级词。
at,,,,cet4,official_syllabus_2016,2,全国大学英语四、六级考试大纲（2016年修订版）词表；未加★为四级词。
athlete,,,,cet4,official_syllabus_2016,2,全国大学英语四、六级考试大纲（2016年修订版）词表；未加★为四级词。
athletic,,,,cet4,official_syllabus_2016,2,全国大学英语四、六级考试大纲（2016年修订版）词表；未加★为四级词。
atmosphere,,,,cet4,official_syllabus_2016,2,全国大学英语四、六级考试大纲（2016年修订版）词表；未加★为四级词。
atmospheric,,,,cet4,official_syllabus_2016,2,全国大学英语四、六级考试大纲（2016年修订版）词表；未加★为四级词。
atom,,,,cet4,official_syllabus_2016,2,全国大学英语四、六级考试大纲（2016年修订版）词表；未加★为四级词。
atomic,,,,cet4,official_syllabus_2016,2,全国大学英语四、六级考试大纲（2016年修订版）词表；未加★为四级词。
atop,,,,cet4,official_syllabus_2016,2,全国大学英语四、六级考试大纲（2016年修订版）词表；未加★为四级词。
atrocious,,,,cet4,official_syllabus_2016,2,全国大学英语四、六级考试大纲（2016年修订版）词表；未加★为四级词。
attach,,,,cet4,official_syllabus_2016,2,全国大学英语四、六级考试大纲（2016年修订版）词表；未加★为四级词。
attachment,,,,cet4,official_syllabus_2016,2,全国大学英语四、六级考试大纲（2016年修订版）词表；未加★为四级词。
attack,,,,cet4,official_syllabus_2016,2,全国大学英语四、六级考试大纲（2016年修订版）词表；未加★为四级词。
attain,,,,cet4,official_syllabus_2016,2,全国大学英语四、六级考试大纲（2016年修订版）词表；未加★为四级词。
attainment,,,,cet4,official_syllabus_2016,2,全国大学英语四、六级考试大纲（2016年修订版）词表；未加★为四级词。
attempt,,,,cet4,official_syllabus_2016,2,全国大学英语四、六级考试大纲（2016年修订版）词表；未加★为四级词。
attend,,,,cet4,official_syllabus_2016,2,全国大学英语四、六级考试大纲（2016年修订版）词表；未加★为四级词。
attendance,,,,cet4,official_syllabus_2016,2,全国大学英语四、六级考试大纲（2016年修订版）词表；未加★为四级词。
attendant,,,,cet4,official_syllabus_2016,2,全国大学英语四、六级考试大纲（2016年修订版）词表；未加★为四级词。
attention,,,,cet4,official_syllabus_2016,2,全国大学英语四、六级考试大纲（2016年修订版）词表；未加★为四级词。
attentive,,,,cet4,official_syllabus_2016,2,全国大学英语四、六级考试大纲（2016年修订版）词表；未加★为四级词。
attic,,,,cet4,official_syllabus_2016,2,全国大学英语四、六级考试大纲（2016年修订版）词表；未加★为四级词。
attitude,,,,cet4,official_syllabus_2016,2,全国大学英语四、六级考试大纲（2016年修订版）词表；未加★为四级词。
attorney,,,,cet4,official_syllabus_2016,2,全国大学英语四、六级考试大纲（2016年修订版）词表；未加★为四级词。
attract,,,,cet4,official_syllabus_2016,2,全国大学英语四、六级考试大纲（2016年修订版）词表；未加★为四级词。
attraction,,,,cet4,official_syllabus_2016,2,全国大学英语四、六级考试大纲（2016年修订版）词表；未加★为四级词。
attractive,,,,cet4,official_syllabus_2016,2,全国大学英语四、六级考试大纲（2016年修订版）词表；未加★为四级词。
attribute,,,,cet4,official_syllabus_2016,2,全国大学英语四、六级考试大纲（2016年修订版）词表；未加★为四级词。
attributable,,,,cet4,official_syllabus_2016,2,全国大学英语四、六级考试大纲（2016年修订版）词表；未加★为四级词。
attributive,,,,cet4,official_syllabus_2016,2,全国大学英语四、六级考试大纲（2016年修订版）词表；未加★为四级词。
auctioneer,,,,cet4,official_syllabus_2016,2,全国大学英语四、六级考试大纲（2016年修订版）词表；未加★为四级词。
audience,,,,cet4,official_syllabus_2016,2,全国大学英语四、六级考试大纲（2016年修订版）词表；未加★为四级词。
audio,,,,cet4,official_syllabus_2016,2,全国大学英语四、六级考试大纲（2016年修订版）词表；未加★为四级词。
auditing,,,,cet4,official_syllabus_2016,2,全国大学英语四、六级考试大纲（2016年修订版）词表；未加★为四级词。
auditor,,,,cet4,official_syllabus_2016,2,全国大学英语四、六级考试大纲（2016年修订版）词表；未加★为四级词。
auditorium,,,,cet4,official_syllabus_2016,2,全国大学英语四、六级考试大纲（2016年修订版）词表；未加★为四级词。
augmentation,,,,cet4,official_syllabus_2016,2,全国大学英语四、六级考试大纲（2016年修订版）词表；未加★为四级词。
August,,,,cet4,official_syllabus_2016,2,全国大学英语四、六级考试大纲（2016年修订版）词表；未加★为四级词。
aunt,,,,cet4,official_syllabus_2016,2,全国大学英语四、六级考试大纲（2016年修订版）词表；未加★为四级词。
auntie,,,,cet4,official_syllabus_2016,2,全国大学英语四、六级考试大纲（2016年修订版）词表；未加★为四级词。
authentic,,,,cet4,official_syllabus_2016,2,全国大学英语四、六级考试大纲（2016年修订版）词表；未加★为四级词。
authenticity,,,,cet4,official_syllabus_2016,2,全国大学英语四、六级考试大纲（2016年修订版）词表；未加★为四级词。
author,,,,cet4,official_syllabus_2016,2,全国大学英语四、六级考试大纲（2016年修订版）词表；未加★为四级词。
authority,,,,cet4,official_syllabus_2016,2,全国大学英语四、六级考试大纲（2016年修订版）词表；未加★为四级词。
authoritative,,,,cet4,official_syllabus_2016,2,全国大学英语四、六级考试大纲（2016年修订版）词表；未加★为四级词。
auto(mobile),,,,cet4,official_syllabus_2016,2,全国大学英语四、六级考试大纲（2016年修订版）词表；未加★为四级词。
autobiographic(al),,,,cet4,official_syllabus_2016,2,全国大学英语四、六级考试大纲（2016年修订版）词表；未加★为四级词。
automate,,,,cet4,official_syllabus_2016,2,全国大学英语四、六级考试大纲（2016年修订版）词表；未加★为四级词。
automation,,,,cet4,official_syllabus_2016,2,全国大学英语四、六级考试大纲（2016年修订版）词表；未加★为四级词。
automatic,,,,cet4,official_syllabus_2016,2,全国大学英语四、六级考试大纲（2016年修订版）词表；未加★为四级词。
automatically,,,,cet4,official_syllabus_2016,2,全国大学英语四、六级考试大纲（2016年修订版）词表；未加★为四级词。
autonomy,,,,cet4,official_syllabus_2016,2,全国大学英语四、六级考试大纲（2016年修订版）词表；未加★为四级词。
autumn,,,,cet4,official_syllabus_2016,2,全国大学英语四、六级考试大纲（2016年修订版）词表；未加★为四级词。
available,,,,cet4,official_syllabus_2016,2,全国大学英语四、六级考试大纲（2016年修订版）词表；未加★为四级词。
availability,,,,cet4,official_syllabus_2016,2,全国大学英语四、六级考试大纲（2016年修订版）词表；未加★为四级词。
avenue,,,,cet4,official_syllabus_2016,2,全国大学英语四、六级考试大纲（2016年修订版）词表；未加★为四级词。
average,,,,cet4,official_syllabus_2016,2,全国大学英语四、六级考试大纲（2016年修订版）词表；未加★为四级词。
aversion,,,,cet4,official_syllabus_2016,2,全国大学英语四、六级考试大纲（2016年修订版）词表；未加★为四级词。
aviation,,,,cet4,official_syllabus_2016,2,全国大学英语四、六级考试大纲（2016年修订版）词表；未加★为四级词。
avoid,,,,cet4,official_syllabus_2016,2,全国大学英语四、六级考试大纲（2016年修订版）词表；未加★为四级词。
avoidance,,,,cet4,official_syllabus_2016,2,全国大学英语四、六级考试大纲（2016年修订版）词表；未加★为四级词。
await,,,,cet4,official_syllabus_2016,2,全国大学英语四、六级考试大纲（2016年修订版）词表；未加★为四级词。
awake,,,,cet4,official_syllabus_2016,2,全国大学英语四、六级考试大纲（2016年修订版）词表；未加★为四级词。
award,,,,cet4,official_syllabus_2016,2,全国大学英语四、六级考试大纲（2016年修订版）词表；未加★为四级词。
aware,,,,cet4,official_syllabus_2016,2,全国大学英语四、六级考试大纲（2016年修订版）词表；未加★为四级词。
awareness,,,,cet4,official_syllabus_2016,2,全国大学英语四、六级考试大纲（2016年修订版）词表；未加★为四级词。
away,,,,cet4,official_syllabus_2016,2,全国大学英语四、六级考试大纲（2016年修订版）词表；未加★为四级词。
awe,,,,cet4,official_syllabus_2016,2,全国大学英语四、六级考试大纲（2016年修订版）词表；未加★为四级词。
awesome,,,,cet4,official_syllabus_2016,2,全国大学英语四、六级考试大纲（2016年修订版）词表；未加★为四级词。
awful,,,,cet4,official_syllabus_2016,2,全国大学英语四、六级考试大纲（2016年修订版）词表；未加★为四级词。
awkward,,,,cet4,official_syllabus_2016,2,全国大学英语四、六级考试大纲（2016年修订版）词表；未加★为四级词。
ax(e),,,,cet4,official_syllabus_2016,2,全国大学英语四、六级考试大纲（2016年修订版）词表；未加★为四级词。
axis,,,,cet4,official_syllabus_2016,2,全国大学英语四、六级考试大纲（2016年修订版）词表；未加★为四级词。
baby,,,,cet4,official_syllabus_2016,2,全国大学英语四、六级考试大纲（2016年修订版）词表；未加★为四级词。
babyboom,,,,cet4,official_syllabus_2016,2,全国大学英语四、六级考试大纲（2016年修订版）词表；未加★为四级词。
babyboomer,,,,cet4,official_syllabus_2016,2,全国大学英语四、六级考试大纲（2016年修订版）词表；未加★为四级词。
bachelor,,,,cet4,official_syllabus_2016,2,全国大学英语四、六级考试大纲（2016年修订版）词表；未加★为四级词。
back,,,,cet4,official_syllabus_2016,2,全国大学英语四、六级考试大纲（2016年修订版）词表；未加★为四级词。
background,,,,cet4,official_syllabus_2016,2,全国大学英语四、六级考试大纲（2016年修订版）词表；未加★为四级词。
backup,,,,cet4,official_syllabus_2016,2,全国大学英语四、六级考试大纲（2016年修订版）词表；未加★为四级词。
backward,,,,cet4,official_syllabus_2016,2,全国大学英语四、六级考试大纲（2016年修订版）词表；未加★为四级词。
backwards,,,,cet4,official_syllabus_2016,2,全国大学英语四、六级考试大纲（2016年修订版）词表；未加★为四级词。
backyard,,,,cet4,official_syllabus_2016,2,全国大学英语四、六级考试大纲（2016年修订版）词表；未加★为四级词。
bacon,,,,cet4,official_syllabus_2016,2,全国大学英语四、六级考试大纲（2016年修订版）词表；未加★为四级词。
bacteria,,,,cet4,official_syllabus_2016,2,全国大学英语四、六级考试大纲（2016年修订版）词表；未加★为四级词。
bad,,,,cet4,official_syllabus_2016,2,全国大学英语四、六级考试大纲（2016年修订版）词表；未加★为四级词。
badge,,,,cet4,official_syllabus_2016,2,全国大学英语四、六级考试大纲（2016年修订版）词表；未加★为四级词。
badly,,,,cet4,official_syllabus_2016,2,全国大学英语四、六级考试大纲（2016年修订版）词表；未加★为四级词。
badminton,,,,cet4,official_syllabus_2016,2,全国大学英语四、六级考试大纲（2016年修订版）词表；未加★为四级词。
bag,,,,cet4,official_syllabus_2016,2,全国大学英语四、六级考试大纲（2016年修订版）词表；未加★为四级词。
baggage,,,,cet4,official_syllabus_2016,2,全国大学英语四、六级考试大纲（2016年修订版）词表；未加★为四级词。
bail,,,,cet4,official_syllabus_2016,2,全国大学英语四、六级考试大纲（2016年修订版）词表；未加★为四级词。
bait,,,,cet4,official_syllabus_2016,2,全国大学英语四、六级考试大纲（2016年修订版）词表；未加★为四级词。
bake,,,,cet4,official_syllabus_2016,2,全国大学英语四、六级考试大纲（2016年修订版）词表；未加★为四级词。
bakery,,,,cet4,official_syllabus_2016,2,全国大学英语四、六级考试大纲（2016年修订版）词表；未加★为四级词。
balance,,,,cet4,official_syllabus_2016,2,全国大学英语四、六级考试大纲（2016年修订版）词表；未加★为四级词。
balcony,,,,cet4,official_syllabus_2016,2,全国大学英语四、六级考试大纲（2016年修订版）词表；未加★为四级词。
ball,,,,cet4,official_syllabus_2016,2,全国大学英语四、六级考试大纲（2016年修订版）词表；未加★为四级词。
ballet,,,,cet4,official_syllabus_2016,2,全国大学英语四、六级考试大纲（2016年修订版）词表；未加★为四级词。
balloon,,,,cet4,official_syllabus_2016,2,全国大学英语四、六级考试大纲（2016年修订版）词表；未加★为四级词。
ballot,,,,cet4,official_syllabus_2016,2,全国大学英语四、六级考试大纲（2016年修订版）词表；未加★为四级词。
bamboo,,,,cet4,official_syllabus_2016,2,全国大学英语四、六级考试大纲（2016年修订版）词表；未加★为四级词。
ban,,,,cet4,official_syllabus_2016,2,全国大学英语四、六级考试大纲（2016年修订版）词表；未加★为四级词。
banana,,,,cet4,official_syllabus_2016,2,全国大学英语四、六级考试大纲（2016年修订版）词表；未加★为四级词。
band,,,,cet4,official_syllabus_2016,2,全国大学英语四、六级考试大纲（2016年修订版）词表；未加★为四级词。
bandage,,,,cet4,official_syllabus_2016,2,全国大学英语四、六级考试大纲（2016年修订版）词表；未加★为四级词。
bang,,,,cet4,official_syllabus_2016,2,全国大学英语四、六级考试大纲（2016年修订版）词表；未加★为四级词。
bank,,,,cet4,official_syllabus_2016,2,全国大学英语四、六级考试大纲（2016年修订版）词表；未加★为四级词。
banking,,,,cet4,official_syllabus_2016,2,全国大学英语四、六级考试大纲（2016年修订版）词表；未加★为四级词。
banker,,,,cet4,official_syllabus_2016,2,全国大学英语四、六级考试大纲（2016年修订版）词表；未加★为四级词。
banknote,,,,cet4,official_syllabus_2016,2,全国大学英语四、六级考试大纲（2016年修订版）词表；未加★为四级词。
bankrupt,,,,cet4,official_syllabus_2016,2,全国大学英语四、六级考试大纲（2016年修订版）词表；未加★为四级词。
bankruptcy,,,,cet4,official_syllabus_2016,2,全国大学英语四、六级考试大纲（2016年修订版）词表；未加★为四级词。
banner,,,,cet4,official_syllabus_2016,2,全国大学英语四、六级考试大纲（2016年修订版）词表；未加★为四级词。
banquet,,,,cet4,official_syllabus_2016,2,全国大学英语四、六级考试大纲（2016年修订版）词表；未加★为四级词。
bar,,,,cet4,official_syllabus_2016,2,全国大学英语四、六级考试大纲（2016年修订版）词表；未加★为四级词。
barbecue/BBQ,,,,cet4,official_syllabus_2016,2,全国大学英语四、六级考试大纲（2016年修订版）词表；未加★为四级词。
barber,,,,cet4,official_syllabus_2016,2,全国大学英语四、六级考试大纲（2016年修订版）词表；未加★为四级词。
bare,,,,cet4,official_syllabus_2016,2,全国大学英语四、六级考试大纲（2016年修订版）词表；未加★为四级词。
barely,,,,cet4,official_syllabus_2016,2,全国大学英语四、六级考试大纲（2016年修订版）词表；未加★为四级词。
bargain,,,,cet4,official_syllabus_2016,2,全国大学英语四、六级考试大纲（2016年修订版）词表；未加★为四级词。
bark,,,,cet4,official_syllabus_2016,2,全国大学英语四、六级考试大纲（2016年修订版）词表；未加★为四级词。
barrel,,,,cet4,official_syllabus_2016,2,全国大学英语四、六级考试大纲（2016年修订版）词表；未加★为四级词。
barrier,,,,cet4,official_syllabus_2016,2,全国大学英语四、六级考试大纲（2016年修订版）词表；未加★为四级词。
base,,,,cet4,official_syllabus_2016,2,全国大学英语四、六级考试大纲（2016年修订版）词表；未加★为四级词。
baseball,,,,cet4,official_syllabus_2016,2,全国大学英语四、六级考试大纲（2016年修订版）词表；未加★为四级词。
basement,,,,cet4,official_syllabus_2016,2,全国大学英语四、六级考试大纲（2016年修订版）词表；未加★为四级词。
basic,,,,cet4,official_syllabus_2016,2,全国大学英语四、六级考试大纲（2016年修订版）词表；未加★为四级词。
basically,,,,cet4,official_syllabus_2016,2,全国大学英语四、六级考试大纲（2016年修订版）词表；未加★为四级词。
basin,,,,cet4,official_syllabus_2016,2,全国大学英语四、六级考试大纲（2016年修订版）词表；未加★为四级词。
basis,,,,cet4,official_syllabus_2016,2,全国大学英语四、六级考试大纲（2016年修订版）词表；未加★为四级词。
basket,,,,cet4,official_syllabus_2016,2,全国大学英语四、六级考试大纲（2016年修订版）词表；未加★为四级词。
basketball,,,,cet4,official_syllabus_2016,2,全国大学英语四、六级考试大纲（2016年修订版）词表；未加★为四级词。
bat,,,,cet4,official_syllabus_2016,2,全国大学英语四、六级考试大纲（2016年修订版）词表；未加★为四级词。
batch,,,,cet4,official_syllabus_2016,2,全国大学英语四、六级考试大纲（2016年修订版）词表；未加★为四级词。
bath,,,,cet4,official_syllabus_2016,2,全国大学英语四、六级考试大纲（2016年修订版）词表；未加★为四级词。
bathe,,,,cet4,official_syllabus_2016,2,全国大学英语四、六级考试大纲（2016年修订版）词表；未加★为四级词。
bathroom,,,,cet4,official_syllabus_2016,2,全国大学英语四、六级考试大纲（2016年修订版）词表；未加★为四级词。
battalion,,,,cet4,official_syllabus_2016,2,全国大学英语四、六级考试大纲（2016年修订版）词表；未加★为四级词。
battery,,,,cet4,official_syllabus_2016,2,全国大学英语四、六级考试大纲（2016年修订版）词表；未加★为四级词。
battle,,,,cet4,official_syllabus_2016,2,全国大学英语四、六级考试大纲（2016年修订版）词表；未加★为四级词。
bay,,,,cet4,official_syllabus_2016,2,全国大学英语四、六级考试大纲（2016年修订版）词表；未加★为四级词。
be,,,,cet4,official_syllabus_2016,2,全国大学英语四、六级考试大纲（2016年修订版）词表；未加★为四级词。
beach,,,,cet4,official_syllabus_2016,2,全国大学英语四、六级考试大纲（2016年修订版）词表；未加★为四级词。
beam,,,,cet4,official_syllabus_2016,2,全国大学英语四、六级考试大纲（2016年修订版）词表；未加★为四级词。
bean,,,,cet4,official_syllabus_2016,2,全国大学英语四、六级考试大纲（2016年修订版）词表；未加★为四级词。
bear,,,,cet4,official_syllabus_2016,2,全国大学英语四、六级考试大纲（2016年修订版）词表；未加★为四级词。
beard,,,,cet4,official_syllabus_2016,2,全国大学英语四、六级考试大纲（2016年修订版）词表；未加★为四级词。
bearing,,,,cet4,official_syllabus_2016,2,全国大学英语四、六级考试大纲（2016年修订版）词表；未加★为四级词。
beast,,,,cet4,official_syllabus_2016,2,全国大学英语四、六级考试大纲（2016年修订版）词表；未加★为四级词。
beat,,,,cet4,official_syllabus_2016,2,全国大学英语四、六级考试大纲（2016年修订版）词表；未加★为四级词。
beauty,,,,cet4,official_syllabus_2016,2,全国大学英语四、六级考试大纲（2016年修订版）词表；未加★为四级词。
beautiful,,,,cet4,official_syllabus_2016,2,全国大学英语四、六级考试大纲（2016年修订版）词表；未加★为四级词。
beautify,,,,cet4,official_syllabus_2016,2,全国大学英语四、六级考试大纲（2016年修订版）词表；未加★为四级词。
because,,,,cet4,official_syllabus_2016,2,全国大学英语四、六级考试大纲（2016年修订版）词表；未加★为四级词。
become,,,,cet4,official_syllabus_2016,2,全国大学英语四、六级考试大纲（2016年修订版）词表；未加★为四级词。
bed,,,,cet4,official_syllabus_2016,2,全国大学英语四、六级考试大纲（2016年修订版）词表；未加★为四级词。
bedding,,,,cet4,official_syllabus_2016,2,全国大学英语四、六级考试大纲（2016年修订版）词表；未加★为四级词。
bee,,,,cet4,official_syllabus_2016,2,全国大学英语四、六级考试大纲（2016年修订版）词表；未加★为四级词。
beef,,,,cet4,official_syllabus_2016,2,全国大学英语四、六级考试大纲（2016年修订版）词表；未加★为四级词。
beer,,,,cet4,official_syllabus_2016,2,全国大学英语四、六级考试大纲（2016年修订版）词表；未加★为四级词。
before,,,,cet4,official_syllabus_2016,2,全国大学英语四、六级考试大纲（2016年修订版）词表；未加★为四级词。
beforehand,,,,cet4,official_syllabus_2016,2,全国大学英语四、六级考试大纲（2016年修订版）词表；未加★为四级词。
beg,,,,cet4,official_syllabus_2016,2,全国大学英语四、六级考试大纲（2016年修订版）词表；未加★为四级词。
beggar,,,,cet4,official_syllabus_2016,2,全国大学英语四、六级考试大纲（2016年修订版）词表；未加★为四级词。
begin,,,,cet4,official_syllabus_2016,2,全国大学英语四、六级考试大纲（2016年修订版）词表；未加★为四级词。
beginning,,,,cet4,official_syllabus_2016,2,全国大学英语四、六级考试大纲（2016年修订版）词表；未加★为四级词。
behalf,,,,cet4,official_syllabus_2016,2,全国大学英语四、六级考试大纲（2016年修订版）词表；未加★为四级词。
behave,,,,cet4,official_syllabus_2016,2,全国大学英语四、六级考试大纲（2016年修订版）词表；未加★为四级词。
behavio(u)r,,,,cet4,official_syllabus_2016,2,全国大学英语四、六级考试大纲（2016年修订版）词表；未加★为四级词。
behavio(u)ral,,,,cet4,official_syllabus_2016,2,全国大学英语四、六级考试大纲（2016年修订版）词表；未加★为四级词。
behind,,,,cet4,official_syllabus_2016,2,全国大学英语四、六级考试大纲（2016年修订版）词表；未加★为四级词。
being,,,,cet4,official_syllabus_2016,2,全国大学英语四、六级考试大纲（2016年修订版）词表；未加★为四级词。
belief,,,,cet4,official_syllabus_2016,2,全国大学英语四、六级考试大纲（2016年修订版）词表；未加★为四级词。
believe,,,,cet4,official_syllabus_2016,2,全国大学英语四、六级考试大纲（2016年修订版）词表；未加★为四级词。
bell,,,,cet4,official_syllabus_2016,2,全国大学英语四、六级考试大纲（2016年修订版）词表；未加★为四级词。
belly,,,,cet4,official_syllabus_2016,2,全国大学英语四、六级考试大纲（2016年修订版）词表；未加★为四级词。
belong,,,,cet4,official_syllabus_2016,2,全国大学英语四、六级考试大纲（2016年修订版）词表；未加★为四级词。
belongings,,,,cet4,official_syllabus_2016,2,全国大学英语四、六级考试大纲（2016年修订版）词表；未加★为四级词。
beloved,,,,cet4,official_syllabus_2016,2,全国大学英语四、六级考试大纲（2016年修订版）词表；未加★为四级词。
below,,,,cet4,official_syllabus_2016,2,全国大学英语四、六级考试大纲（2016年修订版）词表；未加★为四级词。
belt,,,,cet4,official_syllabus_2016,2,全国大学英语四、六级考试大纲（2016年修订版）词表；未加★为四级词。
bench,,,,cet4,official_syllabus_2016,2,全国大学英语四、六级考试大纲（2016年修订版）词表；未加★为四级词。
bend,,,,cet4,official_syllabus_2016,2,全国大学英语四、六级考试大纲（2016年修订版）词表；未加★为四级词。
beneath,,,,cet4,official_syllabus_2016,2,全国大学英语四、六级考试大纲（2016年修订版）词表；未加★为四级词。
benefit,,,,cet4,official_syllabus_2016,2,全国大学英语四、六级考试大纲（2016年修订版）词表；未加★为四级词。
beneficial,,,,cet4,official_syllabus_2016,2,全国大学英语四、六级考试大纲（2016年修订版）词表；未加★为四级词。
beneficiary,,,,cet4,official_syllabus_2016,2,全国大学英语四、六级考试大纲（2016年修订版）词表；未加★为四级词。
benevolence,,,,cet4,official_syllabus_2016,2,全国大学英语四、六级考试大纲（2016年修订版）词表；未加★为四级词。
berry,,,,cet4,official_syllabus_2016,2,全国大学英语四、六级考试大纲（2016年修订版）词表；未加★为四级词。
beside,,,,cet4,official_syllabus_2016,2,全国大学英语四、六级考试大纲（2016年修订版）词表；未加★为四级词。
besides,,,,cet4,official_syllabus_2016,2,全国大学英语四、六级考试大纲（2016年修订版）词表；未加★为四级词。
best,,,,cet4,official_syllabus_2016,2,全国大学英语四、六级考试大纲（2016年修订版）词表；未加★为四级词。
bet,,,,cet4,official_syllabus_2016,2,全国大学英语四、六级考试大纲（2016年修订版）词表；未加★为四级词。
betray,,,,cet4,official_syllabus_2016,2,全国大学英语四、六级考试大纲（2016年修订版）词表；未加★为四级词。
betrayal,,,,cet4,official_syllabus_2016,2,全国大学英语四、六级考试大纲（2016年修订版）词表；未加★为四级词。
better,,,,cet4,official_syllabus_2016,2,全国大学英语四、六级考试大纲（2016年修订版）词表；未加★为四级词。
between,,,,cet4,official_syllabus_2016,2,全国大学英语四、六级考试大纲（2016年修订版）词表；未加★为四级词。
beverage,,,,cet4,official_syllabus_2016,2,全国大学英语四、六级考试大纲（2016年修订版）词表；未加★为四级词。
bewilderment,,,,cet4,official_syllabus_2016,2,全国大学英语四、六级考试大纲（2016年修订版）词表；未加★为四级词。
beyond,,,,cet4,official_syllabus_2016,2,全国大学英语四、六级考试大纲（2016年修订版）词表；未加★为四级词。
bias,,,,cet4,official_syllabus_2016,2,全国大学英语四、六级考试大纲（2016年修订版）词表；未加★为四级词。
Bible,,,,cet4,official_syllabus_2016,2,全国大学英语四、六级考试大纲（2016年修订版）词表；未加★为四级词。
Biblical/biblical,,,,cet4,official_syllabus_2016,2,全国大学英语四、六级考试大纲（2016年修订版）词表；未加★为四级词。
bicycle/bike,,,,cet4,official_syllabus_2016,2,全国大学英语四、六级考试大纲（2016年修订版）词表；未加★为四级词。
bid,,,,cet4,official_syllabus_2016,2,全国大学英语四、六级考试大纲（2016年修订版）词表；未加★为四级词。
big,,,,cet4,official_syllabus_2016,2,全国大学英语四、六级考试大纲（2016年修订版）词表；未加★为四级词。
bill,,,,cet4,official_syllabus_2016,2,全国大学英语四、六级考试大纲（2016年修订版）词表；未加★为四级词。
billion,,,,cet4,official_syllabus_2016,2,全国大学英语四、六级考试大纲（2016年修订版）词表；未加★为四级词。
billionaire,,,,cet4,official_syllabus_2016,2,全国大学英语四、六级考试大纲（2016年修订版）词表；未加★为四级词。
bin,,,,cet4,official_syllabus_2016,2,全国大学英语四、六级考试大纲（2016年修订版）词表；未加★为四级词。
bind,,,,cet4,official_syllabus_2016,2,全国大学英语四、六级考试大纲（2016年修订版）词表；未加★为四级词。
biochemistry,,,,cet4,official_syllabus_2016,2,全国大学英语四、六级考试大纲（2016年修订版）词表；未加★为四级词。
biochemical,,,,cet4,official_syllabus_2016,2,全国大学英语四、六级考试大纲（2016年修订版）词表；未加★为四级词。
biochemist,,,,cet4,official_syllabus_2016,2,全国大学英语四、六级考试大纲（2016年修订版）词表；未加★为四级词。
biography,,,,cet4,official_syllabus_2016,2,全国大学英语四、六级考试大纲（2016年修订版）词表；未加★为四级词。
biographical,,,,cet4,official_syllabus_2016,2,全国大学英语四、六级考试大纲（2016年修订版）词表；未加★为四级词。
biographer,,,,cet4,official_syllabus_2016,2,全国大学英语四、六级考试大纲（2016年修订版）词表；未加★为四级词。
biology,,,,cet4,official_syllabus_2016,2,全国大学英语四、六级考试大纲（2016年修订版）词表；未加★为四级词。
biological,,,,cet4,official_syllabus_2016,2,全国大学英语四、六级考试大纲（2016年修订版）词表；未加★为四级词。
biologist,,,,cet4,official_syllabus_2016,2,全国大学英语四、六级考试大纲（2016年修订版）词表；未加★为四级词。
biotechnology,,,,cet4,official_syllabus_2016,2,全国大学英语四、六级考试大纲（2016年修订版）词表；未加★为四级词。
bird,,,,cet4,official_syllabus_2016,2,全国大学英语四、六级考试大纲（2016年修订版）词表；未加★为四级词。
birth,,,,cet4,official_syllabus_2016,2,全国大学英语四、六级考试大纲（2016年修订版）词表；未加★为四级词。
birthday,,,,cet4,official_syllabus_2016,2,全国大学英语四、六级考试大纲（2016年修订版）词表；未加★为四级词。
biscuit,,,,cet4,official_syllabus_2016,2,全国大学英语四、六级考试大纲（2016年修订版）词表；未加★为四级词。
bit,,,,cet4,official_syllabus_2016,2,全国大学英语四、六级考试大纲（2016年修订版）词表；未加★为四级词。
bitch,,,,cet4,official_syllabus_2016,2,全国大学英语四、六级考试大纲（2016年修订版）词表；未加★为四级词。
bite,,,,cet4,official_syllabus_2016,2,全国大学英语四、六级考试大纲（2016年修订版）词表；未加★为四级词。
bitter,,,,cet4,official_syllabus_2016,2,全国大学英语四、六级考试大纲（2016年修订版）词表；未加★为四级词。
black,,,,cet4,official_syllabus_2016,2,全国大学英语四、六级考试大纲（2016年修订版）词表；未加★为四级词。
blackboard,,,,cet4,official_syllabus_2016,2,全国大学英语四、六级考试大纲（2016年修订版）词表；未加★为四级词。
blade,,,,cet4,official_syllabus_2016,2,全国大学英语四、六级考试大纲（2016年修订版）词表；未加★为四级词。
blame,,,,cet4,official_syllabus_2016,2,全国大学英语四、六级考试大纲（2016年修订版）词表；未加★为四级词。
blank,,,,cet4,official_syllabus_2016,2,全国大学英语四、六级考试大纲（2016年修订版）词表；未加★为四级词。
blanket,,,,cet4,official_syllabus_2016,2,全国大学英语四、六级考试大纲（2016年修订版）词表；未加★为四级词。
blast,,,,cet4,official_syllabus_2016,2,全国大学英语四、六级考试大纲（2016年修订版）词表；未加★为四级词。
bleed,,,,cet4,official_syllabus_2016,2,全国大学英语四、六级考试大纲（2016年修订版）词表；未加★为四级词。
blend,,,,cet4,official_syllabus_2016,2,全国大学英语四、六级考试大纲（2016年修订版）词表；未加★为四级词。
bless,,,,cet4,official_syllabus_2016,2,全国大学英语四、六级考试大纲（2016年修订版）词表；未加★为四级词。
blessing,,,,cet4,official_syllabus_2016,2,全国大学英语四、六级考试大纲（2016年修订版）词表；未加★为四级词。
blind,,,,cet4,official_syllabus_2016,2,全国大学英语四、六级考试大纲（2016年修订版）词表；未加★为四级词。
block,,,,cet4,official_syllabus_2016,2,全国大学英语四、六级考试大纲（2016年修订版）词表；未加★为四级词。
blog,,,,cet4,official_syllabus_2016,2,全国大学英语四、六级考试大纲（2016年修订版）词表；未加★为四级词。
blond(e),,,,cet4,official_syllabus_2016,2,全国大学英语四、六级考试大纲（2016年修订版）词表；未加★为四级词。
blood,,,,cet4,official_syllabus_2016,2,全国大学英语四、六级考试大纲（2016年修订版）词表；未加★为四级词。
bloody,,,,cet4,official_syllabus_2016,2,全国大学英语四、六级考试大纲（2016年修订版）词表；未加★为四级词。
bloom,,,,cet4,official_syllabus_2016,2,全国大学英语四、六级考试大纲（2016年修订版）词表；未加★为四级词。
blossom,,,,cet4,official_syllabus_2016,2,全国大学英语四、六级考试大纲（2016年修订版）词表；未加★为四级词。
blouse,,,,cet4,official_syllabus_2016,2,全国大学英语四、六级考试大纲（2016年修订版）词表；未加★为四级词。
blow,,,,cet4,official_syllabus_2016,2,全国大学英语四、六级考试大纲（2016年修订版）词表；未加★为四级词。
blue,,,,cet4,official_syllabus_2016,2,全国大学英语四、六级考试大纲（2016年修订版）词表；未加★为四级词。
blueprint,,,,cet4,official_syllabus_2016,2,全国大学英语四、六级考试大纲（2016年修订版）词表；未加★为四级词。
blur,,,,cet4,official_syllabus_2016,2,全国大学英语四、六级考试大纲（2016年修订版）词表；未加★为四级词。
board,,,,cet4,official_syllabus_2016,2,全国大学英语四、六级考试大纲（2016年修订版）词表；未加★为四级词。
boast,,,,cet4,official_syllabus_2016,2,全国大学英语四、六级考试大纲（2016年修订版）词表；未加★为四级词。
boastful,,,,cet4,official_syllabus_2016,2,全国大学英语四、六级考试大纲（2016年修订版）词表；未加★为四级词。
boat,,,,cet4,official_syllabus_2016,2,全国大学英语四、六级考试大纲（2016年修订版）词表；未加★为四级词。
body,,,,cet4,official_syllabus_2016,2,全国大学英语四、六级考试大纲（2016年修订版）词表；未加★为四级词。
bodily,,,,cet4,official_syllabus_2016,2,全国大学英语四、六级考试大纲（2016年修订版）词表；未加★为四级词。
boil,,,,cet4,official_syllabus_2016,2,全国大学英语四、六级考试大纲（2016年修订版）词表；未加★为四级词。
boiler,,,,cet4,official_syllabus_2016,2,全国大学英语四、六级考试大纲（2016年修订版）词表；未加★为四级词。
bold,,,,cet4,official_syllabus_2016,2,全国大学英语四、六级考试大纲（2016年修订版）词表；未加★为四级词。
bolt,,,,cet4,official_syllabus_2016,2,全国大学英语四、六级考试大纲（2016年修订版）词表；未加★为四级词。
bomb,,,,cet4,official_syllabus_2016,2,全国大学英语四、六级考试大纲（2016年修订版）词表；未加★为四级词。
bond,,,,cet4,official_syllabus_2016,2,全国大学英语四、六级考试大纲（2016年修订版）词表；未加★为四级词。
bondage,,,,cet4,official_syllabus_2016,2,全国大学英语四、六级考试大纲（2016年修订版）词表；未加★为四级词。
bone,,,,cet4,official_syllabus_2016,2,全国大学英语四、六级考试大纲（2016年修订版）词表；未加★为四级词。
bony,,,,cet4,official_syllabus_2016,2,全国大学英语四、六级考试大纲（2016年修订版）词表；未加★为四级词。
bonus,,,,cet4,official_syllabus_2016,2,全国大学英语四、六级考试大纲（2016年修订版）词表；未加★为四级词。
book,,,,cet4,official_syllabus_2016,2,全国大学英语四、六级考试大纲（2016年修订版）词表；未加★为四级词。
boom,,,,cet4,official_syllabus_2016,2,全国大学英语四、六级考试大纲（2016年修订版）词表；未加★为四级词。
boost,,,,cet4,official_syllabus_2016,2,全国大学英语四、六级考试大纲（2016年修订版）词表；未加★为四级词。
boot,,,,cet4,official_syllabus_2016,2,全国大学英语四、六级考试大纲（2016年修订版）词表；未加★为四级词。
booth,,,,cet4,official_syllabus_2016,2,全国大学英语四、六级考试大纲（2016年修订版）词表；未加★为四级词。
border,,,,cet4,official_syllabus_2016,2,全国大学英语四、六级考试大纲（2016年修订版）词表；未加★为四级词。
bore,,,,cet4,official_syllabus_2016,2,全国大学英语四、六级考试大纲（2016年修订版）词表；未加★为四级词。
boring,,,,cet4,official_syllabus_2016,2,全国大学英语四、六级考试大纲（2016年修订版）词表；未加★为四级词。
born,,,,cet4,official_syllabus_2016,2,全国大学英语四、六级考试大纲（2016年修订版）词表；未加★为四级词。
borrow,,,,cet4,official_syllabus_2016,2,全国大学英语四、六级考试大纲（2016年修订版）词表；未加★为四级词。
boss,,,,cet4,official_syllabus_2016,2,全国大学英语四、六级考试大纲（2016年修订版）词表；未加★为四级词。
botanical,,,,cet4,official_syllabus_2016,2,全国大学英语四、六级考试大纲（2016年修订版）词表；未加★为四级词。
both,,,,cet4,official_syllabus_2016,2,全国大学英语四、六级考试大纲（2016年修订版）词表；未加★为四级词。
bother,,,,cet4,official_syllabus_2016,2,全国大学英语四、六级考试大纲（2016年修订版）词表；未加★为四级词。
bottle,,,,cet4,official_syllabus_2016,2,全国大学英语四、六级考试大纲（2016年修订版）词表；未加★为四级词。
bottom,,,,cet4,official_syllabus_2016,2,全国大学英语四、六级考试大纲（2016年修订版）词表；未加★为四级词。
bounce,,,,cet4,official_syllabus_2016,2,全国大学英语四、六级考试大纲（2016年修订版）词表；未加★为四级词。
bound,,,,cet4,official_syllabus_2016,2,全国大学英语四、六级考试大纲（2016年修订版）词表；未加★为四级词。
boundary,,,,cet4,official_syllabus_2016,2,全国大学英语四、六级考试大纲（2016年修订版）词表；未加★为四级词。
bow,,,,cet4,official_syllabus_2016,2,全国大学英语四、六级考试大纲（2016年修订版）词表；未加★为四级词。
bowel,,,,cet4,official_syllabus_2016,2,全国大学英语四、六级考试大纲（2016年修订版）词表；未加★为四级词。
bowl,,,,cet4,official_syllabus_2016,2,全国大学英语四、六级考试大纲（2016年修订版）词表；未加★为四级词。
box,,,,cet4,official_syllabus_2016,2,全国大学英语四、六级考试大纲（2016年修订版）词表；未加★为四级词。
boxing,,,,cet4,official_syllabus_2016,2,全国大学英语四、六级考试大纲（2016年修订版）词表；未加★为四级词。
boy,,,,cet4,official_syllabus_2016,2,全国大学英语四、六级考试大纲（2016年修订版）词表；未加★为四级词。
bracket,,,,cet4,official_syllabus_2016,2,全国大学英语四、六级考试大纲（2016年修订版）词表；未加★为四级词。
brag,,,,cet4,official_syllabus_2016,2,全国大学英语四、六级考试大纲（2016年修订版）词表；未加★为四级词。
brain,,,,cet4,official_syllabus_2016,2,全国大学英语四、六级考试大纲（2016年修订版）词表；未加★为四级词。
brake,,,,cet4,official_syllabus_2016,2,全国大学英语四、六级考试大纲（2016年修订版）词表；未加★为四级词。
branch,,,,cet4,official_syllabus_2016,2,全国大学英语四、六级考试大纲（2016年修订版）词表；未加★为四级词。
brand,,,,cet4,official_syllabus_2016,2,全国大学英语四、六级考试大纲（2016年修订版）词表；未加★为四级词。
brandy,,,,cet4,official_syllabus_2016,2,全国大学英语四、六级考试大纲（2016年修订版）词表；未加★为四级词。
brass,,,,cet4,official_syllabus_2016,2,全国大学英语四、六级考试大纲（2016年修订版）词表；未加★为四级词。
brave,,,,cet4,official_syllabus_2016,2,全国大学英语四、六级考试大纲（2016年修订版）词表；未加★为四级词。
bravery,,,,cet4,official_syllabus_2016,2,全国大学英语四、六级考试大纲（2016年修订版）词表；未加★为四级词。
bread,,,,cet4,official_syllabus_2016,2,全国大学英语四、六级考试大纲（2016年修订版）词表；未加★为四级词。
break,,,,cet4,official_syllabus_2016,2,全国大学英语四、六级考试大纲（2016年修订版）词表；未加★为四级词。
breakdown,,,,cet4,official_syllabus_2016,2,全国大学英语四、六级考试大纲（2016年修订版）词表；未加★为四级词。
breakfast,,,,cet4,official_syllabus_2016,2,全国大学英语四、六级考试大纲（2016年修订版）词表；未加★为四级词。
breakthrough,,,,cet4,official_syllabus_2016,2,全国大学英语四、六级考试大纲（2016年修订版）词表；未加★为四级词。
breast,,,,cet4,official_syllabus_2016,2,全国大学英语四、六级考试大纲（2016年修订版）词表；未加★为四级词。
breath,,,,cet4,official_syllabus_2016,2,全国大学英语四、六级考试大纲（2016年修订版）词表；未加★为四级词。
breathe,,,,cet4,official_syllabus_2016,2,全国大学英语四、六级考试大纲（2016年修订版）词表；未加★为四级词。
breed,,,,cet4,official_syllabus_2016,2,全国大学英语四、六级考试大纲（2016年修订版）词表；未加★为四级词。
breeze,,,,cet4,official_syllabus_2016,2,全国大学英语四、六级考试大纲（2016年修订版）词表；未加★为四级词。
brewery,,,,cet4,official_syllabus_2016,2,全国大学英语四、六级考试大纲（2016年修订版）词表；未加★为四级词。
bribe,,,,cet4,official_syllabus_2016,2,全国大学英语四、六级考试大纲（2016年修订版）词表；未加★为四级词。
bribery,,,,cet4,official_syllabus_2016,2,全国大学英语四、六级考试大纲（2016年修订版）词表；未加★为四级词。
brick,,,,cet4,official_syllabus_2016,2,全国大学英语四、六级考试大纲（2016年修订版）词表；未加★为四级词。
bride,,,,cet4,official_syllabus_2016,2,全国大学英语四、六级考试大纲（2016年修订版）词表；未加★为四级词。
bridegroom,,,,cet4,official_syllabus_2016,2,全国大学英语四、六级考试大纲（2016年修订版）词表；未加★为四级词。
bridge,,,,cet4,official_syllabus_2016,2,全国大学英语四、六级考试大纲（2016年修订版）词表；未加★为四级词。
brief,,,,cet4,official_syllabus_2016,2,全国大学英语四、六级考试大纲（2016年修订版）词表；未加★为四级词。
briefing,,,,cet4,official_syllabus_2016,2,全国大学英语四、六级考试大纲（2016年修订版）词表；未加★为四级词。
briefcase,,,,cet4,official_syllabus_2016,2,全国大学英语四、六级考试大纲（2016年修订版）词表；未加★为四级词。
bright,,,,cet4,official_syllabus_2016,2,全国大学英语四、六级考试大纲（2016年修订版）词表；未加★为四级词。
brighten,,,,cet4,official_syllabus_2016,2,全国大学英语四、六级考试大纲（2016年修订版）词表；未加★为四级词。
brilliant,,,,cet4,official_syllabus_2016,2,全国大学英语四、六级考试大纲（2016年修订版）词表；未加★为四级词。
brilliance,,,,cet4,official_syllabus_2016,2,全国大学英语四、六级考试大纲（2016年修订版）词表；未加★为四级词。
bring,,,,cet4,official_syllabus_2016,2,全国大学英语四、六级考试大纲（2016年修订版）词表；未加★为四级词。
broad,,,,cet4,official_syllabus_2016,2,全国大学英语四、六级考试大纲（2016年修订版）词表；未加★为四级词。
broaden,,,,cet4,official_syllabus_2016,2,全国大学英语四、六级考试大纲（2016年修订版）词表；未加★为四级词。
breadth,,,,cet4,official_syllabus_2016,2,全国大学英语四、六级考试大纲（2016年修订版）词表；未加★为四级词。
broadcast,,,,cet4,official_syllabus_2016,2,全国大学英语四、六级考试大纲（2016年修订版）词表；未加★为四级词。
brochure,,,,cet4,official_syllabus_2016,2,全国大学英语四、六级考试大纲（2016年修订版）词表；未加★为四级词。
broke,,,,cet4,official_syllabus_2016,2,全国大学英语四、六级考试大纲（2016年修订版）词表；未加★为四级词。
broker,,,,cet4,official_syllabus_2016,2,全国大学英语四、六级考试大纲（2016年修订版）词表；未加★为四级词。
broom,,,,cet4,official_syllabus_2016,2,全国大学英语四、六级考试大纲（2016年修订版）词表；未加★为四级词。
brother,,,,cet4,official_syllabus_2016,2,全国大学英语四、六级考试大纲（2016年修订版）词表；未加★为四级词。
brow,,,,cet4,official_syllabus_2016,2,全国大学英语四、六级考试大纲（2016年修订版）词表；未加★为四级词。
brown,,,,cet4,official_syllabus_2016,2,全国大学英语四、六级考试大纲（2016年修订版）词表；未加★为四级词。
browse,,,,cet4,official_syllabus_2016,2,全国大学英语四、六级考试大纲（2016年修订版）词表；未加★为四级词。
browser,,,,cet4,official_syllabus_2016,2,全国大学英语四、六级考试大纲（2016年修订版）词表；未加★为四级词。
brunch,,,,cet4,official_syllabus_2016,2,全国大学英语四、六级考试大纲（2016年修订版）词表；未加★为四级词。
brush,,,,cet4,official_syllabus_2016,2,全国大学英语四、六级考试大纲（2016年修订版）词表；未加★为四级词。
brutal,,,,cet4,official_syllabus_2016,2,全国大学英语四、六级考试大纲（2016年修订版）词表；未加★为四级词。
brutality,,,,cet4,official_syllabus_2016,2,全国大学英语四、六级考试大纲（2016年修订版）词表；未加★为四级词。
bubble,,,,cet4,official_syllabus_2016,2,全国大学英语四、六级考试大纲（2016年修订版）词表；未加★为四级词。
buck,,,,cet4,official_syllabus_2016,2,全国大学英语四、六级考试大纲（2016年修订版）词表；未加★为四级词。
bucket,,,,cet4,official_syllabus_2016,2,全国大学英语四、六级考试大纲（2016年修订版）词表；未加★为四级词。
buckle,,,,cet4,official_syllabus_2016,2,全国大学英语四、六级考试大纲（2016年修订版）词表；未加★为四级词。
bud,,,,cet4,official_syllabus_2016,2,全国大学英语四、六级考试大纲（2016年修订版）词表；未加★为四级词。
buddy,,,,cet4,official_syllabus_2016,2,全国大学英语四、六级考试大纲（2016年修订版）词表；未加★为四级词。
Buddhist,,,,cet4,official_syllabus_2016,2,全国大学英语四、六级考试大纲（2016年修订版）词表；未加★为四级词。
budget,,,,cet4,official_syllabus_2016,2,全国大学英语四、六级考试大纲（2016年修订版）词表；未加★为四级词。
budgetary,,,,cet4,official_syllabus_2016,2,全国大学英语四、六级考试大纲（2016年修订版）词表；未加★为四级词。
buffet,,,,cet4,official_syllabus_2016,2,全国大学英语四、六级考试大纲（2016年修订版）词表；未加★为四级词。
bug,,,,cet4,official_syllabus_2016,2,全国大学英语四、六级考试大纲（2016年修订版）词表；未加★为四级词。
build,,,,cet4,official_syllabus_2016,2,全国大学英语四、六级考试大纲（2016年修订版）词表；未加★为四级词。
building,,,,cet4,official_syllabus_2016,2,全国大学英语四、六级考试大纲（2016年修订版）词表；未加★为四级词。
bulb,,,,cet4,official_syllabus_2016,2,全国大学英语四、六级考试大纲（2016年修订版）词表；未加★为四级词。
bulk,,,,cet4,official_syllabus_2016,2,全国大学英语四、六级考试大纲（2016年修订版）词表；未加★为四级词。
bulky,,,,cet4,official_syllabus_2016,2,全国大学英语四、六级考试大纲（2016年修订版）词表；未加★为四级词。
bull,,,,cet4,official_syllabus_2016,2,全国大学英语四、六级考试大纲（2016年修订版）词表；未加★为四级词。
bullet,,,,cet4,official_syllabus_2016,2,全国大学英语四、六级考试大纲（2016年修订版）词表；未加★为四级词。
bulletin,,,,cet4,official_syllabus_2016,2,全国大学英语四、六级考试大纲（2016年修订版）词表；未加★为四级词。
bully,,,,cet4,official_syllabus_2016,2,全国大学英语四、六级考试大纲（2016年修订版）词表；未加★为四级词。
bump,,,,cet4,official_syllabus_2016,2,全国大学英语四、六级考试大纲（2016年修订版）词表；未加★为四级词。
bumper,,,,cet4,official_syllabus_2016,2,全国大学英语四、六级考试大纲（2016年修订版）词表；未加★为四级词。
bunch,,,,cet4,official_syllabus_2016,2,全国大学英语四、六级考试大纲（2016年修订版）词表；未加★为四级词。
bundle,,,,cet4,official_syllabus_2016,2,全国大学英语四、六级考试大纲（2016年修订版）词表；未加★为四级词。
burden,,,,cet4,official_syllabus_2016,2,全国大学英语四、六级考试大纲（2016年修订版）词表；未加★为四级词。
bureau,,,,cet4,official_syllabus_2016,2,全国大学英语四、六级考试大纲（2016年修订版）词表；未加★为四级词。
bureaucratic,,,,cet4,official_syllabus_2016,2,全国大学英语四、六级考试大纲（2016年修订版）词表；未加★为四级词。
bureaucracy,,,,cet4,official_syllabus_2016,2,全国大学英语四、六级考试大纲（2016年修订版）词表；未加★为四级词。
burglary,,,,cet4,official_syllabus_2016,2,全国大学英语四、六级考试大纲（2016年修订版）词表；未加★为四级词。
burn,,,,cet4,official_syllabus_2016,2,全国大学英语四、六级考试大纲（2016年修订版）词表；未加★为四级词。
burst,,,,cet4,official_syllabus_2016,2,全国大学英语四、六级考试大纲（2016年修订版）词表；未加★为四级词。
bury,,,,cet4,official_syllabus_2016,2,全国大学英语四、六级考试大纲（2016年修订版）词表；未加★为四级词。
burial,,,,cet4,official_syllabus_2016,2,全国大学英语四、六级考试大纲（2016年修订版）词表；未加★为四级词。
bus,,,,cet4,official_syllabus_2016,2,全国大学英语四、六级考试大纲（2016年修订版）词表；未加★为四级词。
bush,,,,cet4,official_syllabus_2016,2,全国大学英语四、六级考试大纲（2016年修订版）词表；未加★为四级词。
bushy,,,,cet4,official_syllabus_2016,2,全国大学英语四、六级考试大纲（2016年修订版）词表；未加★为四级词。
business,,,,cet4,official_syllabus_2016,2,全国大学英语四、六级考试大纲（2016年修订版）词表；未加★为四级词。
businessman,,,,cet4,official_syllabus_2016,2,全国大学英语四、六级考试大纲（2016年修订版）词表；未加★为四级词。
busy,,,,cet4,official_syllabus_2016,2,全国大学英语四、六级考试大纲（2016年修订版）词表；未加★为四级词。
but,,,,cet4,official_syllabus_2016,2,全国大学英语四、六级考试大纲（2016年修订版）词表；未加★为四级词。
butcher,,,,cet4,official_syllabus_2016,2,全国大学英语四、六级考试大纲（2016年修订版）词表；未加★为四级词。
butter,,,,cet4,official_syllabus_2016,2,全国大学英语四、六级考试大纲（2016年修订版）词表；未加★为四级词。
butterfly,,,,cet4,official_syllabus_2016,2,全国大学英语四、六级考试大纲（2016年修订版）词表；未加★为四级词。
button,,,,cet4,official_syllabus_2016,2,全国大学英语四、六级考试大纲（2016年修订版）词表；未加★为四级词。
buy,,,,cet4,official_syllabus_2016,2,全国大学英语四、六级考试大纲（2016年修订版）词表；未加★为四级词。
buyer,,,,cet4,official_syllabus_2016,2,全国大学英语四、六级考试大纲（2016年修订版）词表；未加★为四级词。
by,,,,cet4,official_syllabus_2016,2,全国大学英语四、六级考试大纲（2016年修订版）词表；未加★为四级词。
bypass,,,,cet4,official_syllabus_2016,2,全国大学英语四、六级考试大纲（2016年修订版）词表；未加★为四级词。
bystander,,,,cet4,official_syllabus_2016,2,全国大学英语四、六级考试大纲（2016年修订版）词表；未加★为四级词。
cab,,,,cet4,official_syllabus_2016,2,全国大学英语四、六级考试大纲（2016年修订版）词表；未加★为四级词。
cabbage,,,,cet4,official_syllabus_2016,2,全国大学英语四、六级考试大纲（2016年修订版）词表；未加★为四级词。
cabin,,,,cet4,official_syllabus_2016,2,全国大学英语四、六级考试大纲（2016年修订版）词表；未加★为四级词。
cabinet,,,,cet4,official_syllabus_2016,2,全国大学英语四、六级考试大纲（2016年修订版）词表；未加★为四级词。
cable,,,,cet4,official_syllabus_2016,2,全国大学英语四、六级考试大纲（2016年修订版）词表；未加★为四级词。
cafe,,,,cet4,official_syllabus_2016,2,全国大学英语四、六级考试大纲（2016年修订版）词表；未加★为四级词。
cafeteria,,,,cet4,official_syllabus_2016,2,全国大学英语四、六级考试大纲（2016年修订版）词表；未加★为四级词。
cage,,,,cet4,official_syllabus_2016,2,全国大学英语四、六级考试大纲（2016年修订版）词表；未加★为四级词。
cake,,,,cet4,official_syllabus_2016,2,全国大学英语四、六级考试大纲（2016年修订版）词表；未加★为四级词。
calculate,,,,cet4,official_syllabus_2016,2,全国大学英语四、六级考试大纲（2016年修订版）词表；未加★为四级词。
calculation,,,,cet4,official_syllabus_2016,2,全国大学英语四、六级考试大纲（2016年修订版）词表；未加★为四级词。
calculator,,,,cet4,official_syllabus_2016,2,全国大学英语四、六级考试大纲（2016年修订版）词表；未加★为四级词。
calculating,,,,cet4,official_syllabus_2016,2,全国大学英语四、六级考试大纲（2016年修订版）词表；未加★为四级词。
calendar,,,,cet4,official_syllabus_2016,2,全国大学英语四、六级考试大纲（2016年修订版）词表；未加★为四级词。
calf,,,,cet4,official_syllabus_2016,2,全国大学英语四、六级考试大纲（2016年修订版）词表；未加★为四级词。
call,,,,cet4,official_syllabus_2016,2,全国大学英语四、六级考试大纲（2016年修订版）词表；未加★为四级词。
calling,,,,cet4,official_syllabus_2016,2,全国大学英语四、六级考试大纲（2016年修订版）词表；未加★为四级词。
calm,,,,cet4,official_syllabus_2016,2,全国大学英语四、六级考试大纲（2016年修订版）词表；未加★为四级词。
calorie,,,,cet4,official_syllabus_2016,2,全国大学英语四、六级考试大纲（2016年修订版）词表；未加★为四级词。
camel,,,,cet4,official_syllabus_2016,2,全国大学英语四、六级考试大纲（2016年修订版）词表；未加★为四级词。
camera,,,,cet4,official_syllabus_2016,2,全国大学英语四、六级考试大纲（2016年修订版）词表；未加★为四级词。
camp,,,,cet4,official_syllabus_2016,2,全国大学英语四、六级考试大纲（2016年修订版）词表；未加★为四级词。
campaign,,,,cet4,official_syllabus_2016,2,全国大学英语四、六级考试大纲（2016年修订版）词表；未加★为四级词。
campus,,,,cet4,official_syllabus_2016,2,全国大学英语四、六级考试大纲（2016年修订版）词表；未加★为四级词。
can,,,,cet4,official_syllabus_2016,2,全国大学英语四、六级考试大纲（2016年修订版）词表；未加★为四级词。
canal,,,,cet4,official_syllabus_2016,2,全国大学英语四、六级考试大纲（2016年修订版）词表；未加★为四级词。
cancel,,,,cet4,official_syllabus_2016,2,全国大学英语四、六级考试大纲（2016年修订版）词表；未加★为四级词。
cancellation,,,,cet4,official_syllabus_2016,2,全国大学英语四、六级考试大纲（2016年修订版）词表；未加★为四级词。
cancer,,,,cet4,official_syllabus_2016,2,全国大学英语四、六级考试大纲（2016年修订版）词表；未加★为四级词。
candidate,,,,cet4,official_syllabus_2016,2,全国大学英语四、六级考试大纲（2016年修订版）词表；未加★为四级词。
candidacy,,,,cet4,official_syllabus_2016,2,全国大学英语四、六级考试大纲（2016年修订版）词表；未加★为四级词。
candle,,,,cet4,official_syllabus_2016,2,全国大学英语四、六级考试大纲（2016年修订版）词表；未加★为四级词。
candy,,,,cet4,official_syllabus_2016,2,全国大学英语四、六级考试大纲（2016年修订版）词表；未加★为四级词。
cane,,,,cet4,official_syllabus_2016,2,全国大学英语四、六级考试大纲（2016年修订版）词表；未加★为四级词。
canteen,,,,cet4,official_syllabus_2016,2,全国大学英语四、六级考试大纲（2016年修订版）词表；未加★为四级词。
cap,,,,cet4,official_syllabus_2016,2,全国大学英语四、六级考试大纲（2016年修订版）词表；未加★为四级词。
capable,,,,cet4,official_syllabus_2016,2,全国大学英语四、六级考试大纲（2016年修订版）词表；未加★为四级词。
capability,,,,cet4,official_syllabus_2016,2,全国大学英语四、六级考试大纲（2016年修订版）词表；未加★为四级词。
capacity,,,,cet4,official_syllabus_2016,2,全国大学英语四、六级考试大纲（2016年修订版）词表；未加★为四级词。
capital,,,,cet4,official_syllabus_2016,2,全国大学英语四、六级考试大纲（2016年修订版）词表；未加★为四级词。
capitalist,,,,cet4,official_syllabus_2016,2,全国大学英语四、六级考试大纲（2016年修订版）词表；未加★为四级词。
capitalism,,,,cet4,official_syllabus_2016,2,全国大学英语四、六级考试大纲（2016年修订版）词表；未加★为四级词。
captain,,,,cet4,official_syllabus_2016,2,全国大学英语四、六级考试大纲（2016年修订版）词表；未加★为四级词。
capture,,,,cet4,official_syllabus_2016,2,全国大学英语四、六级考试大纲（2016年修订版）词表；未加★为四级词。
car,,,,cet4,official_syllabus_2016,2,全国大学英语四、六级考试大纲（2016年修订版）词表；未加★为四级词。
carbon,,,,cet4,official_syllabus_2016,2,全国大学英语四、六级考试大纲（2016年修订版）词表；未加★为四级词。
card,,,,cet4,official_syllabus_2016,2,全国大学英语四、六级考试大纲（2016年修订版）词表；未加★为四级词。
cardboard,,,,cet4,official_syllabus_2016,2,全国大学英语四、六级考试大纲（2016年修订版）词表；未加★为四级词。
care,,,,cet4,official_syllabus_2016,2,全国大学英语四、六级考试大纲（2016年修订版）词表；未加★为四级词。
careful,,,,cet4,official_syllabus_2016,2,全国大学英语四、六级考试大纲（2016年修订版）词表；未加★为四级词。
careless,,,,cet4,official_syllabus_2016,2,全国大学英语四、六级考试大纲（2016年修订版）词表；未加★为四级词。
career,,,,cet4,official_syllabus_2016,2,全国大学英语四、六级考试大纲（2016年修订版）词表；未加★为四级词。
cargo,,,,cet4,official_syllabus_2016,2,全国大学英语四、六级考试大纲（2016年修订版）词表；未加★为四级词。
carpenter,,,,cet4,official_syllabus_2016,2,全国大学英语四、六级考试大纲（2016年修订版）词表；未加★为四级词。
carpet,,,,cet4,official_syllabus_2016,2,全国大学英语四、六级考试大纲（2016年修订版）词表；未加★为四级词。
carriage,,,,cet4,official_syllabus_2016,2,全国大学英语四、六级考试大纲（2016年修订版）词表；未加★为四级词。
carrier,,,,cet4,official_syllabus_2016,2,全国大学英语四、六级考试大纲（2016年修订版）词表；未加★为四级词。
carrot,,,,cet4,official_syllabus_2016,2,全国大学英语四、六级考试大纲（2016年修订版）词表；未加★为四级词。
carry,,,,cet4,official_syllabus_2016,2,全国大学英语四、六级考试大纲（2016年修订版）词表；未加★为四级词。
cart,,,,cet4,official_syllabus_2016,2,全国大学英语四、六级考试大纲（2016年修订版）词表；未加★为四级词。
cartoon,,,,cet4,official_syllabus_2016,2,全国大学英语四、六级考试大纲（2016年修订版）词表；未加★为四级词。
cartoonist,,,,cet4,official_syllabus_2016,2,全国大学英语四、六级考试大纲（2016年修订版）词表；未加★为四级词。
carving,,,,cet4,official_syllabus_2016,2,全国大学英语四、六级考试大纲（2016年修订版）词表；未加★为四级词。
case,,,,cet4,official_syllabus_2016,2,全国大学英语四、六级考试大纲（2016年修订版）词表；未加★为四级词。
cash,,,,cet4,official_syllabus_2016,2,全国大学英语四、六级考试大纲（2016年修订版）词表；未加★为四级词。
cashier,,,,cet4,official_syllabus_2016,2,全国大学英语四、六级考试大纲（2016年修订版）词表；未加★为四级词。
cast,,,,cet4,official_syllabus_2016,2,全国大学英语四、六级考试大纲（2016年修订版）词表；未加★为四级词。
castle,,,,cet4,official_syllabus_2016,2,全国大学英语四、六级考试大纲（2016年修订版）词表；未加★为四级词。
casual,,,,cet4,official_syllabus_2016,2,全国大学英语四、六级考试大纲（2016年修订版）词表；未加★为四级词。
cat,,,,cet4,official_syllabus_2016,2,全国大学英语四、六级考试大纲（2016年修订版）词表；未加★为四级词。
catalog(ue),,,,cet4,official_syllabus_2016,2,全国大学英语四、六级考试大纲（2016年修订版）词表；未加★为四级词。
catastrophic,,,,cet4,official_syllabus_2016,2,全国大学英语四、六级考试大纲（2016年修订版）词表；未加★为四级词。
catch,,,,cet4,official_syllabus_2016,2,全国大学英语四、六级考试大纲（2016年修订版）词表；未加★为四级词。
category,,,,cet4,official_syllabus_2016,2,全国大学英语四、六级考试大纲（2016年修订版）词表；未加★为四级词。
cater,,,,cet4,official_syllabus_2016,2,全国大学英语四、六级考试大纲（2016年修订版）词表；未加★为四级词。
cattle,,,,cet4,official_syllabus_2016,2,全国大学英语四、六级考试大纲（2016年修订版）词表；未加★为四级词。
cause,,,,cet4,official_syllabus_2016,2,全国大学英语四、六级考试大纲（2016年修订版）词表；未加★为四级词。
caution,,,,cet4,official_syllabus_2016,2,全国大学英语四、六级考试大纲（2016年修订版）词表；未加★为四级词。
cautious,,,,cet4,official_syllabus_2016,2,全国大学英语四、六级考试大纲（2016年修订版）词表；未加★为四级词。
cave,,,,cet4,official_syllabus_2016,2,全国大学英语四、六级考试大纲（2016年修订版）词表；未加★为四级词。
cease,,,,cet4,official_syllabus_2016,2,全国大学英语四、六级考试大纲（2016年修订版）词表；未加★为四级词。
ceiling,,,,cet4,official_syllabus_2016,2,全国大学英语四、六级考试大纲（2016年修订版）词表；未加★为四级词。
celebrate,,,,cet4,official_syllabus_2016,2,全国大学英语四、六级考试大纲（2016年修订版）词表；未加★为四级词。
celebration,,,,cet4,official_syllabus_2016,2,全国大学英语四、六级考试大纲（2016年修订版）词表；未加★为四级词。
cell,,,,cet4,official_syllabus_2016,2,全国大学英语四、六级考试大纲（2016年修订版）词表；未加★为四级词。
cellar,,,,cet4,official_syllabus_2016,2,全国大学英语四、六级考试大纲（2016年修订版）词表；未加★为四级词。
cement,,,,cet4,official_syllabus_2016,2,全国大学英语四、六级考试大纲（2016年修订版）词表；未加★为四级词。
censorship,,,,cet4,official_syllabus_2016,2,全国大学英语四、六级考试大纲（2016年修订版）词表；未加★为四级词。
cent,,,,cet4,official_syllabus_2016,2,全国大学英语四、六级考试大纲（2016年修订版）词表；未加★为四级词。
central,,,,cet4,official_syllabus_2016,2,全国大学英语四、六级考试大纲（2016年修订版）词表；未加★为四级词。
centigrade,,,,cet4,official_syllabus_2016,2,全国大学英语四、六级考试大纲（2016年修订版）词表；未加★为四级词。
century,,,,cet4,official_syllabus_2016,2,全国大学英语四、六级考试大纲（2016年修订版）词表；未加★为四级词。
cereal,,,,cet4,official_syllabus_2016,2,全国大学英语四、六级考试大纲（2016年修订版）词表；未加★为四级词。
ceremony,,,,cet4,official_syllabus_2016,2,全国大学英语四、六级考试大纲（2016年修订版）词表；未加★为四级词。
ceremonial,,,,cet4,official_syllabus_2016,2,全国大学英语四、六级考试大纲（2016年修订版）词表；未加★为四级词。
certain,,,,cet4,official_syllabus_2016,2,全国大学英语四、六级考试大纲（2016年修订版）词表；未加★为四级词。
certainly,,,,cet4,official_syllabus_2016,2,全国大学英语四、六级考试大纲（2016年修订版）词表；未加★为四级词。
certainty,,,,cet4,official_syllabus_2016,2,全国大学英语四、六级考试大纲（2016年修订版）词表；未加★为四级词。
certificate,,,,cet4,official_syllabus_2016,2,全国大学英语四、六级考试大纲（2016年修订版）词表；未加★为四级词。
certification,,,,cet4,official_syllabus_2016,2,全国大学英语四、六级考试大纲（2016年修订版）词表；未加★为四级词。
chain,,,,cet4,official_syllabus_2016,2,全国大学英语四、六级考试大纲（2016年修订版）词表；未加★为四级词。
chair,,,,cet4,official_syllabus_2016,2,全国大学英语四、六级考试大纲（2016年修订版）词表；未加★为四级词。
chairman/chairperson,,,,cet4,official_syllabus_2016,2,全国大学英语四、六级考试大纲（2016年修订版）词表；未加★为四级词。
chalk,,,,cet4,official_syllabus_2016,2,全国大学英语四、六级考试大纲（2016年修订版）词表；未加★为四级词。
challenge,,,,cet4,official_syllabus_2016,2,全国大学英语四、六级考试大纲（2016年修订版）词表；未加★为四级词。
challenging,,,,cet4,official_syllabus_2016,2,全国大学英语四、六级考试大纲（2016年修订版）词表；未加★为四级词。
champagne,,,,cet4,official_syllabus_2016,2,全国大学英语四、六级考试大纲（2016年修订版）词表；未加★为四级词。
champion,,,,cet4,official_syllabus_2016,2,全国大学英语四、六级考试大纲（2016年修订版）词表；未加★为四级词。
championship,,,,cet4,official_syllabus_2016,2,全国大学英语四、六级考试大纲（2016年修订版）词表；未加★为四级词。
chance,,,,cet4,official_syllabus_2016,2,全国大学英语四、六级考试大纲（2016年修订版）词表；未加★为四级词。
change,,,,cet4,official_syllabus_2016,2,全国大学英语四、六级考试大纲（2016年修订版）词表；未加★为四级词。
channel,,,,cet4,official_syllabus_2016,2,全国大学英语四、六级考试大纲（2016年修订版）词表；未加★为四级词。
chaos,,,,cet4,official_syllabus_2016,2,全国大学英语四、六级考试大纲（2016年修订版）词表；未加★为四级词。
chaotic,,,,cet4,official_syllabus_2016,2,全国大学英语四、六级考试大纲（2016年修订版）词表；未加★为四级词。
chapter,,,,cet4,official_syllabus_2016,2,全国大学英语四、六级考试大纲（2016年修订版）词表；未加★为四级词。
character,,,,cet4,official_syllabus_2016,2,全国大学英语四、六级考试大纲（2016年修订版）词表；未加★为四级词。
characteristic,,,,cet4,official_syllabus_2016,2,全国大学英语四、六级考试大纲（2016年修订版）词表；未加★为四级词。
charge,,,,cet4,official_syllabus_2016,2,全国大学英语四、六级考试大纲（2016年修订版）词表；未加★为四级词。
charity,,,,cet4,official_syllabus_2016,2,全国大学英语四、六级考试大纲（2016年修订版）词表；未加★为四级词。
charitable,,,,cet4,official_syllabus_2016,2,全国大学英语四、六级考试大纲（2016年修订版）词表；未加★为四级词。
charm,,,,cet4,official_syllabus_2016,2,全国大学英语四、六级考试大纲（2016年修订版）词表；未加★为四级词。
charming,,,,cet4,official_syllabus_2016,2,全国大学英语四、六级考试大纲（2016年修订版）词表；未加★为四级词。
chart,,,,cet4,official_syllabus_2016,2,全国大学英语四、六级考试大纲（2016年修订版）词表；未加★为四级词。
charter,,,,cet4,official_syllabus_2016,2,全国大学英语四、六级考试大纲（2016年修订版）词表；未加★为四级词。
chase,,,,cet4,official_syllabus_2016,2,全国大学英语四、六级考试大纲（2016年修订版）词表；未加★为四级词。
chat,,,,cet4,official_syllabus_2016,2,全国大学英语四、六级考试大纲（2016年修订版）词表；未加★为四级词。
cheap,,,,cet4,official_syllabus_2016,2,全国大学英语四、六级考试大纲（2016年修订版）词表；未加★为四级词。
cheat,,,,cet4,official_syllabus_2016,2,全国大学英语四、六级考试大纲（2016年修订版）词表；未加★为四级词。
check,,,,cet4,official_syllabus_2016,2,全国大学英语四、六级考试大纲（2016年修订版）词表；未加★为四级词。
cheek,,,,cet4,official_syllabus_2016,2,全国大学英语四、六级考试大纲（2016年修订版）词表；未加★为四级词。
cheer,,,,cet4,official_syllabus_2016,2,全国大学英语四、六级考试大纲（2016年修订版）词表；未加★为四级词。
cheerful,,,,cet4,official_syllabus_2016,2,全国大学英语四、六级考试大纲（2016年修订版）词表；未加★为四级词。
cheese,,,,cet4,official_syllabus_2016,2,全国大学英语四、六级考试大纲（2016年修订版）词表；未加★为四级词。
chef,,,,cet4,official_syllabus_2016,2,全国大学英语四、六级考试大纲（2016年修订版）词表；未加★为四级词。
chemistry,,,,cet4,official_syllabus_2016,2,全国大学英语四、六级考试大纲（2016年修订版）词表；未加★为四级词。
chemical,,,,cet4,official_syllabus_2016,2,全国大学英语四、六级考试大纲（2016年修订版）词表；未加★为四级词。
chemist,,,,cet4,official_syllabus_2016,2,全国大学英语四、六级考试大纲（2016年修订版）词表；未加★为四级词。
cherish,,,,cet4,official_syllabus_2016,2,全国大学英语四、六级考试大纲（2016年修订版）词表；未加★为四级词。
chess,,,,cet4,official_syllabus_2016,2,全国大学英语四、六级考试大纲（2016年修订版）词表；未加★为四级词。
chest,,,,cet4,official_syllabus_2016,2,全国大学英语四、六级考试大纲（2016年修订版）词表；未加★为四级词。
chew,,,,cet4,official_syllabus_2016,2,全国大学英语四、六级考试大纲（2016年修订版）词表；未加★为四级词。
chicken,,,,cet4,official_syllabus_2016,2,全国大学英语四、六级考试大纲（2016年修订版）词表；未加★为四级词。
chief,,,,cet4,official_syllabus_2016,2,全国大学英语四、六级考试大纲（2016年修订版）词表；未加★为四级词。
child,,,,cet4,official_syllabus_2016,2,全国大学英语四、六级考试大纲（2016年修订版）词表；未加★为四级词。
childish,,,,cet4,official_syllabus_2016,2,全国大学英语四、六级考试大纲（2016年修订版）词表；未加★为四级词。
chill,,,,cet4,official_syllabus_2016,2,全国大学英语四、六级考试大纲（2016年修订版）词表；未加★为四级词。
chilly,,,,cet4,official_syllabus_2016,2,全国大学英语四、六级考试大纲（2016年修订版）词表；未加★为四级词。
chimney,,,,cet4,official_syllabus_2016,2,全国大学英语四、六级考试大纲（2016年修订版）词表；未加★为四级词。
chin,,,,cet4,official_syllabus_2016,2,全国大学英语四、六级考试大纲（2016年修订版）词表；未加★为四级词。
china,,,,cet4,official_syllabus_2016,2,全国大学英语四、六级考试大纲（2016年修订版）词表；未加★为四级词。
chip,,,,cet4,official_syllabus_2016,2,全国大学英语四、六级考试大纲（2016年修订版）词表；未加★为四级词。
chocolate,,,,cet4,official_syllabus_2016,2,全国大学英语四、六级考试大纲（2016年修订版）词表；未加★为四级词。
choice,,,,cet4,official_syllabus_2016,2,全国大学英语四、六级考试大纲（2016年修订版）词表；未加★为四级词。
choke,,,,cet4,official_syllabus_2016,2,全国大学英语四、六级考试大纲（2016年修订版）词表；未加★为四级词。
cholesterol,,,,cet4,official_syllabus_2016,2,全国大学英语四、六级考试大纲（2016年修订版）词表；未加★为四级词。
choose,,,,cet4,official_syllabus_2016,2,全国大学英语四、六级考试大纲（2016年修订版）词表；未加★为四级词。
choosy,,,,cet4,official_syllabus_2016,2,全国大学英语四、六级考试大纲（2016年修订版）词表；未加★为四级词。
chop,,,,cet4,official_syllabus_2016,2,全国大学英语四、六级考试大纲（2016年修订版）词表；未加★为四级词。
chopstick,,,,cet4,official_syllabus_2016,2,全国大学英语四、六级考试大纲（2016年修订版）词表；未加★为四级词。
chore,,,,cet4,official_syllabus_2016,2,全国大学英语四、六级考试大纲（2016年修订版）词表；未加★为四级词。
chorus,,,,cet4,official_syllabus_2016,2,全国大学英语四、六级考试大纲（2016年修订版）词表；未加★为四级词。
Christ,,,,cet4,official_syllabus_2016,2,全国大学英语四、六级考试大纲（2016年修订版）词表；未加★为四级词。
Christmas,,,,cet4,official_syllabus_2016,2,全国大学英语四、六级考试大纲（2016年修订版）词表；未加★为四级词。
Christian,,,,cet4,official_syllabus_2016,2,全国大学英语四、六级考试大纲（2016年修订版）词表；未加★为四级词。
Christianity,,,,cet4,official_syllabus_2016,2,全国大学英语四、六级考试大纲（2016年修订版）词表；未加★为四级词。
chronically,,,,cet4,official_syllabus_2016,2,全国大学英语四、六级考试大纲（2016年修订版）词表；未加★为四级词。
church,,,,cet4,official_syllabus_2016,2,全国大学英语四、六级考试大纲（2016年修订版）词表；未加★为四级词。
cigar,,,,cet4,official_syllabus_2016,2,全国大学英语四、六级考试大纲（2016年修订版）词表；未加★为四级词。
cigaret(te),,,,cet4,official_syllabus_2016,2,全国大学英语四、六级考试大纲（2016年修订版）词表；未加★为四级词。
cinema,,,,cet4,official_syllabus_2016,2,全国大学英语四、六级考试大纲（2016年修订版）词表；未加★为四级词。
circle,,,,cet4,official_syllabus_2016,2,全国大学英语四、六级考试大纲（2016年修订版）词表；未加★为四级词。
circular,,,,cet4,official_syllabus_2016,2,全国大学英语四、六级考试大纲（2016年修订版）词表；未加★为四级词。
circuit,,,,cet4,official_syllabus_2016,2,全国大学英语四、六级考试大纲（2016年修订版）词表；未加★为四级词。
circulate,,,,cet4,official_syllabus_2016,2,全国大学英语四、六级考试大纲（2016年修订版）词表；未加★为四级词。
circulation,,,,cet4,official_syllabus_2016,2,全国大学英语四、六级考试大纲（2016年修订版）词表；未加★为四级词。
circumstance,,,,cet4,official_syllabus_2016,2,全国大学英语四、六级考试大纲（2016年修订版）词表；未加★为四级词。
circus,,,,cet4,official_syllabus_2016,2,全国大学英语四、六级考试大纲（2016年修订版）词表；未加★为四级词。
cite,,,,cet4,official_syllabus_2016,2,全国大学英语四、六级考试大纲（2016年修订版）词表；未加★为四级词。
citation,,,,cet4,official_syllabus_2016,2,全国大学英语四、六级考试大纲（2016年修订版）词表；未加★为四级词。
citizen,,,,cet4,official_syllabus_2016,2,全国大学英语四、六级考试大纲（2016年修订版）词表；未加★为四级词。
citizenship,,,,cet4,official_syllabus_2016,2,全国大学英语四、六级考试大纲（2016年修订版）词表；未加★为四级词。
city,,,,cet4,official_syllabus_2016,2,全国大学英语四、六级考试大纲（2016年修订版）词表；未加★为四级词。
civil,,,,cet4,official_syllabus_2016,2,全国大学英语四、六级考试大纲（2016年修订版）词表；未加★为四级词。
civilian,,,,cet4,official_syllabus_2016,2,全国大学英语四、六级考试大纲（2016年修订版）词表；未加★为四级词。
claim,,,,cet4,official_syllabus_2016,2,全国大学英语四、六级考试大纲（2016年修订版）词表；未加★为四级词。
clap,,,,cet4,official_syllabus_2016,2,全国大学英语四、六级考试大纲（2016年修订版）词表；未加★为四级词。
clarity,,,,cet4,official_syllabus_2016,2,全国大学英语四、六级考试大纲（2016年修订版）词表；未加★为四级词。
clarify,,,,cet4,official_syllabus_2016,2,全国大学英语四、六级考试大纲（2016年修订版）词表；未加★为四级词。
clarification,,,,cet4,official_syllabus_2016,2,全国大学英语四、六级考试大纲（2016年修订版）词表；未加★为四级词。
clash,,,,cet4,official_syllabus_2016,2,全国大学英语四、六级考试大纲（2016年修订版）词表；未加★为四级词。
class,,,,cet4,official_syllabus_2016,2,全国大学英语四、六级考试大纲（2016年修订版）词表；未加★为四级词。
classic,,,,cet4,official_syllabus_2016,2,全国大学英语四、六级考试大纲（2016年修订版）词表；未加★为四级词。
classical,,,,cet4,official_syllabus_2016,2,全国大学英语四、六级考试大纲（2016年修订版）词表；未加★为四级词。
classify,,,,cet4,official_syllabus_2016,2,全国大学英语四、六级考试大纲（2016年修订版）词表；未加★为四级词。
classification,,,,cet4,official_syllabus_2016,2,全国大学英语四、六级考试大纲（2016年修订版）词表；未加★为四级词。
classified,,,,cet4,official_syllabus_2016,2,全国大学英语四、六级考试大纲（2016年修订版）词表；未加★为四级词。
classmate,,,,cet4,official_syllabus_2016,2,全国大学英语四、六级考试大纲（2016年修订版）词表；未加★为四级词。
classroom,,,,cet4,official_syllabus_2016,2,全国大学英语四、六级考试大纲（2016年修订版）词表；未加★为四级词。
clause,,,,cet4,official_syllabus_2016,2,全国大学英语四、六级考试大纲（2016年修订版）词表；未加★为四级词。
claw,,,,cet4,official_syllabus_2016,2,全国大学英语四、六级考试大纲（2016年修订版）词表；未加★为四级词。
clay,,,,cet4,official_syllabus_2016,2,全国大学英语四、六级考试大纲（2016年修订版）词表；未加★为四级词。
clean,,,,cet4,official_syllabus_2016,2,全国大学英语四、六级考试大纲（2016年修订版）词表；未加★为四级词。
clear,,,,cet4,official_syllabus_2016,2,全国大学英语四、六级考试大纲（2016年修订版）词表；未加★为四级词。
clearly,,,,cet4,official_syllabus_2016,2,全国大学英语四、六级考试大纲（2016年修订版）词表；未加★为四级词。
clerk,,,,cet4,official_syllabus_2016,2,全国大学英语四、六级考试大纲（2016年修订版）词表；未加★为四级词。
clerical,,,,cet4,official_syllabus_2016,2,全国大学英语四、六级考试大纲（2016年修订版）词表；未加★为四级词。
clever,,,,cet4,official_syllabus_2016,2,全国大学英语四、六级考试大纲（2016年修订版）词表；未加★为四级词。
click,,,,cet4,official_syllabus_2016,2,全国大学英语四、六级考试大纲（2016年修订版）词表；未加★为四级词。
client,,,,cet4,official_syllabus_2016,2,全国大学英语四、六级考试大纲（2016年修订版）词表；未加★为四级词。
cliff,,,,cet4,official_syllabus_2016,2,全国大学英语四、六级考试大纲（2016年修订版）词表；未加★为四级词。
climate,,,,cet4,official_syllabus_2016,2,全国大学英语四、六级考试大纲（2016年修订版）词表；未加★为四级词。
climatic,,,,cet4,official_syllabus_2016,2,全国大学英语四、六级考试大纲（2016年修订版）词表；未加★为四级词。
climax,,,,cet4,official_syllabus_2016,2,全国大学英语四、六级考试大纲（2016年修订版）词表；未加★为四级词。
climb,,,,cet4,official_syllabus_2016,2,全国大学英语四、六级考试大纲（2016年修订版）词表；未加★为四级词。
cling,,,,cet4,official_syllabus_2016,2,全国大学英语四、六级考试大纲（2016年修订版）词表；未加★为四级词。
clinic,,,,cet4,official_syllabus_2016,2,全国大学英语四、六级考试大纲（2016年修订版）词表；未加★为四级词。
clinical,,,,cet4,official_syllabus_2016,2,全国大学英语四、六级考试大纲（2016年修订版）词表；未加★为四级词。
clip,,,,cet4,official_syllabus_2016,2,全国大学英语四、六级考试大纲（2016年修订版）词表；未加★为四级词。
clock,,,,cet4,official_syllabus_2016,2,全国大学英语四、六级考试大纲（2016年修订版）词表；未加★为四级词。
clockwise,,,,cet4,official_syllabus_2016,2,全国大学英语四、六级考试大纲（2016年修订版）词表；未加★为四级词。
clone,,,,cet4,official_syllabus_2016,2,全国大学英语四、六级考试大纲（2016年修订版）词表；未加★为四级词。
close,,,,cet4,official_syllabus_2016,2,全国大学英语四、六级考试大纲（2016年修订版）词表；未加★为四级词。
cloth,,,,cet4,official_syllabus_2016,2,全国大学英语四、六级考试大纲（2016年修订版）词表；未加★为四级词。
clothe,,,,cet4,official_syllabus_2016,2,全国大学英语四、六级考试大纲（2016年修订版）词表；未加★为四级词。
clothing,,,,cet4,official_syllabus_2016,2,全国大学英语四、六级考试大纲（2016年修订版）词表；未加★为四级词。
clothes,,,,cet4,official_syllabus_2016,2,全国大学英语四、六级考试大纲（2016年修订版）词表；未加★为四级词。
cloud,,,,cet4,official_syllabus_2016,2,全国大学英语四、六级考试大纲（2016年修订版）词表；未加★为四级词。
cloudy,,,,cet4,official_syllabus_2016,2,全国大学英语四、六级考试大纲（2016年修订版）词表；未加★为四级词。
clown,,,,cet4,official_syllabus_2016,2,全国大学英语四、六级考试大纲（2016年修订版）词表；未加★为四级词。
club,,,,cet4,official_syllabus_2016,2,全国大学英语四、六级考试大纲（2016年修订版）词表；未加★为四级词。
clue,,,,cet4,official_syllabus_2016,2,全国大学英语四、六级考试大纲（2016年修订版）词表；未加★为四级词。
clumsy,,,,cet4,official_syllabus_2016,2,全国大学英语四、六级考试大纲（2016年修订版）词表；未加★为四级词。
coach,,,,cet4,official_syllabus_2016,2,全国大学英语四、六级考试大纲（2016年修订版）词表；未加★为四级词。
coal,,,,cet4,official_syllabus_2016,2,全国大学英语四、六级考试大纲（2016年修订版）词表；未加★为四级词。
coarse,,,,cet4,official_syllabus_2016,2,全国大学英语四、六级考试大纲（2016年修订版）词表；未加★为四级词。
coast,,,,cet4,official_syllabus_2016,2,全国大学英语四、六级考试大纲（2016年修订版）词表；未加★为四级词。
coastal,,,,cet4,official_syllabus_2016,2,全国大学英语四、六级考试大纲（2016年修订版）词表；未加★为四级词。
coat,,,,cet4,official_syllabus_2016,2,全国大学英语四、六级考试大纲（2016年修订版）词表；未加★为四级词。
cock,,,,cet4,official_syllabus_2016,2,全国大学英语四、六级考试大纲（2016年修订版）词表；未加★为四级词。
code,,,,cet4,official_syllabus_2016,2,全国大学英语四、六级考试大纲（2016年修订版）词表；未加★为四级词。
coexistence,,,,cet4,official_syllabus_2016,2,全国大学英语四、六级考试大纲（2016年修订版）词表；未加★为四级词。
coffee,,,,cet4,official_syllabus_2016,2,全国大学英语四、六级考试大纲（2016年修订版）词表；未加★为四级词。
cognition,,,,cet4,official_syllabus_2016,2,全国大学英语四、六级考试大纲（2016年修订版）词表；未加★为四级词。
coherent,,,,cet4,official_syllabus_2016,2,全国大学英语四、六级考试大纲（2016年修订版）词表；未加★为四级词。
coherence,,,,cet4,official_syllabus_2016,2,全国大学英语四、六级考试大纲（2016年修订版）词表；未加★为四级词。
cohesion,,,,cet4,official_syllabus_2016,2,全国大学英语四、六级考试大纲（2016年修订版）词表；未加★为四级词。
cohesive,,,,cet4,official_syllabus_2016,2,全国大学英语四、六级考试大纲（2016年修订版）词表；未加★为四级词。
coil,,,,cet4,official_syllabus_2016,2,全国大学英语四、六级考试大纲（2016年修订版）词表；未加★为四级词。
coin,,,,cet4,official_syllabus_2016,2,全国大学英语四、六级考试大纲（2016年修订版）词表；未加★为四级词。
coinage,,,,cet4,official_syllabus_2016,2,全国大学英语四、六级考试大纲（2016年修订版）词表；未加★为四级词。
coincidence,,,,cet4,official_syllabus_2016,2,全国大学英语四、六级考试大纲（2016年修订版）词表；未加★为四级词。
cold,,,,cet4,official_syllabus_2016,2,全国大学英语四、六级考试大纲（2016年修订版）词表；未加★为四级词。
collaborate,,,,cet4,official_syllabus_2016,2,全国大学英语四、六级考试大纲（2016年修订版）词表；未加★为四级词。
collaboration,,,,cet4,official_syllabus_2016,2,全国大学英语四、六级考试大纲（2016年修订版）词表；未加★为四级词。
collaborative,,,,cet4,official_syllabus_2016,2,全国大学英语四、六级考试大纲（2016年修订版）词表；未加★为四级词。
collapse,,,,cet4,official_syllabus_2016,2,全国大学英语四、六级考试大纲（2016年修订版）词表；未加★为四级词。
collar,,,,cet4,official_syllabus_2016,2,全国大学英语四、六级考试大纲（2016年修订版）词表；未加★为四级词。
colleague,,,,cet4,official_syllabus_2016,2,全国大学英语四、六级考试大纲（2016年修订版）词表；未加★为四级词。
collect,,,,cet4,official_syllabus_2016,2,全国大学英语四、六级考试大纲（2016年修订版）词表；未加★为四级词。
collection,,,,cet4,official_syllabus_2016,2,全国大学英语四、六级考试大纲（2016年修订版）词表；未加★为四级词。
collective,,,,cet4,official_syllabus_2016,2,全国大学英语四、六级考试大纲（2016年修订版）词表；未加★为四级词。
college,,,,cet4,official_syllabus_2016,2,全国大学英语四、六级考试大纲（2016年修订版）词表；未加★为四级词。
collision,,,,cet4,official_syllabus_2016,2,全国大学英语四、六级考试大纲（2016年修订版）词表；未加★为四级词。
colon,,,,cet4,official_syllabus_2016,2,全国大学英语四、六级考试大纲（2016年修订版）词表；未加★为四级词。
colony,,,,cet4,official_syllabus_2016,2,全国大学英语四、六级考试大纲（2016年修订版）词表；未加★为四级词。
colonial,,,,cet4,official_syllabus_2016,2,全国大学英语四、六级考试大纲（2016年修订版）词表；未加★为四级词。
colonialism,,,,cet4,official_syllabus_2016,2,全国大学英语四、六级考试大纲（2016年修订版）词表；未加★为四级词。
colo(u)r,,,,cet4,official_syllabus_2016,2,全国大学英语四、六级考试大纲（2016年修订版）词表；未加★为四级词。
colo(u)rful,,,,cet4,official_syllabus_2016,2,全国大学英语四、六级考试大纲（2016年修订版）词表；未加★为四级词。
column,,,,cet4,official_syllabus_2016,2,全国大学英语四、六级考试大纲（2016年修订版）词表；未加★为四级词。
columnist,,,,cet4,official_syllabus_2016,2,全国大学英语四、六级考试大纲（2016年修订版）词表；未加★为四级词。
comb,,,,cet4,official_syllabus_2016,2,全国大学英语四、六级考试大纲（2016年修订版）词表；未加★为四级词。
combat,,,,cet4,official_syllabus_2016,2,全国大学英语四、六级考试大纲（2016年修订版）词表；未加★为四级词。
combative,,,,cet4,official_syllabus_2016,2,全国大学英语四、六级考试大纲（2016年修订版）词表；未加★为四级词。
combine,,,,cet4,official_syllabus_2016,2,全国大学英语四、六级考试大纲（2016年修订版）词表；未加★为四级词。
combination,,,,cet4,official_syllabus_2016,2,全国大学英语四、六级考试大纲（2016年修订版）词表；未加★为四级词。
come,,,,cet4,official_syllabus_2016,2,全国大学英语四、六级考试大纲（2016年修订版）词表；未加★为四级词。
comedy,,,,cet4,official_syllabus_2016,2,全国大学英语四、六级考试大纲（2016年修订版）词表；未加★为四级词。
comfort,,,,cet4,official_syllabus_2016,2,全国大学英语四、六级考试大纲（2016年修订版）词表；未加★为四级词。
comfortable,,,,cet4,official_syllabus_2016,2,全国大学英语四、六级考试大纲（2016年修订版）词表；未加★为四级词。
comma,,,,cet4,official_syllabus_2016,2,全国大学英语四、六级考试大纲（2016年修订版）词表；未加★为四级词。
command,,,,cet4,official_syllabus_2016,2,全国大学英语四、六级考试大纲（2016年修订版）词表；未加★为四级词。
commander,,,,cet4,official_syllabus_2016,2,全国大学英语四、六级考试大纲（2016年修订版）词表；未加★为四级词。
commemoration,,,,cet4,official_syllabus_2016,2,全国大学英语四、六级考试大纲（2016年修订版）词表；未加★为四级词。
commence,,,,cet4,official_syllabus_2016,2,全国大学英语四、六级考试大纲（2016年修订版）词表；未加★为四级词。
commencement,,,,cet4,official_syllabus_2016,2,全国大学英语四、六级考试大纲（2016年修订版）词表；未加★为四级词。
commendation,,,,cet4,official_syllabus_2016,2,全国大学英语四、六级考试大纲（2016年修订版）词表；未加★为四级词。
comment,,,,cet4,official_syllabus_2016,2,全国大学英语四、六级考试大纲（2016年修订版）词表；未加★为四级词。
commentary,,,,cet4,official_syllabus_2016,2,全国大学英语四、六级考试大纲（2016年修订版）词表；未加★为四级词。
commentator,,,,cet4,official_syllabus_2016,2,全国大学英语四、六级考试大纲（2016年修订版）词表；未加★为四级词。
commerce,,,,cet4,official_syllabus_2016,2,全国大学英语四、六级考试大纲（2016年修订版）词表；未加★为四级词。
commercial,,,,cet4,official_syllabus_2016,2,全国大学英语四、六级考试大纲（2016年修订版）词表；未加★为四级词。
commission,,,,cet4,official_syllabus_2016,2,全国大学英语四、六级考试大纲（2016年修订版）词表；未加★为四级词。
commit,,,,cet4,official_syllabus_2016,2,全国大学英语四、六级考试大纲（2016年修订版）词表；未加★为四级词。
commitment,,,,cet4,official_syllabus_2016,2,全国大学英语四、六级考试大纲（2016年修订版）词表；未加★为四级词。
committee,,,,cet4,official_syllabus_2016,2,全国大学英语四、六级考试大纲（2016年修订版）词表；未加★为四级词。
commodity,,,,cet4,official_syllabus_2016,2,全国大学英语四、六级考试大纲（2016年修订版）词表；未加★为四级词。
common,,,,cet4,official_syllabus_2016,2,全国大学英语四、六级考试大纲（2016年修订版）词表；未加★为四级词。
commonplace,,,,cet4,official_syllabus_2016,2,全国大学英语四、六级考试大纲（2016年修订版）词表；未加★为四级词。
communicate,,,,cet4,official_syllabus_2016,2,全国大学英语四、六级考试大纲（2016年修订版）词表；未加★为四级词。
communication,,,,cet4,official_syllabus_2016,2,全国大学英语四、六级考试大纲（2016年修订版）词表；未加★为四级词。
communicative,,,,cet4,official_syllabus_2016,2,全国大学英语四、六级考试大纲（2016年修订版）词表；未加★为四级词。
commune,,,,cet4,official_syllabus_2016,2,全国大学英语四、六级考试大纲（2016年修订版）词表；未加★为四级词。
communist,,,,cet4,official_syllabus_2016,2,全国大学英语四、六级考试大纲（2016年修订版）词表；未加★为四级词。
communism,,,,cet4,official_syllabus_2016,2,全国大学英语四、六级考试大纲（2016年修订版）词表；未加★为四级词。
community,,,,cet4,official_syllabus_2016,2,全国大学英语四、六级考试大纲（2016年修订版）词表；未加★为四级词。
commute,,,,cet4,official_syllabus_2016,2,全国大学英语四、六级考试大纲（2016年修订版）词表；未加★为四级词。
commuter,,,,cet4,official_syllabus_2016,2,全国大学英语四、六级考试大纲（2016年修订版）词表；未加★为四级词。
compact,,,,cet4,official_syllabus_2016,2,全国大学英语四、六级考试大纲（2016年修订版）词表；未加★为四级词。
companion,,,,cet4,official_syllabus_2016,2,全国大学英语四、六级考试大纲（2016年修订版）词表；未加★为四级词。
companionship,,,,cet4,official_syllabus_2016,2,全国大学英语四、六级考试大纲（2016年修订版）词表；未加★为四级词。
company,,,,cet4,official_syllabus_2016,2,全国大学英语四、六级考试大纲（2016年修订版）词表；未加★为四级词。
compare,,,,cet4,official_syllabus_2016,2,全国大学英语四、六级考试大纲（2016年修订版）词表；未加★为四级词。
comparison,,,,cet4,official_syllabus_2016,2,全国大学英语四、六级考试大纲（2016年修订版）词表；未加★为四级词。
comparative,,,,cet4,official_syllabus_2016,2,全国大学英语四、六级考试大纲（2016年修订版）词表；未加★为四级词。
comparable,,,,cet4,official_syllabus_2016,2,全国大学英语四、六级考试大纲（2016年修订版）词表；未加★为四级词。
compass,,,,cet4,official_syllabus_2016,2,全国大学英语四、六级考试大纲（2016年修订版）词表；未加★为四级词。
compassionate,,,,cet4,official_syllabus_2016,2,全国大学英语四、六级考试大纲（2016年修订版）词表；未加★为四级词。
compatible,,,,cet4,official_syllabus_2016,2,全国大学英语四、六级考试大纲（2016年修订版）词表；未加★为四级词。
compatibility,,,,cet4,official_syllabus_2016,2,全国大学英语四、六级考试大纲（2016年修订版）词表；未加★为四级词。
compel,,,,cet4,official_syllabus_2016,2,全国大学英语四、六级考试大纲（2016年修订版）词表；未加★为四级词。
compelling,,,,cet4,official_syllabus_2016,2,全国大学英语四、六级考试大纲（2016年修订版）词表；未加★为四级词。
compensate,,,,cet4,official_syllabus_2016,2,全国大学英语四、六级考试大纲（2016年修订版）词表；未加★为四级词。
compensation,,,,cet4,official_syllabus_2016,2,全国大学英语四、六级考试大纲（2016年修订版）词表；未加★为四级词。
compensatory,,,,cet4,official_syllabus_2016,2,全国大学英语四、六级考试大纲（2016年修订版）词表；未加★为四级词。
compete,,,,cet4,official_syllabus_2016,2,全国大学英语四、六级考试大纲（2016年修订版）词表；未加★为四级词。
competition,,,,cet4,official_syllabus_2016,2,全国大学英语四、六级考试大纲（2016年修订版）词表；未加★为四级词。
competitive,,,,cet4,official_syllabus_2016,2,全国大学英语四、六级考试大纲（2016年修订版）词表；未加★为四级词。
competitor,,,,cet4,official_syllabus_2016,2,全国大学英语四、六级考试大纲（2016年修订版）词表；未加★为四级词。
competent,,,,cet4,official_syllabus_2016,2,全国大学英语四、六级考试大纲（2016年修订版）词表；未加★为四级词。
competence,,,,cet4,official_syllabus_2016,2,全国大学英语四、六级考试大纲（2016年修订版）词表；未加★为四级词。
compilation,,,,cet4,official_syllabus_2016,2,全国大学英语四、六级考试大纲（2016年修订版）词表；未加★为四级词。
complacency,,,,cet4,official_syllabus_2016,2,全国大学英语四、六级考试大纲（2016年修订版）词表；未加★为四级词。
complain,,,,cet4,official_syllabus_2016,2,全国大学英语四、六级考试大纲（2016年修订版）词表；未加★为四级词。
complaint,,,,cet4,official_syllabus_2016,2,全国大学英语四、六级考试大纲（2016年修订版）词表；未加★为四级词。
complementary,,,,cet4,official_syllabus_2016,2,全国大学英语四、六级考试大纲（2016年修订版）词表；未加★为四级词。
complete,,,,cet4,official_syllabus_2016,2,全国大学英语四、六级考试大纲（2016年修订版）词表；未加★为四级词。
completion,,,,cet4,official_syllabus_2016,2,全国大学英语四、六级考试大纲（2016年修订版）词表；未加★为四级词。
complex,,,,cet4,official_syllabus_2016,2,全国大学英语四、六级考试大纲（2016年修订版）词表；未加★为四级词。
complexity,,,,cet4,official_syllabus_2016,2,全国大学英语四、六级考试大纲（2016年修订版）词表；未加★为四级词。
complicate,,,,cet4,official_syllabus_2016,2,全国大学英语四、六级考试大纲（2016年修订版）词表；未加★为四级词。
complicated,,,,cet4,official_syllabus_2016,2,全国大学英语四、六级考试大纲（2016年修订版）词表；未加★为四级词。
complication,,,,cet4,official_syllabus_2016,2,全国大学英语四、六级考试大纲（2016年修订版）词表；未加★为四级词。
complimentary,,,,cet4,official_syllabus_2016,2,全国大学英语四、六级考试大纲（2016年修订版）词表；未加★为四级词。
comply,,,,cet4,official_syllabus_2016,2,全国大学英语四、六级考试大纲（2016年修订版）词表；未加★为四级词。
compliance,,,,cet4,official_syllabus_2016,2,全国大学英语四、六级考试大纲（2016年修订版）词表；未加★为四级词。
component,,,,cet4,official_syllabus_2016,2,全国大学英语四、六级考试大纲（2016年修订版）词表；未加★为四级词。
compose,,,,cet4,official_syllabus_2016,2,全国大学英语四、六级考试大纲（2016年修订版）词表；未加★为四级词。
composition,,,,cet4,official_syllabus_2016,2,全国大学英语四、六级考试大纲（2016年修订版）词表；未加★为四级词。
composer,,,,cet4,official_syllabus_2016,2,全国大学英语四、六级考试大纲（2016年修订版）词表；未加★为四级词。
compound,,,,cet4,official_syllabus_2016,2,全国大学英语四、六级考试大纲（2016年修订版）词表；未加★为四级词。
comprehend,,,,cet4,official_syllabus_2016,2,全国大学英语四、六级考试大纲（2016年修订版）词表；未加★为四级词。
comprehension,,,,cet4,official_syllabus_2016,2,全国大学英语四、六级考试大纲（2016年修订版）词表；未加★为四级词。
comprehensive,,,,cet4,official_syllabus_2016,2,全国大学英语四、六级考试大纲（2016年修订版）词表；未加★为四级词。
compression,,,,cet4,official_syllabus_2016,2,全国大学英语四、六级考试大纲（2016年修订版）词表；未加★为四级词。
comprise,,,,cet4,official_syllabus_2016,2,全国大学英语四、六级考试大纲（2016年修订版）词表；未加★为四级词。
compromise,,,,cet4,official_syllabus_2016,2,全国大学英语四、六级考试大纲（2016年修订版）词表；未加★为四级词。
compulsory,,,,cet4,official_syllabus_2016,2,全国大学英语四、六级考试大纲（2016年修订版）词表；未加★为四级词。
compute,,,,cet4,official_syllabus_2016,2,全国大学英语四、六级考试大纲（2016年修订版）词表；未加★为四级词。
computer,,,,cet4,official_syllabus_2016,2,全国大学英语四、六级考试大纲（2016年修订版）词表；未加★为四级词。
computation,,,,cet4,official_syllabus_2016,2,全国大学英语四、六级考试大纲（2016年修订版）词表；未加★为四级词。
comrade,,,,cet4,official_syllabus_2016,2,全国大学英语四、六级考试大纲（2016年修订版）词表；未加★为四级词。
conceal,,,,cet4,official_syllabus_2016,2,全国大学英语四、六级考试大纲（2016年修订版）词表；未加★为四级词。
concealment,,,,cet4,official_syllabus_2016,2,全国大学英语四、六级考试大纲（2016年修订版）词表；未加★为四级词。
concession,,,,cet4,official_syllabus_2016,2,全国大学英语四、六级考试大纲（2016年修订版）词表；未加★为四级词。
conceited,,,,cet4,official_syllabus_2016,2,全国大学英语四、六级考试大纲（2016年修订版）词表；未加★为四级词。
conception,,,,cet4,official_syllabus_2016,2,全国大学英语四、六级考试大纲（2016年修订版）词表；未加★为四级词。
concentrate,,,,cet4,official_syllabus_2016,2,全国大学英语四、六级考试大纲（2016年修订版）词表；未加★为四级词。
concentration,,,,cet4,official_syllabus_2016,2,全国大学英语四、六级考试大纲（2016年修订版）词表；未加★为四级词。
concept,,,,cet4,official_syllabus_2016,2,全国大学英语四、六级考试大纲（2016年修订版）词表；未加★为四级词。
conceptual,,,,cet4,official_syllabus_2016,2,全国大学英语四、六级考试大纲（2016年修订版）词表；未加★为四级词。
concern,,,,cet4,official_syllabus_2016,2,全国大学英语四、六级考试大纲（2016年修订版）词表；未加★为四级词。
concerned,,,,cet4,official_syllabus_2016,2,全国大学英语四、六级考试大纲（2016年修订版）词表；未加★为四级词。
concerning,,,,cet4,official_syllabus_2016,2,全国大学英语四、六级考试大纲（2016年修订版）词表；未加★为四级词。
concert,,,,cet4,official_syllabus_2016,2,全国大学英语四、六级考试大纲（2016年修订版）词表；未加★为四级词。
concerted,,,,cet4,official_syllabus_2016,2,全国大学英语四、六级考试大纲（2016年修订版）词表；未加★为四级词。
conclude,,,,cet4,official_syllabus_2016,2,全国大学英语四、六级考试大纲（2016年修订版）词表；未加★为四级词。
conclusion,,,,cet4,official_syllabus_2016,2,全国大学英语四、六级考试大纲（2016年修订版）词表；未加★为四级词。
conclusive,,,,cet4,official_syllabus_2016,2,全国大学英语四、六级考试大纲（2016年修订版）词表；未加★为四级词。
concrete,,,,cet4,official_syllabus_2016,2,全国大学英语四、六级考试大纲（2016年修订版）词表；未加★为四级词。
condemn,,,,cet4,official_syllabus_2016,2,全国大学英语四、六级考试大纲（2016年修订版）词表；未加★为四级词。
condemnation,,,,cet4,official_syllabus_2016,2,全国大学英语四、六级考试大纲（2016年修订版）词表；未加★为四级词。
condense,,,,cet4,official_syllabus_2016,2,全国大学英语四、六级考试大纲（2016年修订版）词表；未加★为四级词。
condensation,,,,cet4,official_syllabus_2016,2,全国大学英语四、六级考试大纲（2016年修订版）词表；未加★为四级词。
condition,,,,cet4,official_syllabus_2016,2,全国大学英语四、六级考试大纲（2016年修订版）词表；未加★为四级词。
conditional,,,,cet4,official_syllabus_2016,2,全国大学英语四、六级考试大纲（2016年修订版）词表；未加★为四级词。
conditioner,,,,cet4,official_syllabus_2016,2,全国大学英语四、六级考试大纲（2016年修订版）词表；未加★为四级词。
conduct,,,,cet4,official_syllabus_2016,2,全国大学英语四、六级考试大纲（2016年修订版）词表；未加★为四级词。
conductor,,,,cet4,official_syllabus_2016,2,全国大学英语四、六级考试大纲（2016年修订版）词表；未加★为四级词。
confederate,,,,cet4,official_syllabus_2016,2,全国大学英语四、六级考试大纲（2016年修订版）词表；未加★为四级词。
conference,,,,cet4,official_syllabus_2016,2,全国大学英语四、六级考试大纲（2016年修订版）词表；未加★为四级词。
confess,,,,cet4,official_syllabus_2016,2,全国大学英语四、六级考试大纲（2016年修订版）词表；未加★为四级词。
confession,,,,cet4,official_syllabus_2016,2,全国大学英语四、六级考试大纲（2016年修订版）词表；未加★为四级词。
confidence,,,,cet4,official_syllabus_2016,2,全国大学英语四、六级考试大纲（2016年修订版）词表；未加★为四级词。
confident,,,,cet4,official_syllabus_2016,2,全国大学英语四、六级考试大纲（2016年修订版）词表；未加★为四级词。
confidential,,,,cet4,official_syllabus_2016,2,全国大学英语四、六级考试大纲（2016年修订版）词表；未加★为四级词。
confine,,,,cet4,official_syllabus_2016,2,全国大学英语四、六级考试大纲（2016年修订版）词表；未加★为四级词。
confinement,,,,cet4,official_syllabus_2016,2,全国大学英语四、六级考试大纲（2016年修订版）词表；未加★为四级词。
confirm,,,,cet4,official_syllabus_2016,2,全国大学英语四、六级考试大纲（2016年修订版）词表；未加★为四级词。
confirmation,,,,cet4,official_syllabus_2016,2,全国大学英语四、六级考试大纲（2016年修订版）词表；未加★为四级词。
conflict,,,,cet4,official_syllabus_2016,2,全国大学英语四、六级考试大纲（2016年修订版）词表；未加★为四级词。
conform,,,,cet4,official_syllabus_2016,2,全国大学英语四、六级考试大纲（2016年修订版）词表；未加★为四级词。
conformity,,,,cet4,official_syllabus_2016,2,全国大学英语四、六级考试大纲（2016年修订版）词表；未加★为四级词。
confront,,,,cet4,official_syllabus_2016,2,全国大学英语四、六级考试大纲（2016年修订版）词表；未加★为四级词。
confrontation,,,,cet4,official_syllabus_2016,2,全国大学英语四、六级考试大纲（2016年修订版）词表；未加★为四级词。
Confucian,,,,cet4,official_syllabus_2016,2,全国大学英语四、六级考试大纲（2016年修订版）词表；未加★为四级词。
Confucianism,,,,cet4,official_syllabus_2016,2,全国大学英语四、六级考试大纲（2016年修订版）词表；未加★为四级词。
confuse,,,,cet4,official_syllabus_2016,2,全国大学英语四、六级考试大纲（2016年修订版）词表；未加★为四级词。
confusion,,,,cet4,official_syllabus_2016,2,全国大学英语四、六级考试大纲（2016年修订版）词表；未加★为四级词。
congratulate,,,,cet4,official_syllabus_2016,2,全国大学英语四、六级考试大纲（2016年修订版）词表；未加★为四级词。
congratulation,,,,cet4,official_syllabus_2016,2,全国大学英语四、六级考试大纲（2016年修订版）词表；未加★为四级词。
congratulatory,,,,cet4,official_syllabus_2016,2,全国大学英语四、六级考试大纲（2016年修订版）词表；未加★为四级词。
congregation,,,,cet4,official_syllabus_2016,2,全国大学英语四、六级考试大纲（2016年修订版）词表；未加★为四级词。
congress,,,,cet4,official_syllabus_2016,2,全国大学英语四、六级考试大纲（2016年修订版）词表；未加★为四级词。
congressional,,,,cet4,official_syllabus_2016,2,全国大学英语四、六级考试大纲（2016年修订版）词表；未加★为四级词。
conjunction,,,,cet4,official_syllabus_2016,2,全国大学英语四、六级考试大纲（2016年修订版）词表；未加★为四级词。
connect,,,,cet4,official_syllabus_2016,2,全国大学英语四、六级考试大纲（2016年修订版）词表；未加★为四级词。
conquer,,,,cet4,official_syllabus_2016,2,全国大学英语四、六级考试大纲（2016年修订版）词表；未加★为四级词。
conqueror,,,,cet4,official_syllabus_2016,2,全国大学英语四、六级考试大纲（2016年修订版）词表；未加★为四级词。
conquest,,,,cet4,official_syllabus_2016,2,全国大学英语四、六级考试大纲（2016年修订版）词表；未加★为四级词。
conscience,,,,cet4,official_syllabus_2016,2,全国大学英语四、六级考试大纲（2016年修订版）词表；未加★为四级词。
conscientious,,,,cet4,official_syllabus_2016,2,全国大学英语四、六级考试大纲（2016年修订版）词表；未加★为四级词。
conscious,,,,cet4,official_syllabus_2016,2,全国大学英语四、六级考试大纲（2016年修订版）词表；未加★为四级词。
consciousness,,,,cet4,official_syllabus_2016,2,全国大学英语四、六级考试大纲（2016年修订版）词表；未加★为四级词。
consensus,,,,cet4,official_syllabus_2016,2,全国大学英语四、六级考试大纲（2016年修订版）词表；未加★为四级词。
consent,,,,cet4,official_syllabus_2016,2,全国大学英语四、六级考试大纲（2016年修订版）词表；未加★为四级词。
consequence,,,,cet4,official_syllabus_2016,2,全国大学英语四、六级考试大纲（2016年修订版）词表；未加★为四级词。
consequent,,,,cet4,official_syllabus_2016,2,全国大学英语四、六级考试大纲（2016年修订版）词表；未加★为四级词。
consequently,,,,cet4,official_syllabus_2016,2,全国大学英语四、六级考试大纲（2016年修订版）词表；未加★为四级词。
conservative,,,,cet4,official_syllabus_2016,2,全国大学英语四、六级考试大纲（2016年修订版）词表；未加★为四级词。
conservation,,,,cet4,official_syllabus_2016,2,全国大学英语四、六级考试大纲（2016年修订版）词表；未加★为四级词。
consider,,,,cet4,official_syllabus_2016,2,全国大学英语四、六级考试大纲（2016年修订版）词表；未加★为四级词。
consideration,,,,cet4,official_syllabus_2016,2,全国大学英语四、六级考试大纲（2016年修订版）词表；未加★为四级词。
considering,,,,cet4,official_syllabus_2016,2,全国大学英语四、六级考试大纲（2016年修订版）词表；未加★为四级词。
considerable,,,,cet4,official_syllabus_2016,2,全国大学英语四、六级考试大纲（2016年修订版）词表；未加★为四级词。
considerate,,,,cet4,official_syllabus_2016,2,全国大学英语四、六级考试大纲（2016年修订版）词表；未加★为四级词。
consist,,,,cet4,official_syllabus_2016,2,全国大学英语四、六级考试大纲（2016年修订版）词表；未加★为四级词。
consistent,,,,cet4,official_syllabus_2016,2,全国大学英语四、六级考试大纲（2016年修订版）词表；未加★为四级词。
consistency,,,,cet4,official_syllabus_2016,2,全国大学英语四、六级考试大纲（2016年修订版）词表；未加★为四级词。
consolation,,,,cet4,official_syllabus_2016,2,全国大学英语四、六级考试大纲（2016年修订版）词表；未加★为四级词。
consolidate,,,,cet4,official_syllabus_2016,2,全国大学英语四、六级考试大纲（2016年修订版）词表；未加★为四级词。
consolidation,,,,cet4,official_syllabus_2016,2,全国大学英语四、六级考试大纲（2016年修订版）词表；未加★为四级词。
conspiracy,,,,cet4,official_syllabus_2016,2,全国大学英语四、六级考试大纲（2016年修订版）词表；未加★为四级词。
constant,,,,cet4,official_syllabus_2016,2,全国大学英语四、六级考试大纲（2016年修订版）词表；未加★为四级词。
constituency,,,,cet4,official_syllabus_2016,2,全国大学英语四、六级考试大纲（2016年修订版）词表；未加★为四级词。
constitute,,,,cet4,official_syllabus_2016,2,全国大学英语四、六级考试大纲（2016年修订版）词表；未加★为四级词。
constitution,,,,cet4,official_syllabus_2016,2,全国大学英语四、六级考试大纲（2016年修订版）词表；未加★为四级词。
constitutional,,,,cet4,official_syllabus_2016,2,全国大学英语四、六级考试大纲（2016年修订版）词表；未加★为四级词。
constraint,,,,cet4,official_syllabus_2016,2,全国大学英语四、六级考试大纲（2016年修订版）词表；未加★为四级词。
construct,,,,cet4,official_syllabus_2016,2,全国大学英语四、六级考试大纲（2016年修订版）词表；未加★为四级词。
construction,,,,cet4,official_syllabus_2016,2,全国大学英语四、六级考试大纲（2016年修订版）词表；未加★为四级词。
consul,,,,cet4,official_syllabus_2016,2,全国大学英语四、六级考试大纲（2016年修订版）词表；未加★为四级词。
consult,,,,cet4,official_syllabus_2016,2,全国大学英语四、六级考试大纲（2016年修订版）词表；未加★为四级词。
consultation,,,,cet4,official_syllabus_2016,2,全国大学英语四、六级考试大纲（2016年修订版）词表；未加★为四级词。
consultative,,,,cet4,official_syllabus_2016,2,全国大学英语四、六级考试大纲（2016年修订版）词表；未加★为四级词。
consultant,,,,cet4,official_syllabus_2016,2,全国大学英语四、六级考试大纲（2016年修订版）词表；未加★为四级词。
consume,,,,cet4,official_syllabus_2016,2,全国大学英语四、六级考试大纲（2016年修订版）词表；未加★为四级词。
consumer,,,,cet4,official_syllabus_2016,2,全国大学英语四、六级考试大纲（2016年修订版）词表；未加★为四级词。
consumption,,,,cet4,official_syllabus_2016,2,全国大学英语四、六级考试大纲（2016年修订版）词表；未加★为四级词。
contact,,,,cet4,official_syllabus_2016,2,全国大学英语四、六级考试大纲（2016年修订版）词表；未加★为四级词。
contain,,,,cet4,official_syllabus_2016,2,全国大学英语四、六级考试大纲（2016年修订版）词表；未加★为四级词。
container,,,,cet4,official_syllabus_2016,2,全国大学英语四、六级考试大纲（2016年修订版）词表；未加★为四级词。
containment,,,,cet4,official_syllabus_2016,2,全国大学英语四、六级考试大纲（2016年修订版）词表；未加★为四级词。
contaminate,,,,cet4,official_syllabus_2016,2,全国大学英语四、六级考试大纲（2016年修订版）词表；未加★为四级词。
contamination,,,,cet4,official_syllabus_2016,2,全国大学英语四、六级考试大纲（2016年修订版）词表；未加★为四级词。
contemplation,,,,cet4,official_syllabus_2016,2,全国大学英语四、六级考试大纲（2016年修订版）词表；未加★为四级词。
contemplative,,,,cet4,official_syllabus_2016,2,全国大学英语四、六级考试大纲（2016年修订版）词表；未加★为四级词。
contemporary,,,,cet4,official_syllabus_2016,2,全国大学英语四、六级考试大纲（2016年修订版）词表；未加★为四级词。
contempt,,,,cet4,official_syllabus_2016,2,全国大学英语四、六级考试大纲（2016年修订版）词表；未加★为四级词。
contemptible,,,,cet4,official_syllabus_2016,2,全国大学英语四、六级考试大纲（2016年修订版）词表；未加★为四级词。
contend,,,,cet4,official_syllabus_2016,2,全国大学英语四、六级考试大纲（2016年修订版）词表；未加★为四级词。
contention,,,,cet4,official_syllabus_2016,2,全国大学英语四、六级考试大纲（2016年修订版）词表；未加★为四级词。
contentious,,,,cet4,official_syllabus_2016,2,全国大学英语四、六级考试大纲（2016年修订版）词表；未加★为四级词。
content,,,,cet4,official_syllabus_2016,2,全国大学英语四、六级考试大纲（2016年修订版）词表；未加★为四级词。
contented,,,,cet4,official_syllabus_2016,2,全国大学英语四、六级考试大纲（2016年修订版）词表；未加★为四级词。
contest,,,,cet4,official_syllabus_2016,2,全国大学英语四、六级考试大纲（2016年修订版）词表；未加★为四级词。
contestant,,,,cet4,official_syllabus_2016,2,全国大学英语四、六级考试大纲（2016年修订版）词表；未加★为四级词。
context,,,,cet4,official_syllabus_2016,2,全国大学英语四、六级考试大纲（2016年修订版）词表；未加★为四级词。
contextual,,,,cet4,official_syllabus_2016,2,全国大学英语四、六级考试大纲（2016年修订版）词表；未加★为四级词。
continent,,,,cet4,official_syllabus_2016,2,全国大学英语四、六级考试大纲（2016年修订版）词表；未加★为四级词。
continental,,,,cet4,official_syllabus_2016,2,全国大学英语四、六级考试大纲（2016年修订版）词表；未加★为四级词。
continue,,,,cet4,official_syllabus_2016,2,全国大学英语四、六级考试大纲（2016年修订版）词表；未加★为四级词。
continuation,,,,cet4,official_syllabus_2016,2,全国大学英语四、六级考试大纲（2016年修订版）词表；未加★为四级词。
continual,,,,cet4,official_syllabus_2016,2,全国大学英语四、六级考试大纲（2016年修订版）词表；未加★为四级词。
continuous,,,,cet4,official_syllabus_2016,2,全国大学英语四、六级考试大纲（2016年修订版）词表；未加★为四级词。
continuity,,,,cet4,official_syllabus_2016,2,全国大学英语四、六级考试大纲（2016年修订版）词表；未加★为四级词。
contract,,,,cet4,official_syllabus_2016,2,全国大学英语四、六级考试大纲（2016年修订版）词表；未加★为四级词。
contractor,,,,cet4,official_syllabus_2016,2,全国大学英语四、六级考试大纲（2016年修订版）词表；未加★为四级词。
contraction,,,,cet4,official_syllabus_2016,2,全国大学英语四、六级考试大纲（2016年修订版）词表；未加★为四级词。
contradict,,,,cet4,official_syllabus_2016,2,全国大学英语四、六级考试大纲（2016年修订版）词表；未加★为四级词。
contradiction,,,,cet4,official_syllabus_2016,2,全国大学英语四、六级考试大纲（2016年修订版）词表；未加★为四级词。
contradictory,,,,cet4,official_syllabus_2016,2,全国大学英语四、六级考试大纲（2016年修订版）词表；未加★为四级词。
contrary,,,,cet4,official_syllabus_2016,2,全国大学英语四、六级考试大纲（2016年修订版）词表；未加★为四级词。
contrast,,,,cet4,official_syllabus_2016,2,全国大学英语四、六级考试大纲（2016年修订版）词表；未加★为四级词。
contribute,,,,cet4,official_syllabus_2016,2,全国大学英语四、六级考试大纲（2016年修订版）词表；未加★为四级词。
contribution,,,,cet4,official_syllabus_2016,2,全国大学英语四、六级考试大纲（2016年修订版）词表；未加★为四级词。
contributor,,,,cet4,official_syllabus_2016,2,全国大学英语四、六级考试大纲（2016年修订版）词表；未加★为四级词。
control,,,,cet4,official_syllabus_2016,2,全国大学英语四、六级考试大纲（2016年修订版）词表；未加★为四级词。
controversy,,,,cet4,official_syllabus_2016,2,全国大学英语四、六级考试大纲（2016年修订版）词表；未加★为四级词。
controversial,,,,cet4,official_syllabus_2016,2,全国大学英语四、六级考试大纲（2016年修订版）词表；未加★为四级词。
convenient,,,,cet4,official_syllabus_2016,2,全国大学英语四、六级考试大纲（2016年修订版）词表；未加★为四级词。
convenience,,,,cet4,official_syllabus_2016,2,全国大学英语四、六级考试大纲（2016年修订版）词表；未加★为四级词。
convention,,,,cet4,official_syllabus_2016,2,全国大学英语四、六级考试大纲（2016年修订版）词表；未加★为四级词。
conventional,,,,cet4,official_syllabus_2016,2,全国大学英语四、六级考试大纲（2016年修订版）词表；未加★为四级词。
convergence,,,,cet4,official_syllabus_2016,2,全国大学英语四、六级考试大纲（2016年修订版）词表；未加★为四级词。
converse,,,,cet4,official_syllabus_2016,2,全国大学英语四、六级考试大纲（2016年修订版）词表；未加★为四级词。
conversation,,,,cet4,official_syllabus_2016,2,全国大学英语四、六级考试大纲（2016年修订版）词表；未加★为四级词。
convert,,,,cet4,official_syllabus_2016,2,全国大学英语四、六级考试大纲（2016年修订版）词表；未加★为四级词。
conversion,,,,cet4,official_syllabus_2016,2,全国大学英语四、六级考试大纲（2016年修订版）词表；未加★为四级词。
convertible,,,,cet4,official_syllabus_2016,2,全国大学英语四、六级考试大纲（2016年修订版）词表；未加★为四级词。
convey,,,,cet4,official_syllabus_2016,2,全国大学英语四、六级考试大纲（2016年修订版）词表；未加★为四级词。
conveyance,,,,cet4,official_syllabus_2016,2,全国大学英语四、六级考试大纲（2016年修订版）词表；未加★为四级词。
conviction,,,,cet4,official_syllabus_2016,2,全国大学英语四、六级考试大纲（2016年修订版）词表；未加★为四级词。
convince,,,,cet4,official_syllabus_2016,2,全国大学英语四、六级考试大纲（2016年修订版）词表；未加★为四级词。
convincing,,,,cet4,official_syllabus_2016,2,全国大学英语四、六级考试大纲（2016年修订版）词表；未加★为四级词。
cook,,,,cet4,official_syllabus_2016,2,全国大学英语四、六级考试大纲（2016年修订版）词表；未加★为四级词。
cooker,,,,cet4,official_syllabus_2016,2,全国大学英语四、六级考试大纲（2016年修订版）词表；未加★为四级词。
cookie,,,,cet4,official_syllabus_2016,2,全国大学英语四、六级考试大纲（2016年修订版）词表；未加★为四级词。
cool,,,,cet4,official_syllabus_2016,2,全国大学英语四、六级考试大纲（2016年修订版）词表；未加★为四级词。
cooperate,,,,cet4,official_syllabus_2016,2,全国大学英语四、六级考试大纲（2016年修订版）词表；未加★为四级词。
cooperation,,,,cet4,official_syllabus_2016,2,全国大学英语四、六级考试大纲（2016年修订版）词表；未加★为四级词。
cooperative,,,,cet4,official_syllabus_2016,2,全国大学英语四、六级考试大纲（2016年修订版）词表；未加★为四级词。
coordinate,,,,cet4,official_syllabus_2016,2,全国大学英语四、六级考试大纲（2016年修订版）词表；未加★为四级词。
coordination,,,,cet4,official_syllabus_2016,2,全国大学英语四、六级考试大纲（2016年修订版）词表；未加★为四级词。
coordinator,,,,cet4,official_syllabus_2016,2,全国大学英语四、六级考试大纲（2016年修订版）词表；未加★为四级词。
cop,,,,cet4,official_syllabus_2016,2,全国大学英语四、六级考试大纲（2016年修订版）词表；未加★为四级词。
cope,,,,cet4,official_syllabus_2016,2,全国大学英语四、六级考试大纲（2016年修订版）词表；未加★为四级词。
copper,,,,cet4,official_syllabus_2016,2,全国大学英语四、六级考试大纲（2016年修订版）词表；未加★为四级词。
copy,,,,cet4,official_syllabus_2016,2,全国大学英语四、六级考试大纲（2016年修订版）词表；未加★为四级词。
copyright,,,,cet4,official_syllabus_2016,2,全国大学英语四、六级考试大纲（2016年修订版）词表；未加★为四级词。
cord,,,,cet4,official_syllabus_2016,2,全国大学英语四、六级考试大纲（2016年修订版）词表；未加★为四级词。
cordiality,,,,cet4,official_syllabus_2016,2,全国大学英语四、六级考试大纲（2016年修订版）词表；未加★为四级词。
core,,,,cet4,official_syllabus_2016,2,全国大学英语四、六级考试大纲（2016年修订版）词表；未加★为四级词。
corn,,,,cet4,official_syllabus_2016,2,全国大学英语四、六级考试大纲（2016年修订版）词表；未加★为四级词。
corner,,,,cet4,official_syllabus_2016,2,全国大学英语四、六级考试大纲（2016年修订版）词表；未加★为四级词。
cornerstone,,,,cet4,official_syllabus_2016,2,全国大学英语四、六级考试大纲（2016年修订版）词表；未加★为四级词。
corporation,,,,cet4,official_syllabus_2016,2,全国大学英语四、六级考试大纲（2016年修订版）词表；未加★为四级词。
corporate,,,,cet4,official_syllabus_2016,2,全国大学英语四、六级考试大纲（2016年修订版）词表；未加★为四级词。
corps,,,,cet4,official_syllabus_2016,2,全国大学英语四、六级考试大纲（2016年修订版）词表；未加★为四级词。
correct,,,,cet4,official_syllabus_2016,2,全国大学英语四、六级考试大纲（2016年修订版）词表；未加★为四级词。
correction,,,,cet4,official_syllabus_2016,2,全国大学英语四、六级考试大纲（2016年修订版）词表；未加★为四级词。
corrective,,,,cet4,official_syllabus_2016,2,全国大学英语四、六级考试大纲（2016年修订版）词表；未加★为四级词。
correlation,,,,cet4,official_syllabus_2016,2,全国大学英语四、六级考试大纲（2016年修订版）词表；未加★为四级词。
correlative,,,,cet4,official_syllabus_2016,2,全国大学英语四、六级考试大纲（2016年修订版）词表；未加★为四级词。
correspond,,,,cet4,official_syllabus_2016,2,全国大学英语四、六级考试大纲（2016年修订版）词表；未加★为四级词。
correspondence,,,,cet4,official_syllabus_2016,2,全国大学英语四、六级考试大纲（2016年修订版）词表；未加★为四级词。
correspondent,,,,cet4,official_syllabus_2016,2,全国大学英语四、六级考试大纲（2016年修订版）词表；未加★为四级词。
corresponding,,,,cet4,official_syllabus_2016,2,全国大学英语四、六级考试大纲（2016年修订版）词表；未加★为四级词。
corridor,,,,cet4,official_syllabus_2016,2,全国大学英语四、六级考试大纲（2016年修订版）词表；未加★为四级词。
corrosion,,,,cet4,official_syllabus_2016,2,全国大学英语四、六级考试大纲（2016年修订版）词表；未加★为四级词。
corrupt,,,,cet4,official_syllabus_2016,2,全国大学英语四、六级考试大纲（2016年修订版）词表；未加★为四级词。
corruption,,,,cet4,official_syllabus_2016,2,全国大学英语四、六级考试大纲（2016年修订版）词表；未加★为四级词。
cosmos,,,,cet4,official_syllabus_2016,2,全国大学英语四、六级考试大纲（2016年修订版）词表；未加★为四级词。
cosmic,,,,cet4,official_syllabus_2016,2,全国大学英语四、六级考试大纲（2016年修订版）词表；未加★为四级词。
cost,,,,cet4,official_syllabus_2016,2,全国大学英语四、六级考试大纲（2016年修订版）词表；未加★为四级词。
costly,,,,cet4,official_syllabus_2016,2,全国大学英语四、六级考试大纲（2016年修订版）词表；未加★为四级词。
costume,,,,cet4,official_syllabus_2016,2,全国大学英语四、六级考试大纲（2016年修订版）词表；未加★为四级词。
cottage,,,,cet4,official_syllabus_2016,2,全国大学英语四、六级考试大纲（2016年修订版）词表；未加★为四级词。
cotton,,,,cet4,official_syllabus_2016,2,全国大学英语四、六级考试大纲（2016年修订版）词表；未加★为四级词。
couch,,,,cet4,official_syllabus_2016,2,全国大学英语四、六级考试大纲（2016年修订版）词表；未加★为四级词。
cough,,,,cet4,official_syllabus_2016,2,全国大学英语四、六级考试大纲（2016年修订版）词表；未加★为四级词。
could,,,,cet4,official_syllabus_2016,2,全国大学英语四、六级考试大纲（2016年修订版）词表；未加★为四级词。
council,,,,cet4,official_syllabus_2016,2,全国大学英语四、六级考试大纲（2016年修订版）词表；未加★为四级词。
council(l)or,,,,cet4,official_syllabus_2016,2,全国大学英语四、六级考试大纲（2016年修订版）词表；未加★为四级词。
counsel,,,,cet4,official_syllabus_2016,2,全国大学英语四、六级考试大纲（2016年修订版）词表；未加★为四级词。
counsel(l)or,,,,cet4,official_syllabus_2016,2,全国大学英语四、六级考试大纲（2016年修订版）词表；未加★为四级词。
count,,,,cet4,official_syllabus_2016,2,全国大学英语四、六级考试大纲（2016年修订版）词表；未加★为四级词。
countdown,,,,cet4,official_syllabus_2016,2,全国大学英语四、六级考试大纲（2016年修订版）词表；未加★为四级词。
counter,,,,cet4,official_syllabus_2016,2,全国大学英语四、六级考试大纲（2016年修订版）词表；未加★为四级词。
counteraction,,,,cet4,official_syllabus_2016,2,全国大学英语四、六级考试大纲（2016年修订版）词表；未加★为四级词。
counterpart,,,,cet4,official_syllabus_2016,2,全国大学英语四、六级考试大纲（2016年修订版）词表；未加★为四级词。
country,,,,cet4,official_syllabus_2016,2,全国大学英语四、六级考试大纲（2016年修订版）词表；未加★为四级词。
countryside,,,,cet4,official_syllabus_2016,2,全国大学英语四、六级考试大纲（2016年修订版）词表；未加★为四级词。
county,,,,cet4,official_syllabus_2016,2,全国大学英语四、六级考试大纲（2016年修订版）词表；未加★为四级词。
couple,,,,cet4,official_syllabus_2016,2,全国大学英语四、六级考试大纲（2016年修订版）词表；未加★为四级词。
coupon,,,,cet4,official_syllabus_2016,2,全国大学英语四、六级考试大纲（2016年修订版）词表；未加★为四级词。
courage,,,,cet4,official_syllabus_2016,2,全国大学英语四、六级考试大纲（2016年修订版）词表；未加★为四级词。
courageous,,,,cet4,official_syllabus_2016,2,全国大学英语四、六级考试大纲（2016年修订版）词表；未加★为四级词。
course,,,,cet4,official_syllabus_2016,2,全国大学英语四、六级考试大纲（2016年修订版）词表；未加★为四级词。
court,,,,cet4,official_syllabus_2016,2,全国大学英语四、六级考试大纲（2016年修订版）词表；未加★为四级词。
courtyard,,,,cet4,official_syllabus_2016,2,全国大学英语四、六级考试大纲（2016年修订版）词表；未加★为四级词。
cousin,,,,cet4,official_syllabus_2016,2,全国大学英语四、六级考试大纲（2016年修订版）词表；未加★为四级词。
cover,,,,cet4,official_syllabus_2016,2,全国大学英语四、六级考试大纲（2016年修订版）词表；未加★为四级词。
coverage,,,,cet4,official_syllabus_2016,2,全国大学英语四、六级考试大纲（2016年修订版）词表；未加★为四级词。
cow,,,,cet4,official_syllabus_2016,2,全国大学英语四、六级考试大纲（2016年修订版）词表；未加★为四级词。
coward,,,,cet4,official_syllabus_2016,2,全国大学英语四、六级考试大纲（2016年修订版）词表；未加★为四级词。
cowardly,,,,cet4,official_syllabus_2016,2,全国大学英语四、六级考试大纲（2016年修订版）词表；未加★为四级词。
cowardice,,,,cet4,official_syllabus_2016,2,全国大学英语四、六级考试大纲（2016年修订版）词表；未加★为四级词。
cowboy,,,,cet4,official_syllabus_2016,2,全国大学英语四、六级考试大纲（2016年修订版）词表；未加★为四级词。
crab,,,,cet4,official_syllabus_2016,2,全国大学英语四、六级考试大纲（2016年修订版）词表；未加★为四级词。
crack,,,,cet4,official_syllabus_2016,2,全国大学英语四、六级考试大纲（2016年修订版）词表；未加★为四级词。
cracker,,,,cet4,official_syllabus_2016,2,全国大学英语四、六级考试大纲（2016年修订版）词表；未加★为四级词。
craft,,,,cet4,official_syllabus_2016,2,全国大学英语四、六级考试大纲（2016年修订版）词表；未加★为四级词。
crane,,,,cet4,official_syllabus_2016,2,全国大学英语四、六级考试大纲（2016年修订版）词表；未加★为四级词。
crash,,,,cet4,official_syllabus_2016,2,全国大学英语四、六级考试大纲（2016年修订版）词表；未加★为四级词。
crawl,,,,cet4,official_syllabus_2016,2,全国大学英语四、六级考试大纲（2016年修订版）词表；未加★为四级词。
crazy,,,,cet4,official_syllabus_2016,2,全国大学英语四、六级考试大纲（2016年修订版）词表；未加★为四级词。
craze,,,,cet4,official_syllabus_2016,2,全国大学英语四、六级考试大纲（2016年修订版）词表；未加★为四级词。
cream,,,,cet4,official_syllabus_2016,2,全国大学英语四、六级考试大纲（2016年修订版）词表；未加★为四级词。
creamy,,,,cet4,official_syllabus_2016,2,全国大学英语四、六级考试大纲（2016年修订版）词表；未加★为四级词。
create,,,,cet4,official_syllabus_2016,2,全国大学英语四、六级考试大纲（2016年修订版）词表；未加★为四级词。
creation,,,,cet4,official_syllabus_2016,2,全国大学英语四、六级考试大纲（2016年修订版）词表；未加★为四级词。
creative,,,,cet4,official_syllabus_2016,2,全国大学英语四、六级考试大纲（2016年修订版）词表；未加★为四级词。
creator,,,,cet4,official_syllabus_2016,2,全国大学英语四、六级考试大纲（2016年修订版）词表；未加★为四级词。
creature,,,,cet4,official_syllabus_2016,2,全国大学英语四、六级考试大纲（2016年修订版）词表；未加★为四级词。
credibility,,,,cet4,official_syllabus_2016,2,全国大学英语四、六级考试大纲（2016年修订版）词表；未加★为四级词。
credit,,,,cet4,official_syllabus_2016,2,全国大学英语四、六级考试大纲（2016年修订版）词表；未加★为四级词。
creditable,,,,cet4,official_syllabus_2016,2,全国大学英语四、六级考试大纲（2016年修订版）词表；未加★为四级词。
creep,,,,cet4,official_syllabus_2016,2,全国大学英语四、六级考试大纲（2016年修订版）词表；未加★为四级词。
crew,,,,cet4,official_syllabus_2016,2,全国大学英语四、六级考试大纲（2016年修订版）词表；未加★为四级词。
crime,,,,cet4,official_syllabus_2016,2,全国大学英语四、六级考试大纲（2016年修订版）词表；未加★为四级词。
criminal,,,,cet4,official_syllabus_2016,2,全国大学英语四、六级考试大纲（2016年修订版）词表；未加★为四级词。
crisis,,,,cet4,official_syllabus_2016,2,全国大学英语四、六级考试大纲（2016年修订版）词表；未加★为四级词。
criterion,,,,cet4,official_syllabus_2016,2,全国大学英语四、六级考试大纲（2016年修订版）词表；未加★为四级词。
criticism,,,,cet4,official_syllabus_2016,2,全国大学英语四、六级考试大纲（2016年修订版）词表；未加★为四级词。
critic,,,,cet4,official_syllabus_2016,2,全国大学英语四、六级考试大纲（2016年修订版）词表；未加★为四级词。
critical,,,,cet4,official_syllabus_2016,2,全国大学英语四、六级考试大纲（2016年修订版）词表；未加★为四级词。
crocodile,,,,cet4,official_syllabus_2016,2,全国大学英语四、六级考试大纲（2016年修订版）词表；未加★为四级词。
crop,,,,cet4,official_syllabus_2016,2,全国大学英语四、六级考试大纲（2016年修订版）词表；未加★为四级词。
cross,,,,cet4,official_syllabus_2016,2,全国大学英语四、六级考试大纲（2016年修订版）词表；未加★为四级词。
crossing,,,,cet4,official_syllabus_2016,2,全国大学英语四、六级考试大纲（2016年修订版）词表；未加★为四级词。
crowd,,,,cet4,official_syllabus_2016,2,全国大学英语四、六级考试大纲（2016年修订版）词表；未加★为四级词。
crowded,,,,cet4,official_syllabus_2016,2,全国大学英语四、六级考试大纲（2016年修订版）词表；未加★为四级词。
crown,,,,cet4,official_syllabus_2016,2,全国大学英语四、六级考试大纲（2016年修订版）词表；未加★为四级词。
crucial,,,,cet4,official_syllabus_2016,2,全国大学英语四、六级考试大纲（2016年修订版）词表；未加★为四级词。
cruel,,,,cet4,official_syllabus_2016,2,全国大学英语四、六级考试大纲（2016年修订版）词表；未加★为四级词。
cruelty,,,,cet4,official_syllabus_2016,2,全国大学英语四、六级考试大纲（2016年修订版）词表；未加★为四级词。
cruise,,,,cet4,official_syllabus_2016,2,全国大学英语四、六级考试大纲（2016年修订版）词表；未加★为四级词。
cruiser,,,,cet4,official_syllabus_2016,2,全国大学英语四、六级考试大纲（2016年修订版）词表；未加★为四级词。
crush,,,,cet4,official_syllabus_2016,2,全国大学英语四、六级考试大纲（2016年修订版）词表；未加★为四级词。
cry,,,,cet4,official_syllabus_2016,2,全国大学英语四、六级考试大纲（2016年修订版）词表；未加★为四级词。
crystal,,,,cet4,official_syllabus_2016,2,全国大学英语四、六级考试大纲（2016年修订版）词表；未加★为四级词。
cube,,,,cet4,official_syllabus_2016,2,全国大学英语四、六级考试大纲（2016年修订版）词表；未加★为四级词。
cubic,,,,cet4,official_syllabus_2016,2,全国大学英语四、六级考试大纲（2016年修订版）词表；未加★为四级词。
cucumber,,,,cet4,official_syllabus_2016,2,全国大学英语四、六级考试大纲（2016年修订版）词表；未加★为四级词。
cue,,,,cet4,official_syllabus_2016,2,全国大学英语四、六级考试大纲（2016年修订版）词表；未加★为四级词。
culmination,,,,cet4,official_syllabus_2016,2,全国大学英语四、六级考试大纲（2016年修订版）词表；未加★为四级词。
cultivate,,,,cet4,official_syllabus_2016,2,全国大学英语四、六级考试大纲（2016年修订版）词表；未加★为四级词。
cultivation,,,,cet4,official_syllabus_2016,2,全国大学英语四、六级考试大纲（2016年修订版）词表；未加★为四级词。
culture,,,,cet4,official_syllabus_2016,2,全国大学英语四、六级考试大纲（2016年修订版）词表；未加★为四级词。
cultural,,,,cet4,official_syllabus_2016,2,全国大学英语四、六级考试大纲（2016年修订版）词表；未加★为四级词。
cup,,,,cet4,official_syllabus_2016,2,全国大学英语四、六级考试大纲（2016年修订版）词表；未加★为四级词。
cupboard,,,,cet4,official_syllabus_2016,2,全国大学英语四、六级考试大纲（2016年修订版）词表；未加★为四级词。
curb,,,,cet4,official_syllabus_2016,2,全国大学英语四、六级考试大纲（2016年修订版）词表；未加★为四级词。
cure,,,,cet4,official_syllabus_2016,2,全国大学英语四、六级考试大纲（2016年修订版）词表；未加★为四级词。
curable,,,,cet4,official_syllabus_2016,2,全国大学英语四、六级考试大纲（2016年修订版）词表；未加★为四级词。
curious,,,,cet4,official_syllabus_2016,2,全国大学英语四、六级考试大纲（2016年修订版）词表；未加★为四级词。
curiosity,,,,cet4,official_syllabus_2016,2,全国大学英语四、六级考试大纲（2016年修订版）词表；未加★为四级词。
curl,,,,cet4,official_syllabus_2016,2,全国大学英语四、六级考试大纲（2016年修订版）词表；未加★为四级词。
currency,,,,cet4,official_syllabus_2016,2,全国大学英语四、六级考试大纲（2016年修订版）词表；未加★为四级词。
current,,,,cet4,official_syllabus_2016,2,全国大学英语四、六级考试大纲（2016年修订版）词表；未加★为四级词。
currently,,,,cet4,official_syllabus_2016,2,全国大学英语四、六级考试大纲（2016年修订版）词表；未加★为四级词。
curriculum,,,,cet4,official_syllabus_2016,2,全国大学英语四、六级考试大纲（2016年修订版）词表；未加★为四级词。
curse,,,,cet4,official_syllabus_2016,2,全国大学英语四、六级考试大纲（2016年修订版）词表；未加★为四级词。
curtain,,,,cet4,official_syllabus_2016,2,全国大学英语四、六级考试大纲（2016年修订版）词表；未加★为四级词。
curve,,,,cet4,official_syllabus_2016,2,全国大学英语四、六级考试大纲（2016年修订版）词表；未加★为四级词。
cushion,,,,cet4,official_syllabus_2016,2,全国大学英语四、六级考试大纲（2016年修订版）词表；未加★为四级词。
custom,,,,cet4,official_syllabus_2016,2,全国大学英语四、六级考试大纲（2016年修订版）词表；未加★为四级词。
customary,,,,cet4,official_syllabus_2016,2,全国大学英语四、六级考试大纲（2016年修订版）词表；未加★为四级词。
customer,,,,cet4,official_syllabus_2016,2,全国大学英语四、六级考试大纲（2016年修订版）词表；未加★为四级词。
customs,,,,cet4,official_syllabus_2016,2,全国大学英语四、六级考试大纲（2016年修订版）词表；未加★为四级词。
cut,,,,cet4,official_syllabus_2016,2,全国大学英语四、六级考试大纲（2016年修订版）词表；未加★为四级词。
cute,,,,cet4,official_syllabus_2016,2,全国大学英语四、六级考试大纲（2016年修订版）词表；未加★为四级词。
cyberspace,,,,cet4,official_syllabus_2016,2,全国大学英语四、六级考试大纲（2016年修订版）词表；未加★为四级词。
cycle,,,,cet4,official_syllabus_2016,2,全国大学英语四、六级考试大纲（2016年修订版）词表；未加★为四级词。
cycling,,,,cet4,official_syllabus_2016,2,全国大学英语四、六级考试大纲（2016年修订版）词表；未加★为四级词。
cyclist,,,,cet4,official_syllabus_2016,2,全国大学英语四、六级考试大纲（2016年修订版）词表；未加★为四级词。
cynicism,,,,cet4,official_syllabus_2016,2,全国大学英语四、六级考试大纲（2016年修订版）词表；未加★为四级词。
dad(dy),,,,cet4,official_syllabus_2016,2,全国大学英语四、六级考试大纲（2016年修订版）词表；未加★为四级词。
daily,,,,cet4,official_syllabus_2016,2,全国大学英语四、六级考试大纲（2016年修订版）词表；未加★为四级词。
dairy,,,,cet4,official_syllabus_2016,2,全国大学英语四、六级考试大纲（2016年修订版）词表；未加★为四级词。
dam,,,,cet4,official_syllabus_2016,2,全国大学英语四、六级考试大纲（2016年修订版）词表；未加★为四级词。
damage,,,,cet4,official_syllabus_2016,2,全国大学英语四、六级考试大纲（2016年修订版）词表；未加★为四级词。
damn,,,,cet4,official_syllabus_2016,2,全国大学英语四、六级考试大纲（2016年修订版）词表；未加★为四级词。
damp,,,,cet4,official_syllabus_2016,2,全国大学英语四、六级考试大纲（2016年修订版）词表；未加★为四级词。
dampen,,,,cet4,official_syllabus_2016,2,全国大学英语四、六级考试大纲（2016年修订版）词表；未加★为四级词。
dance,,,,cet4,official_syllabus_2016,2,全国大学英语四、六级考试大纲（2016年修订版）词表；未加★为四级词。
danger,,,,cet4,official_syllabus_2016,2,全国大学英语四、六级考试大纲（2016年修订版）词表；未加★为四级词。
dangerous,,,,cet4,official_syllabus_2016,2,全国大学英语四、六级考试大纲（2016年修订版）词表；未加★为四级词。
dare,,,,cet4,official_syllabus_2016,2,全国大学英语四、六级考试大纲（2016年修订版）词表；未加★为四级词。
daring,,,,cet4,official_syllabus_2016,2,全国大学英语四、六级考试大纲（2016年修订版）词表；未加★为四级词。
dark,,,,cet4,official_syllabus_2016,2,全国大学英语四、六级考试大纲（2016年修订版）词表；未加★为四级词。
darkness,,,,cet4,official_syllabus_2016,2,全国大学英语四、六级考试大纲（2016年修订版）词表；未加★为四级词。
darken,,,,cet4,official_syllabus_2016,2,全国大学英语四、六级考试大纲（2016年修订版）词表；未加★为四级词。
darling,,,,cet4,official_syllabus_2016,2,全国大学英语四、六级考试大纲（2016年修订版）词表；未加★为四级词。
dash,,,,cet4,official_syllabus_2016,2,全国大学英语四、六级考试大纲（2016年修订版）词表；未加★为四级词。
data,,,,cet4,official_syllabus_2016,2,全国大学英语四、六级考试大纲（2016年修订版）词表；未加★为四级词。
datum,,,,cet4,official_syllabus_2016,2,全国大学英语四、六级考试大纲（2016年修订版）词表；未加★为四级词。
database,,,,cet4,official_syllabus_2016,2,全国大学英语四、六级考试大纲（2016年修订版）词表；未加★为四级词。
date,,,,cet4,official_syllabus_2016,2,全国大学英语四、六级考试大纲（2016年修订版）词表；未加★为四级词。
dating,,,,cet4,official_syllabus_2016,2,全国大学英语四、六级考试大纲（2016年修订版）词表；未加★为四级词。
daughter,,,,cet4,official_syllabus_2016,2,全国大学英语四、六级考试大纲（2016年修订版）词表；未加★为四级词。
dawn,,,,cet4,official_syllabus_2016,2,全国大学英语四、六级考试大纲（2016年修订版）词表；未加★为四级词。
day,,,,cet4,official_syllabus_2016,2,全国大学英语四、六级考试大纲（2016年修订版）词表；未加★为四级词。
daylight,,,,cet4,official_syllabus_2016,2,全国大学英语四、六级考试大纲（2016年修订版）词表；未加★为四级词。
dead,,,,cet4,official_syllabus_2016,2,全国大学英语四、六级考试大纲（2016年修订版）词表；未加★为四级词。
deadline,,,,cet4,official_syllabus_2016,2,全国大学英语四、六级考试大纲（2016年修订版）词表；未加★为四级词。
deadly,,,,cet4,official_syllabus_2016,2,全国大学英语四、六级考试大纲（2016年修订版）词表；未加★为四级词。
deaf,,,,cet4,official_syllabus_2016,2,全国大学英语四、六级考试大纲（2016年修订版）词表；未加★为四级词。
deal,,,,cet4,official_syllabus_2016,2,全国大学英语四、六级考试大纲（2016年修订版）词表；未加★为四级词。
dealer,,,,cet4,official_syllabus_2016,2,全国大学英语四、六级考试大纲（2016年修订版）词表；未加★为四级词。
dealing,,,,cet4,official_syllabus_2016,2,全国大学英语四、六级考试大纲（2016年修订版）词表；未加★为四级词。
dean,,,,cet4,official_syllabus_2016,2,全国大学英语四、六级考试大纲（2016年修订版）词表；未加★为四级词。
dear,,,,cet4,official_syllabus_2016,2,全国大学英语四、六级考试大纲（2016年修订版）词表；未加★为四级词。
death,,,,cet4,official_syllabus_2016,2,全国大学英语四、六级考试大纲（2016年修订版）词表；未加★为四级词。
debate,,,,cet4,official_syllabus_2016,2,全国大学英语四、六级考试大纲（2016年修订版）词表；未加★为四级词。
debt,,,,cet4,official_syllabus_2016,2,全国大学英语四、六级考试大纲（2016年修订版）词表；未加★为四级词。
debtor,,,,cet4,official_syllabus_2016,2,全国大学英语四、六级考试大纲（2016年修订版）词表；未加★为四级词。
decade,,,,cet4,official_syllabus_2016,2,全国大学英语四、六级考试大纲（2016年修订版）词表；未加★为四级词。
decay,,,,cet4,official_syllabus_2016,2,全国大学英语四、六级考试大纲（2016年修订版）词表；未加★为四级词。
deceive,,,,cet4,official_syllabus_2016,2,全国大学英语四、六级考试大纲（2016年修订版）词表；未加★为四级词。
deceit,,,,cet4,official_syllabus_2016,2,全国大学英语四、六级考试大纲（2016年修订版）词表；未加★为四级词。
deception,,,,cet4,official_syllabus_2016,2,全国大学英语四、六级考试大纲（2016年修订版）词表；未加★为四级词。
deceptive,,,,cet4,official_syllabus_2016,2,全国大学英语四、六级考试大纲（2016年修订版）词表；未加★为四级词。
December,,,,cet4,official_syllabus_2016,2,全国大学英语四、六级考试大纲（2016年修订版）词表；未加★为四级词。
decent,,,,cet4,official_syllabus_2016,2,全国大学英语四、六级考试大纲（2016年修订版）词表；未加★为四级词。
decide,,,,cet4,official_syllabus_2016,2,全国大学英语四、六级考试大纲（2016年修订版）词表；未加★为四级词。
decision,,,,cet4,official_syllabus_2016,2,全国大学英语四、六级考试大纲（2016年修订版）词表；未加★为四级词。
decisive,,,,cet4,official_syllabus_2016,2,全国大学英语四、六级考试大纲（2016年修订版）词表；未加★为四级词。
deck,,,,cet4,official_syllabus_2016,2,全国大学英语四、六级考试大纲（2016年修订版）词表；未加★为四级词。
declare,,,,cet4,official_syllabus_2016,2,全国大学英语四、六级考试大纲（2016年修订版）词表；未加★为四级词。
declaration,,,,cet4,official_syllabus_2016,2,全国大学英语四、六级考试大纲（2016年修订版）词表；未加★为四级词。
declarative,,,,cet4,official_syllabus_2016,2,全国大学英语四、六级考试大纲（2016年修订版）词表；未加★为四级词。
decline,,,,cet4,official_syllabus_2016,2,全国大学英语四、六级考试大纲（2016年修订版）词表；未加★为四级词。
decorate,,,,cet4,official_syllabus_2016,2,全国大学英语四、六级考试大纲（2016年修订版）词表；未加★为四级词。
decoration,,,,cet4,official_syllabus_2016,2,全国大学英语四、六级考试大纲（2016年修订版）词表；未加★为四级词。
decorative,,,,cet4,official_syllabus_2016,2,全国大学英语四、六级考试大纲（2016年修订版）词表；未加★为四级词。
decrease,,,,cet4,official_syllabus_2016,2,全国大学英语四、六级考试大纲（2016年修订版）词表；未加★为四级词。
dedication,,,,cet4,official_syllabus_2016,2,全国大学英语四、六级考试大纲（2016年修订版）词表；未加★为四级词。
deducible,,,,cet4,official_syllabus_2016,2,全国大学英语四、六级考试大纲（2016年修订版）词表；未加★为四级词。
deduction,,,,cet4,official_syllabus_2016,2,全国大学英语四、六级考试大纲（2016年修订版）词表；未加★为四级词。
deductive,,,,cet4,official_syllabus_2016,2,全国大学英语四、六级考试大纲（2016年修订版）词表；未加★为四级词。
deductible,,,,cet4,official_syllabus_2016,2,全国大学英语四、六级考试大纲（2016年修订版）词表；未加★为四级词。
deed,,,,cet4,official_syllabus_2016,2,全国大学英语四、六级考试大纲（2016年修订版）词表；未加★为四级词。
deem,,,,cet4,official_syllabus_2016,2,全国大学英语四、六级考试大纲（2016年修订版）词表；未加★为四级词。
deep,,,,cet4,official_syllabus_2016,2,全国大学英语四、六级考试大纲（2016年修订版）词表；未加★为四级词。
deeply,,,,cet4,official_syllabus_2016,2,全国大学英语四、六级考试大纲（2016年修订版）词表；未加★为四级词。
depth,,,,cet4,official_syllabus_2016,2,全国大学英语四、六级考试大纲（2016年修订版）词表；未加★为四级词。
deer,,,,cet4,official_syllabus_2016,2,全国大学英语四、六级考试大纲（2016年修订版）词表；未加★为四级词。
defeat,,,,cet4,official_syllabus_2016,2,全国大学英语四、六级考试大纲（2016年修订版）词表；未加★为四级词。
defect,,,,cet4,official_syllabus_2016,2,全国大学英语四、六级考试大纲（2016年修订版）词表；未加★为四级词。
defective,,,,cet4,official_syllabus_2016,2,全国大学英语四、六级考试大纲（2016年修订版）词表；未加★为四级词。
defection,,,,cet4,official_syllabus_2016,2,全国大学英语四、六级考试大纲（2016年修订版）词表；未加★为四级词。
defend,,,,cet4,official_syllabus_2016,2,全国大学英语四、六级考试大纲（2016年修订版）词表；未加★为四级词。
defensive,,,,cet4,official_syllabus_2016,2,全国大学英语四、六级考试大纲（2016年修订版）词表；未加★为四级词。
defendant,,,,cet4,official_syllabus_2016,2,全国大学英语四、六级考试大纲（2016年修订版）词表；未加★为四级词。
deficient,,,,cet4,official_syllabus_2016,2,全国大学英语四、六级考试大纲（2016年修订版）词表；未加★为四级词。
deficiency,,,,cet4,official_syllabus_2016,2,全国大学英语四、六级考试大纲（2016年修订版）词表；未加★为四级词。
deficit,,,,cet4,official_syllabus_2016,2,全国大学英语四、六级考试大纲（2016年修订版）词表；未加★为四级词。
define,,,,cet4,official_syllabus_2016,2,全国大学英语四、六级考试大纲（2016年修订版）词表；未加★为四级词。
definition,,,,cet4,official_syllabus_2016,2,全国大学英语四、六级考试大纲（2016年修订版）词表；未加★为四级词。
definite,,,,cet4,official_syllabus_2016,2,全国大学英语四、六级考试大纲（2016年修订版）词表；未加★为四级词。
definitely,,,,cet4,official_syllabus_2016,2,全国大学英语四、六级考试大纲（2016年修订版）词表；未加★为四级词。
defy,,,,cet4,official_syllabus_2016,2,全国大学英语四、六级考试大纲（2016年修订版）词表；未加★为四级词。
defiance,,,,cet4,official_syllabus_2016,2,全国大学英语四、六级考试大纲（2016年修订版）词表；未加★为四级词。
defiant,,,,cet4,official_syllabus_2016,2,全国大学英语四、六级考试大纲（2016年修订版）词表；未加★为四级词。
degeneration,,,,cet4,official_syllabus_2016,2,全国大学英语四、六级考试大纲（2016年修订版）词表；未加★为四级词。
degradation,,,,cet4,official_syllabus_2016,2,全国大学英语四、六级考试大纲（2016年修订版）词表；未加★为四级词。
degree,,,,cet4,official_syllabus_2016,2,全国大学英语四、六级考试大纲（2016年修订版）词表；未加★为四级词。
delay,,,,cet4,official_syllabus_2016,2,全国大学英语四、六级考试大纲（2016年修订版）词表；未加★为四级词。
delegate,,,,cet4,official_syllabus_2016,2,全国大学英语四、六级考试大纲（2016年修订版）词表；未加★为四级词。
delegation,,,,cet4,official_syllabus_2016,2,全国大学英语四、六级考试大纲（2016年修订版）词表；未加★为四级词。
delete,,,,cet4,official_syllabus_2016,2,全国大学英语四、六级考试大纲（2016年修订版）词表；未加★为四级词。
deletion,,,,cet4,official_syllabus_2016,2,全国大学英语四、六级考试大纲（2016年修订版）词表；未加★为四级词。
deliberate,,,,cet4,official_syllabus_2016,2,全国大学英语四、六级考试大纲（2016年修订版）词表；未加★为四级词。
deliberation,,,,cet4,official_syllabus_2016,2,全国大学英语四、六级考试大纲（2016年修订版）词表；未加★为四级词。
delicate,,,,cet4,official_syllabus_2016,2,全国大学英语四、六级考试大纲（2016年修订版）词表；未加★为四级词。
delicious,,,,cet4,official_syllabus_2016,2,全国大学英语四、六级考试大纲（2016年修订版）词表；未加★为四级词。
delight,,,,cet4,official_syllabus_2016,2,全国大学英语四、六级考试大纲（2016年修订版）词表；未加★为四级词。
delightful,,,,cet4,official_syllabus_2016,2,全国大学英语四、六级考试大纲（2016年修订版）词表；未加★为四级词。
deliver,,,,cet4,official_syllabus_2016,2,全国大学英语四、六级考试大纲（2016年修订版）词表；未加★为四级词。
delivery,,,,cet4,official_syllabus_2016,2,全国大学英语四、六级考试大纲（2016年修订版）词表；未加★为四级词。
delusion,,,,cet4,official_syllabus_2016,2,全国大学英语四、六级考试大纲（2016年修订版）词表；未加★为四级词。
demand,,,,cet4,official_syllabus_2016,2,全国大学英语四、六级考试大纲（2016年修订版）词表；未加★为四级词。
demanding,,,,cet4,official_syllabus_2016,2,全国大学英语四、六级考试大纲（2016年修订版）词表；未加★为四级词。
democracy,,,,cet4,official_syllabus_2016,2,全国大学英语四、六级考试大纲（2016年修订版）词表；未加★为四级词。
democratic,,,,cet4,official_syllabus_2016,2,全国大学英语四、六级考试大纲（2016年修订版）词表；未加★为四级词。
democrat,,,,cet4,official_syllabus_2016,2,全国大学英语四、六级考试大纲（2016年修订版）词表；未加★为四级词。
demonstrate,,,,cet4,official_syllabus_2016,2,全国大学英语四、六级考试大纲（2016年修订版）词表；未加★为四级词。
demonstration/demo,,,,cet4,official_syllabus_2016,2,全国大学英语四、六级考试大纲（2016年修订版）词表；未加★为四级词。
demonstrative,,,,cet4,official_syllabus_2016,2,全国大学英语四、六级考试大纲（2016年修订版）词表；未加★为四级词。
denotation,,,,cet4,official_syllabus_2016,2,全国大学英语四、六级考试大纲（2016年修订版）词表；未加★为四级词。
denunciation,,,,cet4,official_syllabus_2016,2,全国大学英语四、六级考试大纲（2016年修订版）词表；未加★为四级词。
dense,,,,cet4,official_syllabus_2016,2,全国大学英语四、六级考试大纲（2016年修订版）词表；未加★为四级词。
density,,,,cet4,official_syllabus_2016,2,全国大学英语四、六级考试大纲（2016年修订版）词表；未加★为四级词。
dent,,,,cet4,official_syllabus_2016,2,全国大学英语四、六级考试大纲（2016年修订版）词表；未加★为四级词。
dental,,,,cet4,official_syllabus_2016,2,全国大学英语四、六级考试大纲（2016年修订版）词表；未加★为四级词。
dentist,,,,cet4,official_syllabus_2016,2,全国大学英语四、六级考试大纲（2016年修订版）词表；未加★为四级词。
deny,,,,cet4,official_syllabus_2016,2,全国大学英语四、六级考试大纲（2016年修订版）词表；未加★为四级词。
denial,,,,cet4,official_syllabus_2016,2,全国大学英语四、六级考试大纲（2016年修订版）词表；未加★为四级词。
depart,,,,cet4,official_syllabus_2016,2,全国大学英语四、六级考试大纲（2016年修订版）词表；未加★为四级词。
departure,,,,cet4,official_syllabus_2016,2,全国大学英语四、六级考试大纲（2016年修订版）词表；未加★为四级词。
department,,,,cet4,official_syllabus_2016,2,全国大学英语四、六级考试大纲（2016年修订版）词表；未加★为四级词。
depend,,,,cet4,official_syllabus_2016,2,全国大学英语四、六级考试大纲（2016年修订版）词表；未加★为四级词。
dependent,,,,cet4,official_syllabus_2016,2,全国大学英语四、六级考试大纲（2016年修订版）词表；未加★为四级词。
dependence,,,,cet4,official_syllabus_2016,2,全国大学英语四、六级考试大纲（2016年修订版）词表；未加★为四级词。
dependable,,,,cet4,official_syllabus_2016,2,全国大学英语四、六级考试大纲（2016年修订版）词表；未加★为四级词。
depiction,,,,cet4,official_syllabus_2016,2,全国大学英语四、六级考试大纲（2016年修订版）词表；未加★为四级词。
depletion,,,,cet4,official_syllabus_2016,2,全国大学英语四、六级考试大纲（2016年修订版）词表；未加★为四级词。
deployment,,,,cet4,official_syllabus_2016,2,全国大学英语四、六级考试大纲（2016年修订版）词表；未加★为四级词。
deportation,,,,cet4,official_syllabus_2016,2,全国大学英语四、六级考试大纲（2016年修订版）词表；未加★为四级词。
deposit,,,,cet4,official_syllabus_2016,2,全国大学英语四、六级考试大纲（2016年修订版）词表；未加★为四级词。
depreciation,,,,cet4,official_syllabus_2016,2,全国大学英语四、六级考试大纲（2016年修订版）词表；未加★为四级词。
depress,,,,cet4,official_syllabus_2016,2,全国大学英语四、六级考试大纲（2016年修订版）词表；未加★为四级词。
depression,,,,cet4,official_syllabus_2016,2,全国大学英语四、六级考试大纲（2016年修订版）词表；未加★为四级词。
deprive,,,,cet4,official_syllabus_2016,2,全国大学英语四、六级考试大纲（2016年修订版）词表；未加★为四级词。
deprivation,,,,cet4,official_syllabus_2016,2,全国大学英语四、六级考试大纲（2016年修订版）词表；未加★为四级词。
deputy,,,,cet4,official_syllabus_2016,2,全国大学英语四、六级考试大纲（2016年修订版）词表；未加★为四级词。
derailment,,,,cet4,official_syllabus_2016,2,全国大学英语四、六级考试大纲（2016年修订版）词表；未加★为四级词。
deregulation,,,,cet4,official_syllabus_2016,2,全国大学英语四、六级考试大纲（2016年修订版）词表；未加★为四级词。
derive,,,,cet4,official_syllabus_2016,2,全国大学英语四、六级考试大纲（2016年修订版）词表；未加★为四级词。
derivative,,,,cet4,official_syllabus_2016,2,全国大学英语四、六级考试大纲（2016年修订版）词表；未加★为四级词。
derivation,,,,cet4,official_syllabus_2016,2,全国大学英语四、六级考试大纲（2016年修订版）词表；未加★为四级词。
descend,,,,cet4,official_syllabus_2016,2,全国大学英语四、六级考试大纲（2016年修订版）词表；未加★为四级词。
descent,,,,cet4,official_syllabus_2016,2,全国大学英语四、六级考试大纲（2016年修订版）词表；未加★为四级词。
descendant,,,,cet4,official_syllabus_2016,2,全国大学英语四、六级考试大纲（2016年修订版）词表；未加★为四级词。
describe,,,,cet4,official_syllabus_2016,2,全国大学英语四、六级考试大纲（2016年修订版）词表；未加★为四级词。
description,,,,cet4,official_syllabus_2016,2,全国大学英语四、六级考试大纲（2016年修订版）词表；未加★为四级词。
descriptive,,,,cet4,official_syllabus_2016,2,全国大学英语四、六级考试大纲（2016年修订版）词表；未加★为四级词。
desert,,,,cet4,official_syllabus_2016,2,全国大学英语四、六级考试大纲（2016年修订版）词表；未加★为四级词。
desertion,,,,cet4,official_syllabus_2016,2,全国大学英语四、六级考试大纲（2016年修订版）词表；未加★为四级词。
deserve,,,,cet4,official_syllabus_2016,2,全国大学英语四、六级考试大纲（2016年修订版）词表；未加★为四级词。
design,,,,cet4,official_syllabus_2016,2,全国大学英语四、六级考试大纲（2016年修订版）词表；未加★为四级词。
designer,,,,cet4,official_syllabus_2016,2,全国大学英语四、六级考试大纲（2016年修订版）词表；未加★为四级词。
designation,,,,cet4,official_syllabus_2016,2,全国大学英语四、六级考试大纲（2016年修订版）词表；未加★为四级词。
desire,,,,cet4,official_syllabus_2016,2,全国大学英语四、六级考试大纲（2016年修订版）词表；未加★为四级词。
desirable,,,,cet4,official_syllabus_2016,2,全国大学英语四、六级考试大纲（2016年修订版）词表；未加★为四级词。
desirability,,,,cet4,official_syllabus_2016,2,全国大学英语四、六级考试大纲（2016年修订版）词表；未加★为四级词。
desirous,,,,cet4,official_syllabus_2016,2,全国大学英语四、六级考试大纲（2016年修订版）词表；未加★为四级词。
desk,,,,cet4,official_syllabus_2016,2,全国大学英语四、六级考试大纲（2016年修订版）词表；未加★为四级词。
desktop,,,,cet4,official_syllabus_2016,2,全国大学英语四、六级考试大纲（2016年修订版）词表；未加★为四级词。
despair,,,,cet4,official_syllabus_2016,2,全国大学英语四、六级考试大纲（2016年修订版）词表；未加★为四级词。
desperate,,,,cet4,official_syllabus_2016,2,全国大学英语四、六级考试大纲（2016年修订版）词表；未加★为四级词。
despatch,,,,cet4,official_syllabus_2016,2,全国大学英语四、六级考试大纲（2016年修订版）词表；未加★为四级词。
despite,,,,cet4,official_syllabus_2016,2,全国大学英语四、六级考试大纲（2016年修订版）词表；未加★为四级词。
dessert,,,,cet4,official_syllabus_2016,2,全国大学英语四、六级考试大纲（2016年修订版）词表；未加★为四级词。
destination,,,,cet4,official_syllabus_2016,2,全国大学英语四、六级考试大纲（2016年修订版）词表；未加★为四级词。
destined,,,,cet4,official_syllabus_2016,2,全国大学英语四、六级考试大纲（2016年修订版）词表；未加★为四级词。
destroy,,,,cet4,official_syllabus_2016,2,全国大学英语四、六级考试大纲（2016年修订版）词表；未加★为四级词。
destruction,,,,cet4,official_syllabus_2016,2,全国大学英语四、六级考试大纲（2016年修订版）词表；未加★为四级词。
destructive,,,,cet4,official_syllabus_2016,2,全国大学英语四、六级考试大纲（2016年修订版）词表；未加★为四级词。
detached,,,,cet4,official_syllabus_2016,2,全国大学英语四、六级考试大纲（2016年修订版）词表；未加★为四级词。
detachment,,,,cet4,official_syllabus_2016,2,全国大学英语四、六级考试大纲（2016年修订版）词表；未加★为四级词。
detail,,,,cet4,official_syllabus_2016,2,全国大学英语四、六级考试大纲（2016年修订版）词表；未加★为四级词。
detailed,,,,cet4,official_syllabus_2016,2,全国大学英语四、六级考试大纲（2016年修订版）词表；未加★为四级词。
detention,,,,cet4,official_syllabus_2016,2,全国大学英语四、六级考试大纲（2016年修订版）词表；未加★为四级词。
detect,,,,cet4,official_syllabus_2016,2,全国大学英语四、六级考试大纲（2016年修订版）词表；未加★为四级词。
detection,,,,cet4,official_syllabus_2016,2,全国大学英语四、六级考试大纲（2016年修订版）词表；未加★为四级词。
detective,,,,cet4,official_syllabus_2016,2,全国大学英语四、六级考试大纲（2016年修订版）词表；未加★为四级词。
deterrent,,,,cet4,official_syllabus_2016,2,全国大学英语四、六级考试大纲（2016年修订版）词表；未加★为四级词。
deteriorate,,,,cet4,official_syllabus_2016,2,全国大学英语四、六级考试大纲（2016年修订版）词表；未加★为四级词。
deterioration,,,,cet4,official_syllabus_2016,2,全国大学英语四、六级考试大纲（2016年修订版）词表；未加★为四级词。
determine,,,,cet4,official_syllabus_2016,2,全国大学英语四、六级考试大纲（2016年修订版）词表；未加★为四级词。
determination,,,,cet4,official_syllabus_2016,2,全国大学英语四、六级考试大纲（2016年修订版）词表；未加★为四级词。
determined,,,,cet4,official_syllabus_2016,2,全国大学英语四、六级考试大纲（2016年修订版）词表；未加★为四级词。
detrimental,,,,cet4,official_syllabus_2016,2,全国大学英语四、六级考试大纲（2016年修订版）词表；未加★为四级词。
devastating,,,,cet4,official_syllabus_2016,2,全国大学英语四、六级考试大纲（2016年修订版）词表；未加★为四级词。
devastation,,,,cet4,official_syllabus_2016,2,全国大学英语四、六级考试大纲（2016年修订版）词表；未加★为四级词。
develop,,,,cet4,official_syllabus_2016,2,全国大学英语四、六级考试大纲（2016年修订版）词表；未加★为四级词。
development,,,,cet4,official_syllabus_2016,2,全国大学英语四、六级考试大纲（2016年修订版）词表；未加★为四级词。
developmental,,,,cet4,official_syllabus_2016,2,全国大学英语四、六级考试大纲（2016年修订版）词表；未加★为四级词。
developer,,,,cet4,official_syllabus_2016,2,全国大学英语四、六级考试大纲（2016年修订版）词表；未加★为四级词。
deviation,,,,cet4,official_syllabus_2016,2,全国大学英语四、六级考试大纲（2016年修订版）词表；未加★为四级词。
device,,,,cet4,official_syllabus_2016,2,全国大学英语四、六级考试大纲（2016年修订版）词表；未加★为四级词。
devil,,,,cet4,official_syllabus_2016,2,全国大学英语四、六级考试大纲（2016年修订版）词表；未加★为四级词。
devise,,,,cet4,official_syllabus_2016,2,全国大学英语四、六级考试大纲（2016年修订版）词表；未加★为四级词。
devote,,,,cet4,official_syllabus_2016,2,全国大学英语四、六级考试大纲（2016年修订版）词表；未加★为四级词。
devotion,,,,cet4,official_syllabus_2016,2,全国大学英语四、六级考试大纲（2016年修订版）词表；未加★为四级词。
dew,,,,cet4,official_syllabus_2016,2,全国大学英语四、六级考试大纲（2016年修订版）词表；未加★为四级词。
diabetes,,,,cet4,official_syllabus_2016,2,全国大学英语四、六级考试大纲（2016年修订版）词表；未加★为四级词。
diagnose,,,,cet4,official_syllabus_2016,2,全国大学英语四、六级考试大纲（2016年修订版）词表；未加★为四级词。
diagnosis,,,,cet4,official_syllabus_2016,2,全国大学英语四、六级考试大纲（2016年修订版）词表；未加★为四级词。
diagram,,,,cet4,official_syllabus_2016,2,全国大学英语四、六级考试大纲（2016年修订版）词表；未加★为四级词。
dial,,,,cet4,official_syllabus_2016,2,全国大学英语四、六级考试大纲（2016年修订版）词表；未加★为四级词。
dialect,,,,cet4,official_syllabus_2016,2,全国大学英语四、六级考试大纲（2016年修订版）词表；未加★为四级词。
dialog(ue),,,,cet4,official_syllabus_2016,2,全国大学英语四、六级考试大纲（2016年修订版）词表；未加★为四级词。
diameter,,,,cet4,official_syllabus_2016,2,全国大学英语四、六级考试大纲（2016年修订版）词表；未加★为四级词。
diamond,,,,cet4,official_syllabus_2016,2,全国大学英语四、六级考试大纲（2016年修订版）词表；未加★为四级词。
diary,,,,cet4,official_syllabus_2016,2,全国大学英语四、六级考试大纲（2016年修订版）词表；未加★为四级词。
dictate,,,,cet4,official_syllabus_2016,2,全国大学英语四、六级考试大纲（2016年修订版）词表；未加★为四级词。
dictation,,,,cet4,official_syllabus_2016,2,全国大学英语四、六级考试大纲（2016年修订版）词表；未加★为四级词。
dictator,,,,cet4,official_syllabus_2016,2,全国大学英语四、六级考试大纲（2016年修订版）词表；未加★为四级词。
dictionary,,,,cet4,official_syllabus_2016,2,全国大学英语四、六级考试大纲（2016年修订版）词表；未加★为四级词。
die,,,,cet4,official_syllabus_2016,2,全国大学英语四、六级考试大纲（2016年修订版）词表；未加★为四级词。
dying,,,,cet4,official_syllabus_2016,2,全国大学英语四、六级考试大纲（2016年修订版）词表；未加★为四级词。
diet,,,,cet4,official_syllabus_2016,2,全国大学英语四、六级考试大纲（2016年修订版）词表；未加★为四级词。
dietary,,,,cet4,official_syllabus_2016,2,全国大学英语四、六级考试大纲（2016年修订版）词表；未加★为四级词。
differ,,,,cet4,official_syllabus_2016,2,全国大学英语四、六级考试大纲（2016年修订版）词表；未加★为四级词。
difference,,,,cet4,official_syllabus_2016,2,全国大学英语四、六级考试大纲（2016年修订版）词表；未加★为四级词。
different,,,,cet4,official_syllabus_2016,2,全国大学英语四、六级考试大纲（2016年修订版）词表；未加★为四级词。
differentiation,,,,cet4,official_syllabus_2016,2,全国大学英语四、六级考试大纲（2016年修订版）词表；未加★为四级词。
difficult,,,,cet4,official_syllabus_2016,2,全国大学英语四、六级考试大纲（2016年修订版）词表；未加★为四级词。
difficulty,,,,cet4,official_syllabus_2016,2,全国大学英语四、六级考试大纲（2016年修订版）词表；未加★为四级词。
diffusion,,,,cet4,official_syllabus_2016,2,全国大学英语四、六级考试大纲（2016年修订版）词表；未加★为四级词。
dig,,,,cet4,official_syllabus_2016,2,全国大学英语四、六级考试大纲（2016年修订版）词表；未加★为四级词。
digest,,,,cet4,official_syllabus_2016,2,全国大学英语四、六级考试大纲（2016年修订版）词表；未加★为四级词。
digestion,,,,cet4,official_syllabus_2016,2,全国大学英语四、六级考试大纲（2016年修订版）词表；未加★为四级词。
digestive,,,,cet4,official_syllabus_2016,2,全国大学英语四、六级考试大纲（2016年修订版）词表；未加★为四级词。
digit,,,,cet4,official_syllabus_2016,2,全国大学英语四、六级考试大纲（2016年修订版）词表；未加★为四级词。
digital,,,,cet4,official_syllabus_2016,2,全国大学英语四、六级考试大纲（2016年修订版）词表；未加★为四级词。
dignity,,,,cet4,official_syllabus_2016,2,全国大学英语四、六级考试大纲（2016年修订版）词表；未加★为四级词。
dignify,,,,cet4,official_syllabus_2016,2,全国大学英语四、六级考试大纲（2016年修订版）词表；未加★为四级词。
dilemma,,,,cet4,official_syllabus_2016,2,全国大学英语四、六级考试大纲（2016年修订版）词表；未加★为四级词。
diligent,,,,cet4,official_syllabus_2016,2,全国大学英语四、六级考试大纲（2016年修订版）词表；未加★为四级词。
diligence,,,,cet4,official_syllabus_2016,2,全国大学英语四、六级考试大纲（2016年修订版）词表；未加★为四级词。
dilution,,,,cet4,official_syllabus_2016,2,全国大学英语四、六级考试大纲（2016年修订版）词表；未加★为四级词。
dim,,,,cet4,official_syllabus_2016,2,全国大学英语四、六级考试大纲（2016年修订版）词表；未加★为四级词。
dime,,,,cet4,official_syllabus_2016,2,全国大学英语四、六级考试大纲（2016年修订版）词表；未加★为四级词。
dimension,,,,cet4,official_syllabus_2016,2,全国大学英语四、六级考试大纲（2016年修订版）词表；未加★为四级词。
dimensional,,,,cet4,official_syllabus_2016,2,全国大学英语四、六级考试大纲（2016年修订版）词表；未加★为四级词。
dine,,,,cet4,official_syllabus_2016,2,全国大学英语四、六级考试大纲（2016年修订版）词表；未加★为四级词。
diner,,,,cet4,official_syllabus_2016,2,全国大学英语四、六级考试大纲（2016年修订版）词表；未加★为四级词。
dinner,,,,cet4,official_syllabus_2016,2,全国大学英语四、六级考试大纲（2016年修订版）词表；未加★为四级词。
dioxide,,,,cet4,official_syllabus_2016,2,全国大学英语四、六级考试大纲（2016年修订版）词表；未加★为四级词。
dip,,,,cet4,official_syllabus_2016,2,全国大学英语四、六级考试大纲（2016年修订版）词表；未加★为四级词。
diploma,,,,cet4,official_syllabus_2016,2,全国大学英语四、六级考试大纲（2016年修订版）词表；未加★为四级词。
diplomat,,,,cet4,official_syllabus_2016,2,全国大学英语四、六级考试大纲（2016年修订版）词表；未加★为四级词。
diplomatic,,,,cet4,official_syllabus_2016,2,全国大学英语四、六级考试大纲（2016年修订版）词表；未加★为四级词。
diplomacy,,,,cet4,official_syllabus_2016,2,全国大学英语四、六级考试大纲（2016年修订版）词表；未加★为四级词。
direct,,,,cet4,official_syllabus_2016,2,全国大学英语四、六级考试大纲（2016年修订版）词表；未加★为四级词。
direction,,,,cet4,official_syllabus_2016,2,全国大学英语四、六级考试大纲（2016年修订版）词表；未加★为四级词。
director,,,,cet4,official_syllabus_2016,2,全国大学英语四、六级考试大纲（2016年修订版）词表；未加★为四级词。
dirt,,,,cet4,official_syllabus_2016,2,全国大学英语四、六级考试大纲（2016年修订版）词表；未加★为四级词。
dirty,,,,cet4,official_syllabus_2016,2,全国大学英语四、六级考试大纲（2016年修订版）词表；未加★为四级词。
disable,,,,cet4,official_syllabus_2016,2,全国大学英语四、六级考试大纲（2016年修订版）词表；未加★为四级词。
disabled,,,,cet4,official_syllabus_2016,2,全国大学英语四、六级考试大纲（2016年修订版）词表；未加★为四级词。
disability,,,,cet4,official_syllabus_2016,2,全国大学英语四、六级考试大纲（2016年修订版）词表；未加★为四级词。
disagree,,,,cet4,official_syllabus_2016,2,全国大学英语四、六级考试大纲（2016年修订版）词表；未加★为四级词。
disagreement,,,,cet4,official_syllabus_2016,2,全国大学英语四、六级考试大纲（2016年修订版）词表；未加★为四级词。
disappear,,,,cet4,official_syllabus_2016,2,全国大学英语四、六级考试大纲（2016年修订版）词表；未加★为四级词。
disappearance,,,,cet4,official_syllabus_2016,2,全国大学英语四、六级考试大纲（2016年修订版）词表；未加★为四级词。
disappoint,,,,cet4,official_syllabus_2016,2,全国大学英语四、六级考试大纲（2016年修订版）词表；未加★为四级词。
disappointment,,,,cet4,official_syllabus_2016,2,全国大学英语四、六级考试大纲（2016年修订版）词表；未加★为四级词。
disappointing,,,,cet4,official_syllabus_2016,2,全国大学英语四、六级考试大纲（2016年修订版）词表；未加★为四级词。
disapprove,,,,cet4,official_syllabus_2016,2,全国大学英语四、六级考试大纲（2016年修订版）词表；未加★为四级词。
disapproval,,,,cet4,official_syllabus_2016,2,全国大学英语四、六级考试大纲（2016年修订版）词表；未加★为四级词。
disarmament,,,,cet4,official_syllabus_2016,2,全国大学英语四、六级考试大纲（2016年修订版）词表；未加★为四级词。
disaster,,,,cet4,official_syllabus_2016,2,全国大学英语四、六级考试大纲（2016年修订版）词表；未加★为四级词。
disastrous,,,,cet4,official_syllabus_2016,2,全国大学英语四、六级考试大纲（2016年修订版）词表；未加★为四级词。
discard,,,,cet4,official_syllabus_2016,2,全国大学英语四、六级考试大纲（2016年修订版）词表；未加★为四级词。
discharge,,,,cet4,official_syllabus_2016,2,全国大学英语四、六级考试大纲（2016年修订版）词表；未加★为四级词。
discipline,,,,cet4,official_syllabus_2016,2,全国大学英语四、六级考试大纲（2016年修订版）词表；未加★为四级词。
disciplined,,,,cet4,official_syllabus_2016,2,全国大学英语四、六级考试大纲（2016年修订版）词表；未加★为四级词。
disciplinary,,,,cet4,official_syllabus_2016,2,全国大学英语四、六级考试大纲（2016年修订版）词表；未加★为四级词。
disclosure,,,,cet4,official_syllabus_2016,2,全国大学英语四、六级考试大纲（2016年修订版）词表；未加★为四级词。
disco,,,,cet4,official_syllabus_2016,2,全国大学英语四、六级考试大纲（2016年修订版）词表；未加★为四级词。
discount,,,,cet4,official_syllabus_2016,2,全国大学英语四、六级考试大纲（2016年修订版）词表；未加★为四级词。
discourage,,,,cet4,official_syllabus_2016,2,全国大学英语四、六级考试大纲（2016年修订版）词表；未加★为四级词。
discover,,,,cet4,official_syllabus_2016,2,全国大学英语四、六级考试大纲（2016年修订版）词表；未加★为四级词。
discovery,,,,cet4,official_syllabus_2016,2,全国大学英语四、六级考试大纲（2016年修订版）词表；未加★为四级词。
discriminate,,,,cet4,official_syllabus_2016,2,全国大学英语四、六级考试大纲（2016年修订版）词表；未加★为四级词。
discrimination,,,,cet4,official_syllabus_2016,2,全国大学英语四、六级考试大纲（2016年修订版）词表；未加★为四级词。
discriminatory,,,,cet4,official_syllabus_2016,2,全国大学英语四、六级考试大纲（2016年修订版）词表；未加★为四级词。
discuss,,,,cet4,official_syllabus_2016,2,全国大学英语四、六级考试大纲（2016年修订版）词表；未加★为四级词。
discussion,,,,cet4,official_syllabus_2016,2,全国大学英语四、六级考试大纲（2016年修订版）词表；未加★为四级词。
disease,,,,cet4,official_syllabus_2016,2,全国大学英语四、六级考试大纲（2016年修订版）词表；未加★为四级词。
disguise,,,,cet4,official_syllabus_2016,2,全国大学英语四、六级考试大纲（2016年修订版）词表；未加★为四级词。
disgust,,,,cet4,official_syllabus_2016,2,全国大学英语四、六级考试大纲（2016年修订版）词表；未加★为四级词。
disgusting,,,,cet4,official_syllabus_2016,2,全国大学英语四、六级考试大纲（2016年修订版）词表；未加★为四级词。
dish,,,,cet4,official_syllabus_2016,2,全国大学英语四、六级考试大纲（2016年修订版）词表；未加★为四级词。
disintegrate,,,,cet4,official_syllabus_2016,2,全国大学英语四、六级考试大纲（2016年修订版）词表；未加★为四级词。
disintegration,,,,cet4,official_syllabus_2016,2,全国大学英语四、六级考试大纲（2016年修订版）词表；未加★为四级词。
disk/disc,,,,cet4,official_syllabus_2016,2,全国大学英语四、六级考试大纲（2016年修订版）词表；未加★为四级词。
dislike,,,,cet4,official_syllabus_2016,2,全国大学英语四、六级考试大纲（2016年修订版）词表；未加★为四级词。
dismiss,,,,cet4,official_syllabus_2016,2,全国大学英语四、六级考试大纲（2016年修订版）词表；未加★为四级词。
dismissal,,,,cet4,official_syllabus_2016,2,全国大学英语四、六级考试大纲（2016年修订版）词表；未加★为四级词。
disorder,,,,cet4,official_syllabus_2016,2,全国大学英语四、六级考试大纲（2016年修订版）词表；未加★为四级词。
displacement,,,,cet4,official_syllabus_2016,2,全国大学英语四、六级考试大纲（2016年修订版）词表；未加★为四级词。
display,,,,cet4,official_syllabus_2016,2,全国大学英语四、六级考试大纲（2016年修订版）词表；未加★为四级词。
dispose,,,,cet4,official_syllabus_2016,2,全国大学英语四、六级考试大纲（2016年修订版）词表；未加★为四级词。
disposal,,,,cet4,official_syllabus_2016,2,全国大学英语四、六级考试大纲（2016年修订版）词表；未加★为四级词。
dispute,,,,cet4,official_syllabus_2016,2,全国大学英语四、六级考试大纲（2016年修订版）词表；未加★为四级词。
disputable,,,,cet4,official_syllabus_2016,2,全国大学英语四、六级考试大纲（2016年修订版）词表；未加★为四级词。
disrupt,,,,cet4,official_syllabus_2016,2,全国大学英语四、六级考试大纲（2016年修订版）词表；未加★为四级词。
disruptive,,,,cet4,official_syllabus_2016,2,全国大学英语四、六级考试大纲（2016年修订版）词表；未加★为四级词。
disruption,,,,cet4,official_syllabus_2016,2,全国大学英语四、六级考试大纲（2016年修订版）词表；未加★为四级词。
dissolve,,,,cet4,official_syllabus_2016,2,全国大学英语四、六级考试大纲（2016年修订版）词表；未加★为四级词。
distance,,,,cet4,official_syllabus_2016,2,全国大学英语四、六级考试大纲（2016年修订版）词表；未加★为四级词。
distant,,,,cet4,official_syllabus_2016,2,全国大学英语四、六级考试大纲（2016年修订版）词表；未加★为四级词。
distinct,,,,cet4,official_syllabus_2016,2,全国大学英语四、六级考试大纲（2016年修订版）词表；未加★为四级词。
distinction,,,,cet4,official_syllabus_2016,2,全国大学英语四、六级考试大纲（2016年修订版）词表；未加★为四级词。
distinctive,,,,cet4,official_syllabus_2016,2,全国大学英语四、六级考试大纲（2016年修订版）词表；未加★为四级词。
distinguish,,,,cet4,official_syllabus_2016,2,全国大学英语四、六级考试大纲（2016年修订版）词表；未加★为四级词。
distinguishable,,,,cet4,official_syllabus_2016,2,全国大学英语四、六级考试大纲（2016年修订版）词表；未加★为四级词。
distortion,,,,cet4,official_syllabus_2016,2,全国大学英语四、六级考试大纲（2016年修订版）词表；未加★为四级词。
distract,,,,cet4,official_syllabus_2016,2,全国大学英语四、六级考试大纲（2016年修订版）词表；未加★为四级词。
distraction,,,,cet4,official_syllabus_2016,2,全国大学英语四、六级考试大纲（2016年修订版）词表；未加★为四级词。
distress,,,,cet4,official_syllabus_2016,2,全国大学英语四、六级考试大纲（2016年修订版）词表；未加★为四级词。
distressful,,,,cet4,official_syllabus_2016,2,全国大学英语四、六级考试大纲（2016年修订版）词表；未加★为四级词。
distribute,,,,cet4,official_syllabus_2016,2,全国大学英语四、六级考试大纲（2016年修订版）词表；未加★为四级词。
distribution,,,,cet4,official_syllabus_2016,2,全国大学英语四、六级考试大纲（2016年修订版）词表；未加★为四级词。
distributive,,,,cet4,official_syllabus_2016,2,全国大学英语四、六级考试大纲（2016年修订版）词表；未加★为四级词。
district,,,,cet4,official_syllabus_2016,2,全国大学英语四、六级考试大纲（2016年修订版）词表；未加★为四级词。
disturb,,,,cet4,official_syllabus_2016,2,全国大学英语四、六级考试大纲（2016年修订版）词表；未加★为四级词。
disturbance,,,,cet4,official_syllabus_2016,2,全国大学英语四、六级考试大纲（2016年修订版）词表；未加★为四级词。
ditch,,,,cet4,official_syllabus_2016,2,全国大学英语四、六级考试大纲（2016年修订版）词表；未加★为四级词。
dive,,,,cet4,official_syllabus_2016,2,全国大学英语四、六级考试大纲（2016年修订版）词表；未加★为四级词。
diverse,,,,cet4,official_syllabus_2016,2,全国大学英语四、六级考试大纲（2016年修订版）词表；未加★为四级词。
diversify,,,,cet4,official_syllabus_2016,2,全国大学英语四、六级考试大纲（2016年修订版）词表；未加★为四级词。
diversity,,,,cet4,official_syllabus_2016,2,全国大学英语四、六级考试大纲（2016年修订版）词表；未加★为四级词。
diversion,,,,cet4,official_syllabus_2016,2,全国大学英语四、六级考试大纲（2016年修订版）词表；未加★为四级词。
divide,,,,cet4,official_syllabus_2016,2,全国大学英语四、六级考试大纲（2016年修订版）词表；未加★为四级词。
division,,,,cet4,official_syllabus_2016,2,全国大学英语四、六级考试大纲（2016年修订版）词表；未加★为四级词。
divisive,,,,cet4,official_syllabus_2016,2,全国大学英语四、六级考试大纲（2016年修订版）词表；未加★为四级词。
divorce,,,,cet4,official_syllabus_2016,2,全国大学英语四、六级考试大纲（2016年修订版）词表；未加★为四级词。
dizzy,,,,cet4,official_syllabus_2016,2,全国大学英语四、六级考试大纲（2016年修订版）词表；未加★为四级词。
do,,,,cet4,official_syllabus_2016,2,全国大学英语四、六级考试大纲（2016年修订版）词表；未加★为四级词。
dock,,,,cet4,official_syllabus_2016,2,全国大学英语四、六级考试大纲（2016年修订版）词表；未加★为四级词。
doctor,,,,cet4,official_syllabus_2016,2,全国大学英语四、六级考试大纲（2016年修订版）词表；未加★为四级词。
doctorate,,,,cet4,official_syllabus_2016,2,全国大学英语四、六级考试大纲（2016年修订版）词表；未加★为四级词。
doctoral,,,,cet4,official_syllabus_2016,2,全国大学英语四、六级考试大纲（2016年修订版）词表；未加★为四级词。
document,,,,cet4,official_syllabus_2016,2,全国大学英语四、六级考试大纲（2016年修订版）词表；未加★为四级词。
documentary,,,,cet4,official_syllabus_2016,2,全国大学英语四、六级考试大纲（2016年修订版）词表；未加★为四级词。
dog,,,,cet4,official_syllabus_2016,2,全国大学英语四、六级考试大纲（2016年修订版）词表；未加★为四级词。
doll,,,,cet4,official_syllabus_2016,2,全国大学英语四、六级考试大纲（2016年修订版）词表；未加★为四级词。
dollar,,,,cet4,official_syllabus_2016,2,全国大学英语四、六级考试大纲（2016年修订版）词表；未加★为四级词。
dolphin,,,,cet4,official_syllabus_2016,2,全国大学英语四、六级考试大纲（2016年修订版）词表；未加★为四级词。
domestic,,,,cet4,official_syllabus_2016,2,全国大学英语四、六级考试大纲（2016年修订版）词表；未加★为四级词。
dominate,,,,cet4,official_syllabus_2016,2,全国大学英语四、六级考试大纲（2016年修订版）词表；未加★为四级词。
domination,,,,cet4,official_syllabus_2016,2,全国大学英语四、六级考试大纲（2016年修订版）词表；未加★为四级词。
dominance,,,,cet4,official_syllabus_2016,2,全国大学英语四、六级考试大纲（2016年修订版）词表；未加★为四级词。
dominant,,,,cet4,official_syllabus_2016,2,全国大学英语四、六级考试大纲（2016年修订版）词表；未加★为四级词。
donate,,,,cet4,official_syllabus_2016,2,全国大学英语四、六级考试大纲（2016年修订版）词表；未加★为四级词。
donation,,,,cet4,official_syllabus_2016,2,全国大学英语四、六级考试大纲（2016年修订版）词表；未加★为四级词。
donor,,,,cet4,official_syllabus_2016,2,全国大学英语四、六级考试大纲（2016年修订版）词表；未加★为四级词。
donkey,,,,cet4,official_syllabus_2016,2,全国大学英语四、六级考试大纲（2016年修订版）词表；未加★为四级词。
doom,,,,cet4,official_syllabus_2016,2,全国大学英语四、六级考试大纲（2016年修订版）词表；未加★为四级词。
door,,,,cet4,official_syllabus_2016,2,全国大学英语四、六级考试大纲（2016年修订版）词表；未加★为四级词。
dormitory/dorm,,,,cet4,official_syllabus_2016,2,全国大学英语四、六级考试大纲（2016年修订版）词表；未加★为四级词。
dose,,,,cet4,official_syllabus_2016,2,全国大学英语四、六级考试大纲（2016年修订版）词表；未加★为四级词。
dosage,,,,cet4,official_syllabus_2016,2,全国大学英语四、六级考试大纲（2016年修订版）词表；未加★为四级词。
dot,,,,cet4,official_syllabus_2016,2,全国大学英语四、六级考试大纲（2016年修订版）词表；未加★为四级词。
double,,,,cet4,official_syllabus_2016,2,全国大学英语四、六级考试大纲（2016年修订版）词表；未加★为四级词。
doubt,,,,cet4,official_syllabus_2016,2,全国大学英语四、六级考试大纲（2016年修订版）词表；未加★为四级词。
doubtful,,,,cet4,official_syllabus_2016,2,全国大学英语四、六级考试大纲（2016年修订版）词表；未加★为四级词。
doubtless,,,,cet4,official_syllabus_2016,2,全国大学英语四、六级考试大纲（2016年修订版）词表；未加★为四级词。
dove,,,,cet4,official_syllabus_2016,2,全国大学英语四、六级考试大纲（2016年修订版）词表；未加★为四级词。
down,,,,cet4,official_syllabus_2016,2,全国大学英语四、六级考试大纲（2016年修订版）词表；未加★为四级词。
download,,,,cet4,official_syllabus_2016,2,全国大学英语四、六级考试大纲（2016年修订版）词表；未加★为四级词。
downstairs,,,,cet4,official_syllabus_2016,2,全国大学英语四、六级考试大纲（2016年修订版）词表；未加★为四级词。
downtown,,,,cet4,official_syllabus_2016,2,全国大学英语四、六级考试大纲（2016年修订版）词表；未加★为四级词。
downward,,,,cet4,official_syllabus_2016,2,全国大学英语四、六级考试大纲（2016年修订版）词表；未加★为四级词。
downwards,,,,cet4,official_syllabus_2016,2,全国大学英语四、六级考试大纲（2016年修订版）词表；未加★为四级词。
dozen,,,,cet4,official_syllabus_2016,2,全国大学英语四、六级考试大纲（2016年修订版）词表；未加★为四级词。
draft,,,,cet4,official_syllabus_2016,2,全国大学英语四、六级考试大纲（2016年修订版）词表；未加★为四级词。
drag,,,,cet4,official_syllabus_2016,2,全国大学英语四、六级考试大纲（2016年修订版）词表；未加★为四级词。
dragon,,,,cet4,official_syllabus_2016,2,全国大学英语四、六级考试大纲（2016年修订版）词表；未加★为四级词。
drain,,,,cet4,official_syllabus_2016,2,全国大学英语四、六级考试大纲（2016年修订版）词表；未加★为四级词。
drainage,,,,cet4,official_syllabus_2016,2,全国大学英语四、六级考试大纲（2016年修订版）词表；未加★为四级词。
drama,,,,cet4,official_syllabus_2016,2,全国大学英语四、六级考试大纲（2016年修订版）词表；未加★为四级词。
dramatic,,,,cet4,official_syllabus_2016,2,全国大学英语四、六级考试大纲（2016年修订版）词表；未加★为四级词。
dramatically,,,,cet4,official_syllabus_2016,2,全国大学英语四、六级考试大纲（2016年修订版）词表；未加★为四级词。
drastic,,,,cet4,official_syllabus_2016,2,全国大学英语四、六级考试大纲（2016年修订版）词表；未加★为四级词。
drastically,,,,cet4,official_syllabus_2016,2,全国大学英语四、六级考试大纲（2016年修订版）词表；未加★为四级词。
draw,,,,cet4,official_syllabus_2016,2,全国大学英语四、六级考试大纲（2016年修订版）词表；未加★为四级词。
drawing,,,,cet4,official_syllabus_2016,2,全国大学英语四、六级考试大纲（2016年修订版）词表；未加★为四级词。
drawer,,,,cet4,official_syllabus_2016,2,全国大学英语四、六级考试大纲（2016年修订版）词表；未加★为四级词。
dreadful,,,,cet4,official_syllabus_2016,2,全国大学英语四、六级考试大纲（2016年修订版）词表；未加★为四级词。
dream,,,,cet4,official_syllabus_2016,2,全国大学英语四、六级考试大纲（2016年修订版）词表；未加★为四级词。
dreamy,,,,cet4,official_syllabus_2016,2,全国大学英语四、六级考试大纲（2016年修订版）词表；未加★为四级词。
dress,,,,cet4,official_syllabus_2016,2,全国大学英语四、六级考试大纲（2016年修订版）词表；未加★为四级词。
drift,,,,cet4,official_syllabus_2016,2,全国大学英语四、六级考试大纲（2016年修订版）词表；未加★为四级词。
drill,,,,cet4,official_syllabus_2016,2,全国大学英语四、六级考试大纲（2016年修订版）词表；未加★为四级词。
drink,,,,cet4,official_syllabus_2016,2,全国大学英语四、六级考试大纲（2016年修订版）词表；未加★为四级词。
drip,,,,cet4,official_syllabus_2016,2,全国大学英语四、六级考试大纲（2016年修订版）词表；未加★为四级词。
drive,,,,cet4,official_syllabus_2016,2,全国大学英语四、六级考试大纲（2016年修订版）词表；未加★为四级词。
driver,,,,cet4,official_syllabus_2016,2,全国大学英语四、六级考试大纲（2016年修订版）词表；未加★为四级词。
drop,,,,cet4,official_syllabus_2016,2,全国大学英语四、六级考试大纲（2016年修订版）词表；未加★为四级词。
dropout,,,,cet4,official_syllabus_2016,2,全国大学英语四、六级考试大纲（2016年修订版）词表；未加★为四级词。
drought,,,,cet4,official_syllabus_2016,2,全国大学英语四、六级考试大纲（2016年修订版）词表；未加★为四级词。
drown,,,,cet4,official_syllabus_2016,2,全国大学英语四、六级考试大纲（2016年修订版）词表；未加★为四级词。
drug,,,,cet4,official_syllabus_2016,2,全国大学英语四、六级考试大纲（2016年修订版）词表；未加★为四级词。
drum,,,,cet4,official_syllabus_2016,2,全国大学英语四、六级考试大纲（2016年修订版）词表；未加★为四级词。
drunk,,,,cet4,official_syllabus_2016,2,全国大学英语四、六级考试大纲（2016年修订版）词表；未加★为四级词。
drunken,,,,cet4,official_syllabus_2016,2,全国大学英语四、六级考试大纲（2016年修订版）词表；未加★为四级词。
drunkard,,,,cet4,official_syllabus_2016,2,全国大学英语四、六级考试大纲（2016年修订版）词表；未加★为四级词。
dry,,,,cet4,official_syllabus_2016,2,全国大学英语四、六级考试大纲（2016年修订版）词表；未加★为四级词。
dryer,,,,cet4,official_syllabus_2016,2,全国大学英语四、六级考试大纲（2016年修订版）词表；未加★为四级词。
dual,,,,cet4,official_syllabus_2016,2,全国大学英语四、六级考试大纲（2016年修订版）词表；未加★为四级词。
duck,,,,cet4,official_syllabus_2016,2,全国大学英语四、六级考试大纲（2016年修订版）词表；未加★为四级词。
due,,,,cet4,official_syllabus_2016,2,全国大学英语四、六级考试大纲（2016年修订版）词表；未加★为四级词。
duly,,,,cet4,official_syllabus_2016,2,全国大学英语四、六级考试大纲（2016年修订版）词表；未加★为四级词。
dull,,,,cet4,official_syllabus_2016,2,全国大学英语四、六级考试大纲（2016年修订版）词表；未加★为四级词。
dumb,,,,cet4,official_syllabus_2016,2,全国大学英语四、六级考试大纲（2016年修订版）词表；未加★为四级词。
dump,,,,cet4,official_syllabus_2016,2,全国大学英语四、六级考试大纲（2016年修订版）词表；未加★为四级词。
duplication,,,,cet4,official_syllabus_2016,2,全国大学英语四、六级考试大纲（2016年修订版）词表；未加★为四级词。
durable,,,,cet4,official_syllabus_2016,2,全国大学英语四、六级考试大纲（2016年修订版）词表；未加★为四级词。
durability,,,,cet4,official_syllabus_2016,2,全国大学英语四、六级考试大纲（2016年修订版）词表；未加★为四级词。
duration,,,,cet4,official_syllabus_2016,2,全国大学英语四、六级考试大纲（2016年修订版）词表；未加★为四级词。
during,,,,cet4,official_syllabus_2016,2,全国大学英语四、六级考试大纲（2016年修订版）词表；未加★为四级词。
dusk,,,,cet4,official_syllabus_2016,2,全国大学英语四、六级考试大纲（2016年修订版）词表；未加★为四级词。
dust,,,,cet4,official_syllabus_2016,2,全国大学英语四、六级考试大纲（2016年修订版）词表；未加★为四级词。
dusty,,,,cet4,official_syllabus_2016,2,全国大学英语四、六级考试大纲（2016年修订版）词表；未加★为四级词。
duty,,,,cet4,official_syllabus_2016,2,全国大学英语四、六级考试大纲（2016年修订版）词表；未加★为四级词。
dweller,,,,cet4,official_syllabus_2016,2,全国大学英语四、六级考试大纲（2016年修订版）词表；未加★为四级词。
dwelling,,,,cet4,official_syllabus_2016,2,全国大学英语四、六级考试大纲（2016年修订版）词表；未加★为四级词。
dye,,,,cet4,official_syllabus_2016,2,全国大学英语四、六级考试大纲（2016年修订版）词表；未加★为四级词。
dynamic,,,,cet4,official_syllabus_2016,2,全国大学英语四、六级考试大纲（2016年修订版）词表；未加★为四级词。
dynamics,,,,cet4,official_syllabus_2016,2,全国大学英语四、六级考试大纲（2016年修订版）词表；未加★为四级词。
dynasty,,,,cet4,official_syllabus_2016,2,全国大学英语四、六级考试大纲（2016年修订版）词表；未加★为四级词。
each,,,,cet4,official_syllabus_2016,2,全国大学英语四、六级考试大纲（2016年修订版）词表；未加★为四级词。
eager,,,,cet4,official_syllabus_2016,2,全国大学英语四、六级考试大纲（2016年修订版）词表；未加★为四级词。
eagle,,,,cet4,official_syllabus_2016,2,全国大学英语四、六级考试大纲（2016年修订版）词表；未加★为四级词。
ear,,,,cet4,official_syllabus_2016,2,全国大学英语四、六级考试大纲（2016年修订版）词表；未加★为四级词。
early,,,,cet4,official_syllabus_2016,2,全国大学英语四、六级考试大纲（2016年修订版）词表；未加★为四级词。
earn,,,,cet4,official_syllabus_2016,2,全国大学英语四、六级考试大纲（2016年修订版）词表；未加★为四级词。
earnings,,,,cet4,official_syllabus_2016,2,全国大学英语四、六级考试大纲（2016年修订版）词表；未加★为四级词。
earnest,,,,cet4,official_syllabus_2016,2,全国大学英语四、六级考试大纲（2016年修订版）词表；未加★为四级词。
earth,,,,cet4,official_syllabus_2016,2,全国大学英语四、六级考试大纲（2016年修订版）词表；未加★为四级词。
earthquake,,,,cet4,official_syllabus_2016,2,全国大学英语四、六级考试大纲（2016年修订版）词表；未加★为四级词。
ease,,,,cet4,official_syllabus_2016,2,全国大学英语四、六级考试大纲（2016年修订版）词表；未加★为四级词。
east,,,,cet4,official_syllabus_2016,2,全国大学英语四、六级考试大纲（2016年修订版）词表；未加★为四级词。
eastern,,,,cet4,official_syllabus_2016,2,全国大学英语四、六级考试大纲（2016年修订版）词表；未加★为四级词。
easy,,,,cet4,official_syllabus_2016,2,全国大学英语四、六级考试大纲（2016年修订版）词表；未加★为四级词。
easily,,,,cet4,official_syllabus_2016,2,全国大学英语四、六级考试大纲（2016年修订版）词表；未加★为四级词。
eat,,,,cet4,official_syllabus_2016,2,全国大学英语四、六级考试大纲（2016年修订版）词表；未加★为四级词。
echo,,,,cet4,official_syllabus_2016,2,全国大学英语四、六级考试大纲（2016年修订版）词表；未加★为四级词。
ecology,,,,cet4,official_syllabus_2016,2,全国大学英语四、六级考试大纲（2016年修订版）词表；未加★为四级词。
ecological,,,,cet4,official_syllabus_2016,2,全国大学英语四、六级考试大纲（2016年修订版）词表；未加★为四级词。
economics,,,,cet4,official_syllabus_2016,2,全国大学英语四、六级考试大纲（2016年修订版）词表；未加★为四级词。
economist,,,,cet4,official_syllabus_2016,2,全国大学英语四、六级考试大纲（2016年修订版）词表；未加★为四级词。
economy,,,,cet4,official_syllabus_2016,2,全国大学英语四、六级考试大纲（2016年修订版）词表；未加★为四级词。
economic,,,,cet4,official_syllabus_2016,2,全国大学英语四、六级考试大纲（2016年修订版）词表；未加★为四级词。
economical,,,,cet4,official_syllabus_2016,2,全国大学英语四、六级考试大纲（2016年修订版）词表；未加★为四级词。
edge,,,,cet4,official_syllabus_2016,2,全国大学英语四、六级考试大纲（2016年修订版）词表；未加★为四级词。
edit,,,,cet4,official_syllabus_2016,2,全国大学英语四、六级考试大纲（2016年修订版）词表；未加★为四级词。
editor,,,,cet4,official_syllabus_2016,2,全国大学英语四、六级考试大纲（2016年修订版）词表；未加★为四级词。
edition,,,,cet4,official_syllabus_2016,2,全国大学英语四、六级考试大纲（2016年修订版）词表；未加★为四级词。
editorial,,,,cet4,official_syllabus_2016,2,全国大学英语四、六级考试大纲（2016年修订版）词表；未加★为四级词。
educate,,,,cet4,official_syllabus_2016,2,全国大学英语四、六级考试大纲（2016年修订版）词表；未加★为四级词。
education,,,,cet4,official_syllabus_2016,2,全国大学英语四、六级考试大纲（2016年修订版）词表；未加★为四级词。
educational,,,,cet4,official_syllabus_2016,2,全国大学英语四、六级考试大纲（2016年修订版）词表；未加★为四级词。
educator,,,,cet4,official_syllabus_2016,2,全国大学英语四、六级考试大纲（2016年修订版）词表；未加★为四级词。
effect,,,,cet4,official_syllabus_2016,2,全国大学英语四、六级考试大纲（2016年修订版）词表；未加★为四级词。
effective,,,,cet4,official_syllabus_2016,2,全国大学英语四、六级考试大纲（2016年修订版）词表；未加★为四级词。
efficient,,,,cet4,official_syllabus_2016,2,全国大学英语四、六级考试大纲（2016年修订版）词表；未加★为四级词。
efficiency,,,,cet4,official_syllabus_2016,2,全国大学英语四、六级考试大纲（2016年修订版）词表；未加★为四级词。
effort,,,,cet4,official_syllabus_2016,2,全国大学英语四、六级考试大纲（2016年修订版）词表；未加★为四级词。
egg,,,,cet4,official_syllabus_2016,2,全国大学英语四、六级考试大纲（2016年修订版）词表；未加★为四级词。
eggplant,,,,cet4,official_syllabus_2016,2,全国大学英语四、六级考试大纲（2016年修订版）词表；未加★为四级词。
egoism,,,,cet4,official_syllabus_2016,2,全国大学英语四、六级考试大纲（2016年修订版）词表；未加★为四级词。
egoist,,,,cet4,official_syllabus_2016,2,全国大学英语四、六级考试大纲（2016年修订版）词表；未加★为四级词。
eight,,,,cet4,official_syllabus_2016,2,全国大学英语四、六级考试大纲（2016年修订版）词表；未加★为四级词。
eighteen,,,,cet4,official_syllabus_2016,2,全国大学英语四、六级考试大纲（2016年修订版）词表；未加★为四级词。
eighth,,,,cet4,official_syllabus_2016,2,全国大学英语四、六级考试大纲（2016年修订版）词表；未加★为四级词。
eighty,,,,cet4,official_syllabus_2016,2,全国大学英语四、六级考试大纲（2016年修订版）词表；未加★为四级词。
either,,,,cet4,official_syllabus_2016,2,全国大学英语四、六级考试大纲（2016年修订版）词表；未加★为四级词。
ejection,,,,cet4,official_syllabus_2016,2,全国大学英语四、六级考试大纲（2016年修订版）词表；未加★为四级词。
elaboration,,,,cet4,official_syllabus_2016,2,全国大学英语四、六级考试大纲（2016年修订版）词表；未加★为四级词。
elasticity,,,,cet4,official_syllabus_2016,2,全国大学英语四、六级考试大纲（2016年修订版）词表；未加★为四级词。
elbow,,,,cet4,official_syllabus_2016,2,全国大学英语四、六级考试大纲（2016年修订版）词表；未加★为四级词。
elder,,,,cet4,official_syllabus_2016,2,全国大学英语四、六级考试大纲（2016年修订版）词表；未加★为四级词。
elderly,,,,cet4,official_syllabus_2016,2,全国大学英语四、六级考试大纲（2016年修订版）词表；未加★为四级词。
elect,,,,cet4,official_syllabus_2016,2,全国大学英语四、六级考试大纲（2016年修订版）词表；未加★为四级词。
election,,,,cet4,official_syllabus_2016,2,全国大学英语四、六级考试大纲（2016年修订版）词表；未加★为四级词。
elective,,,,cet4,official_syllabus_2016,2,全国大学英语四、六级考试大纲（2016年修订版）词表；未加★为四级词。
electorate,,,,cet4,official_syllabus_2016,2,全国大学英语四、六级考试大纲（2016年修订版）词表；未加★为四级词。
electricity,,,,cet4,official_syllabus_2016,2,全国大学英语四、六级考试大纲（2016年修订版）词表；未加★为四级词。
electric(al),,,,cet4,official_syllabus_2016,2,全国大学英语四、六级考试大纲（2016年修订版）词表；未加★为四级词。
electrician,,,,cet4,official_syllabus_2016,2,全国大学英语四、六级考试大纲（2016年修订版）词表；未加★为四级词。
electron,,,,cet4,official_syllabus_2016,2,全国大学英语四、六级考试大纲（2016年修订版）词表；未加★为四级词。
electronic,,,,cet4,official_syllabus_2016,2,全国大学英语四、六级考试大纲（2016年修订版）词表；未加★为四级词。
electronically,,,,cet4,official_syllabus_2016,2,全国大学英语四、六级考试大纲（2016年修订版）词表；未加★为四级词。
electronics,,,,cet4,official_syllabus_2016,2,全国大学英语四、六级考试大纲（2016年修订版）词表；未加★为四级词。
elegant,,,,cet4,official_syllabus_2016,2,全国大学英语四、六级考试大纲（2016年修订版）词表；未加★为四级词。
elegance,,,,cet4,official_syllabus_2016,2,全国大学英语四、六级考试大纲（2016年修订版）词表；未加★为四级词。
element,,,,cet4,official_syllabus_2016,2,全国大学英语四、六级考试大纲（2016年修订版）词表；未加★为四级词。
elementary,,,,cet4,official_syllabus_2016,2,全国大学英语四、六级考试大纲（2016年修订版）词表；未加★为四级词。
elephant,,,,cet4,official_syllabus_2016,2,全国大学英语四、六级考试大纲（2016年修订版）词表；未加★为四级词。
elevate,,,,cet4,official_syllabus_2016,2,全国大学英语四、六级考试大纲（2016年修订版）词表；未加★为四级词。
elevation,,,,cet4,official_syllabus_2016,2,全国大学英语四、六级考试大纲（2016年修订版）词表；未加★为四级词。
elevator,,,,cet4,official_syllabus_2016,2,全国大学英语四、六级考试大纲（2016年修订版）词表；未加★为四级词。
eleven,,,,cet4,official_syllabus_2016,2,全国大学英语四、六级考试大纲（2016年修订版）词表；未加★为四级词。
eligibility,,,,cet4,official_syllabus_2016,2,全国大学英语四、六级考试大纲（2016年修订版）词表；未加★为四级词。
eliminate,,,,cet4,official_syllabus_2016,2,全国大学英语四、六级考试大纲（2016年修订版）词表；未加★为四级词。
elimination,,,,cet4,official_syllabus_2016,2,全国大学英语四、六级考试大纲（2016年修订版）词表；未加★为四级词。
elite,,,,cet4,official_syllabus_2016,2,全国大学英语四、六级考试大纲（2016年修订版）词表；未加★为四级词。
eloquence,,,,cet4,official_syllabus_2016,2,全国大学英语四、六级考试大纲（2016年修订版）词表；未加★为四级词。
else,,,,cet4,official_syllabus_2016,2,全国大学英语四、六级考试大纲（2016年修订版）词表；未加★为四级词。
elsewhere,,,,cet4,official_syllabus_2016,2,全国大学英语四、六级考试大纲（2016年修订版）词表；未加★为四级词。
email,,,,cet4,official_syllabus_2016,2,全国大学英语四、六级考试大纲（2016年修订版）词表；未加★为四级词。
emancipation,,,,cet4,official_syllabus_2016,2,全国大学英语四、六级考试大纲（2016年修订版）词表；未加★为四级词。
embarrass,,,,cet4,official_syllabus_2016,2,全国大学英语四、六级考试大纲（2016年修订版）词表；未加★为四级词。
embarrassment,,,,cet4,official_syllabus_2016,2,全国大学英语四、六级考试大纲（2016年修订版）词表；未加★为四级词。
embassy,,,,cet4,official_syllabus_2016,2,全国大学英语四、六级考试大纲（2016年修订版）词表；未加★为四级词。
embodiment,,,,cet4,official_syllabus_2016,2,全国大学英语四、六级考试大纲（2016年修订版）词表；未加★为四级词。
embrace,,,,cet4,official_syllabus_2016,2,全国大学英语四、六级考试大纲（2016年修订版）词表；未加★为四级词。
emerge,,,,cet4,official_syllabus_2016,2,全国大学英语四、六级考试大纲（2016年修订版）词表；未加★为四级词。
emergence,,,,cet4,official_syllabus_2016,2,全国大学英语四、六级考试大纲（2016年修订版）词表；未加★为四级词。
emergency,,,,cet4,official_syllabus_2016,2,全国大学英语四、六级考试大纲（2016年修订版）词表；未加★为四级词。
emigration,,,,cet4,official_syllabus_2016,2,全国大学英语四、六级考试大纲（2016年修订版）词表；未加★为四级词。
emigrant,,,,cet4,official_syllabus_2016,2,全国大学英语四、六级考试大纲（2016年修订版）词表；未加★为四级词。
eminence,,,,cet4,official_syllabus_2016,2,全国大学英语四、六级考试大纲（2016年修订版）词表；未加★为四级词。
emit,,,,cet4,official_syllabus_2016,2,全国大学英语四、六级考试大纲（2016年修订版）词表；未加★为四级词。
emission,,,,cet4,official_syllabus_2016,2,全国大学英语四、六级考试大纲（2016年修订版）词表；未加★为四级词。
emotion,,,,cet4,official_syllabus_2016,2,全国大学英语四、六级考试大纲（2016年修订版）词表；未加★为四级词。
emotional,,,,cet4,official_syllabus_2016,2,全国大学英语四、六级考试大纲（2016年修订版）词表；未加★为四级词。
emperor,,,,cet4,official_syllabus_2016,2,全国大学英语四、六级考试大纲（2016年修订版）词表；未加★为四级词。
empress,,,,cet4,official_syllabus_2016,2,全国大学英语四、六级考试大纲（2016年修订版）词表；未加★为四级词。
emphasis,,,,cet4,official_syllabus_2016,2,全国大学英语四、六级考试大纲（2016年修订版）词表；未加★为四级词。
emphatic,,,,cet4,official_syllabus_2016,2,全国大学英语四、六级考试大纲（2016年修订版）词表；未加★为四级词。
empire,,,,cet4,official_syllabus_2016,2,全国大学英语四、六级考试大纲（2016年修订版）词表；未加★为四级词。
employ,,,,cet4,official_syllabus_2016,2,全国大学英语四、六级考试大纲（2016年修订版）词表；未加★为四级词。
employment,,,,cet4,official_syllabus_2016,2,全国大学英语四、六级考试大纲（2016年修订版）词表；未加★为四级词。
employer,,,,cet4,official_syllabus_2016,2,全国大学英语四、六级考试大纲（2016年修订版）词表；未加★为四级词。
employee,,,,cet4,official_syllabus_2016,2,全国大学英语四、六级考试大纲（2016年修订版）词表；未加★为四级词。
empty,,,,cet4,official_syllabus_2016,2,全国大学英语四、六级考试大纲（2016年修订版）词表；未加★为四级词。
emptiness,,,,cet4,official_syllabus_2016,2,全国大学英语四、六级考试大纲（2016年修订版）词表；未加★为四级词。
emulation,,,,cet4,official_syllabus_2016,2,全国大学英语四、六级考试大纲（2016年修订版）词表；未加★为四级词。
enable,,,,cet4,official_syllabus_2016,2,全国大学英语四、六级考试大纲（2016年修订版）词表；未加★为四级词。
enactment,,,,cet4,official_syllabus_2016,2,全国大学英语四、六级考试大纲（2016年修订版）词表；未加★为四级词。
enclosure,,,,cet4,official_syllabus_2016,2,全国大学英语四、六级考试大纲（2016年修订版）词表；未加★为四级词。
encounter,,,,cet4,official_syllabus_2016,2,全国大学英语四、六级考试大纲（2016年修订版）词表；未加★为四级词。
encourage,,,,cet4,official_syllabus_2016,2,全国大学英语四、六级考试大纲（2016年修订版）词表；未加★为四级词。
encouragement,,,,cet4,official_syllabus_2016,2,全国大学英语四、六级考试大纲（2016年修订版）词表；未加★为四级词。
encouraging,,,,cet4,official_syllabus_2016,2,全国大学英语四、六级考试大纲（2016年修订版）词表；未加★为四级词。
end,,,,cet4,official_syllabus_2016,2,全国大学英语四、六级考试大纲（2016年修订版）词表；未加★为四级词。
ending,,,,cet4,official_syllabus_2016,2,全国大学英语四、六级考试大纲（2016年修订版）词表；未加★为四级词。
endless,,,,cet4,official_syllabus_2016,2,全国大学英语四、六级考试大纲（2016年修订版）词表；未加★为四级词。
endanger,,,,cet4,official_syllabus_2016,2,全国大学英语四、六级考试大纲（2016年修订版）词表；未加★为四级词。
endorsement,,,,cet4,official_syllabus_2016,2,全国大学英语四、六级考试大纲（2016年修订版）词表；未加★为四级词。
endowment,,,,cet4,official_syllabus_2016,2,全国大学英语四、六级考试大纲（2016年修订版）词表；未加★为四级词。
endure,,,,cet4,official_syllabus_2016,2,全国大学英语四、六级考试大纲（2016年修订版）词表；未加★为四级词。
endurance,,,,cet4,official_syllabus_2016,2,全国大学英语四、六级考试大纲（2016年修订版）词表；未加★为四级词。
enemy,,,,cet4,official_syllabus_2016,2,全国大学英语四、六级考试大纲（2016年修订版）词表；未加★为四级词。
energy,,,,cet4,official_syllabus_2016,2,全国大学英语四、六级考试大纲（2016年修订版）词表；未加★为四级词。
energetic,,,,cet4,official_syllabus_2016,2,全国大学英语四、六级考试大纲（2016年修订版）词表；未加★为四级词。
energetically,,,,cet4,official_syllabus_2016,2,全国大学英语四、六级考试大纲（2016年修订版）词表；未加★为四级词。
enforce,,,,cet4,official_syllabus_2016,2,全国大学英语四、六级考试大纲（2016年修订版）词表；未加★为四级词。
enforcement,,,,cet4,official_syllabus_2016,2,全国大学英语四、六级考试大纲（2016年修订版）词表；未加★为四级词。
engage,,,,cet4,official_syllabus_2016,2,全国大学英语四、六级考试大纲（2016年修订版）词表；未加★为四级词。
engagement,,,,cet4,official_syllabus_2016,2,全国大学英语四、六级考试大纲（2016年修订版）词表；未加★为四级词。
engine,,,,cet4,official_syllabus_2016,2,全国大学英语四、六级考试大纲（2016年修订版）词表；未加★为四级词。
engineer,,,,cet4,official_syllabus_2016,2,全国大学英语四、六级考试大纲（2016年修订版）词表；未加★为四级词。
engineering,,,,cet4,official_syllabus_2016,2,全国大学英语四、六级考试大纲（2016年修订版）词表；未加★为四级词。
enhance,,,,cet4,official_syllabus_2016,2,全国大学英语四、六级考试大纲（2016年修订版）词表；未加★为四级词。
enhancement,,,,cet4,official_syllabus_2016,2,全国大学英语四、六级考试大纲（2016年修订版）词表；未加★为四级词。
enjoy,,,,cet4,official_syllabus_2016,2,全国大学英语四、六级考试大纲（2016年修订版）词表；未加★为四级词。
enjoyable,,,,cet4,official_syllabus_2016,2,全国大学英语四、六级考试大纲（2016年修订版）词表；未加★为四级词。
enjoyment,,,,cet4,official_syllabus_2016,2,全国大学英语四、六级考试大纲（2016年修订版）词表；未加★为四级词。
enlarge,,,,cet4,official_syllabus_2016,2,全国大学英语四、六级考试大纲（2016年修订版）词表；未加★为四级词。
enlighten,,,,cet4,official_syllabus_2016,2,全国大学英语四、六级考试大纲（2016年修订版）词表；未加★为四级词。
enlightenment,,,,cet4,official_syllabus_2016,2,全国大学英语四、六级考试大纲（2016年修订版）词表；未加★为四级词。
enlightening,,,,cet4,official_syllabus_2016,2,全国大学英语四、六级考试大纲（2016年修订版）词表；未加★为四级词。
enormous,,,,cet4,official_syllabus_2016,2,全国大学英语四、六级考试大纲（2016年修订版）词表；未加★为四级词。
enough,,,,cet4,official_syllabus_2016,2,全国大学英语四、六级考试大纲（2016年修订版）词表；未加★为四级词。
enquire,,,,cet4,official_syllabus_2016,2,全国大学英语四、六级考试大纲（2016年修订版）词表；未加★为四级词。
enquiry,,,,cet4,official_syllabus_2016,2,全国大学英语四、六级考试大纲（2016年修订版）词表；未加★为四级词。
enrich,,,,cet4,official_syllabus_2016,2,全国大学英语四、六级考试大纲（2016年修订版）词表；未加★为四级词。
enrol(l),,,,cet4,official_syllabus_2016,2,全国大学英语四、六级考试大纲（2016年修订版）词表；未加★为四级词。
enrol(l)ment,,,,cet4,official_syllabus_2016,2,全国大学英语四、六级考试大纲（2016年修订版）词表；未加★为四级词。
ensure,,,,cet4,official_syllabus_2016,2,全国大学英语四、六级考试大纲（2016年修订版）词表；未加★为四级词。
enter,,,,cet4,official_syllabus_2016,2,全国大学英语四、六级考试大纲（2016年修订版）词表；未加★为四级词。
entrance,,,,cet4,official_syllabus_2016,2,全国大学英语四、六级考试大纲（2016年修订版）词表；未加★为四级词。
entry,,,,cet4,official_syllabus_2016,2,全国大学英语四、六级考试大纲（2016年修订版）词表；未加★为四级词。
enterprise,,,,cet4,official_syllabus_2016,2,全国大学英语四、六级考试大纲（2016年修订版）词表；未加★为四级词。
enterprising,,,,cet4,official_syllabus_2016,2,全国大学英语四、六级考试大纲（2016年修订版）词表；未加★为四级词。
entertain,,,,cet4,official_syllabus_2016,2,全国大学英语四、六级考试大纲（2016年修订版）词表；未加★为四级词。
entertainment,,,,cet4,official_syllabus_2016,2,全国大学英语四、六级考试大纲（2016年修订版）词表；未加★为四级词。
entertaining,,,,cet4,official_syllabus_2016,2,全国大学英语四、六级考试大纲（2016年修订版）词表；未加★为四级词。
enthusiasm,,,,cet4,official_syllabus_2016,2,全国大学英语四、六级考试大纲（2016年修订版）词表；未加★为四级词。
enthusiastic,,,,cet4,official_syllabus_2016,2,全国大学英语四、六级考试大纲（2016年修订版）词表；未加★为四级词。
enthusiastically,,,,cet4,official_syllabus_2016,2,全国大学英语四、六级考试大纲（2016年修订版）词表；未加★为四级词。
enthusiast,,,,cet4,official_syllabus_2016,2,全国大学英语四、六级考试大纲（2016年修订版）词表；未加★为四级词。
entire,,,,cet4,official_syllabus_2016,2,全国大学英语四、六级考试大纲（2016年修订版）词表；未加★为四级词。
entirety,,,,cet4,official_syllabus_2016,2,全国大学英语四、六级考试大纲（2016年修订版）词表；未加★为四级词。
entitle,,,,cet4,official_syllabus_2016,2,全国大学英语四、六级考试大纲（2016年修订版）词表；未加★为四级词。
entrepreneur,,,,cet4,official_syllabus_2016,2,全国大学英语四、六级考试大纲（2016年修订版）词表；未加★为四级词。
entrepreneurial,,,,cet4,official_syllabus_2016,2,全国大学英语四、六级考试大纲（2016年修订版）词表；未加★为四级词。
envelope,,,,cet4,official_syllabus_2016,2,全国大学英语四、六级考试大纲（2016年修订版）词表；未加★为四级词。
environment,,,,cet4,official_syllabus_2016,2,全国大学英语四、六级考试大纲（2016年修订版）词表；未加★为四级词。
environmental,,,,cet4,official_syllabus_2016,2,全国大学英语四、六级考试大纲（2016年修订版）词表；未加★为四级词。
environmentalist,,,,cet4,official_syllabus_2016,2,全国大学英语四、六级考试大纲（2016年修订版）词表；未加★为四级词。
envy,,,,cet4,official_syllabus_2016,2,全国大学英语四、六级考试大纲（2016年修订版）词表；未加★为四级词。
envious,,,,cet4,official_syllabus_2016,2,全国大学英语四、六级考试大纲（2016年修订版）词表；未加★为四级词。
episode,,,,cet4,official_syllabus_2016,2,全国大学英语四、六级考试大纲（2016年修订版）词表；未加★为四级词。
equal,,,,cet4,official_syllabus_2016,2,全国大学英语四、六级考试大纲（2016年修订版）词表；未加★为四级词。
equally,,,,cet4,official_syllabus_2016,2,全国大学英语四、六级考试大纲（2016年修订版）词表；未加★为四级词。
equality,,,,cet4,official_syllabus_2016,2,全国大学英语四、六级考试大纲（2016年修订版）词表；未加★为四级词。
equation,,,,cet4,official_syllabus_2016,2,全国大学英语四、六级考试大纲（2016年修订版）词表；未加★为四级词。
equip,,,,cet4,official_syllabus_2016,2,全国大学英语四、六级考试大纲（2016年修订版）词表；未加★为四级词。
equipment,,,,cet4,official_syllabus_2016,2,全国大学英语四、六级考试大纲（2016年修订版）词表；未加★为四级词。
equitable,,,,cet4,official_syllabus_2016,2,全国大学英语四、六级考试大纲（2016年修订版）词表；未加★为四级词。
equivalent,,,,cet4,official_syllabus_2016,2,全国大学英语四、六级考试大纲（2016年修订版）词表；未加★为四级词。
equivalence,,,,cet4,official_syllabus_2016,2,全国大学英语四、六级考试大纲（2016年修订版）词表；未加★为四级词。
era,,,,cet4,official_syllabus_2016,2,全国大学英语四、六级考试大纲（2016年修订版）词表；未加★为四级词。
eradication,,,,cet4,official_syllabus_2016,2,全国大学英语四、六级考试大纲（2016年修订版）词表；未加★为四级词。
erase,,,,cet4,official_syllabus_2016,2,全国大学英语四、六级考试大纲（2016年修订版）词表；未加★为四级词。
eraser,,,,cet4,official_syllabus_2016,2,全国大学英语四、六级考试大纲（2016年修订版）词表；未加★为四级词。
erection,,,,cet4,official_syllabus_2016,2,全国大学英语四、六级考试大纲（2016年修订版）词表；未加★为四级词。
erosion,,,,cet4,official_syllabus_2016,2,全国大学英语四、六级考试大纲（2016年修订版）词表；未加★为四级词。
erosive,,,,cet4,official_syllabus_2016,2,全国大学英语四、六级考试大纲（2016年修订版）词表；未加★为四级词。
err,,,,cet4,official_syllabus_2016,2,全国大学英语四、六级考试大纲（2016年修订版）词表；未加★为四级词。
error,,,,cet4,official_syllabus_2016,2,全国大学英语四、六级考试大纲（2016年修订版）词表；未加★为四级词。
erroneous,,,,cet4,official_syllabus_2016,2,全国大学英语四、六级考试大纲（2016年修订版）词表；未加★为四级词。
eruption,,,,cet4,official_syllabus_2016,2,全国大学英语四、六级考试大纲（2016年修订版）词表；未加★为四级词。
escalation,,,,cet4,official_syllabus_2016,2,全国大学英语四、六级考试大纲（2016年修订版）词表；未加★为四级词。
escalator,,,,cet4,official_syllabus_2016,2,全国大学英语四、六级考试大纲（2016年修订版）词表；未加★为四级词。
escape,,,,cet4,official_syllabus_2016,2,全国大学英语四、六级考试大纲（2016年修订版）词表；未加★为四级词。
especially,,,,cet4,official_syllabus_2016,2,全国大学英语四、六级考试大纲（2016年修订版）词表；未加★为四级词。
essay,,,,cet4,official_syllabus_2016,2,全国大学英语四、六级考试大纲（2016年修订版）词表；未加★为四级词。
essayist,,,,cet4,official_syllabus_2016,2,全国大学英语四、六级考试大纲（2016年修订版）词表；未加★为四级词。
essence,,,,cet4,official_syllabus_2016,2,全国大学英语四、六级考试大纲（2016年修订版）词表；未加★为四级词。
essential,,,,cet4,official_syllabus_2016,2,全国大学英语四、六级考试大纲（2016年修订版）词表；未加★为四级词。
establish,,,,cet4,official_syllabus_2016,2,全国大学英语四、六级考试大纲（2016年修订版）词表；未加★为四级词。
establishment,,,,cet4,official_syllabus_2016,2,全国大学英语四、六级考试大纲（2016年修订版）词表；未加★为四级词。
estate,,,,cet4,official_syllabus_2016,2,全国大学英语四、六级考试大纲（2016年修订版）词表；未加★为四级词。
estimate,,,,cet4,official_syllabus_2016,2,全国大学英语四、六级考试大纲（2016年修订版）词表；未加★为四级词。
estimation,,,,cet4,official_syllabus_2016,2,全国大学英语四、六级考试大纲（2016年修订版）词表；未加★为四级词。
eternal,,,,cet4,official_syllabus_2016,2,全国大学英语四、六级考试大纲（2016年修订版）词表；未加★为四级词。
eternity,,,,cet4,official_syllabus_2016,2,全国大学英语四、六级考试大纲（2016年修订版）词表；未加★为四级词。
ethic,,,,cet4,official_syllabus_2016,2,全国大学英语四、六级考试大纲（2016年修订版）词表；未加★为四级词。
ethics,,,,cet4,official_syllabus_2016,2,全国大学英语四、六级考试大纲（2016年修订版）词表；未加★为四级词。
ethnic,,,,cet4,official_syllabus_2016,2,全国大学英语四、六级考试大纲（2016年修订版）词表；未加★为四级词。
euro,,,,cet4,official_syllabus_2016,2,全国大学英语四、六级考试大纲（2016年修订版）词表；未加★为四级词。
evacuation,,,,cet4,official_syllabus_2016,2,全国大学英语四、六级考试大纲（2016年修订版）词表；未加★为四级词。
evasive,,,,cet4,official_syllabus_2016,2,全国大学英语四、六级考试大纲（2016年修订版）词表；未加★为四级词。
evasion,,,,cet4,official_syllabus_2016,2,全国大学英语四、六级考试大纲（2016年修订版）词表；未加★为四级词。
evaluate,,,,cet4,official_syllabus_2016,2,全国大学英语四、六级考试大纲（2016年修订版）词表；未加★为四级词。
evaluation,,,,cet4,official_syllabus_2016,2,全国大学英语四、六级考试大纲（2016年修订版）词表；未加★为四级词。
evaporation,,,,cet4,official_syllabus_2016,2,全国大学英语四、六级考试大纲（2016年修订版）词表；未加★为四级词。
eve,,,,cet4,official_syllabus_2016,2,全国大学英语四、六级考试大纲（2016年修订版）词表；未加★为四级词。
even,,,,cet4,official_syllabus_2016,2,全国大学英语四、六级考试大纲（2016年修订版）词表；未加★为四级词。
evenly,,,,cet4,official_syllabus_2016,2,全国大学英语四、六级考试大纲（2016年修订版）词表；未加★为四级词。
evening,,,,cet4,official_syllabus_2016,2,全国大学英语四、六级考试大纲（2016年修订版）词表；未加★为四级词。
event,,,,cet4,official_syllabus_2016,2,全国大学英语四、六级考试大纲（2016年修订版）词表；未加★为四级词。
eventful,,,,cet4,official_syllabus_2016,2,全国大学英语四、六级考试大纲（2016年修订版）词表；未加★为四级词。
eventually,,,,cet4,official_syllabus_2016,2,全国大学英语四、六级考试大纲（2016年修订版）词表；未加★为四级词。
eventual,,,,cet4,official_syllabus_2016,2,全国大学英语四、六级考试大纲（2016年修订版）词表；未加★为四级词。
eventuality,,,,cet4,official_syllabus_2016,2,全国大学英语四、六级考试大纲（2016年修订版）词表；未加★为四级词。
ever,,,,cet4,official_syllabus_2016,2,全国大学英语四、六级考试大纲（2016年修订版）词表；未加★为四级词。
every,,,,cet4,official_syllabus_2016,2,全国大学英语四、六级考试大纲（2016年修订版）词表；未加★为四级词。
everybody,,,,cet4,official_syllabus_2016,2,全国大学英语四、六级考试大纲（2016年修订版）词表；未加★为四级词。
everyday,,,,cet4,official_syllabus_2016,2,全国大学英语四、六级考试大纲（2016年修订版）词表；未加★为四级词。
everyone,,,,cet4,official_syllabus_2016,2,全国大学英语四、六级考试大纲（2016年修订版）词表；未加★为四级词。
everything,,,,cet4,official_syllabus_2016,2,全国大学英语四、六级考试大纲（2016年修订版）词表；未加★为四级词。
everywhere,,,,cet4,official_syllabus_2016,2,全国大学英语四、六级考试大纲（2016年修订版）词表；未加★为四级词。
evident,,,,cet4,official_syllabus_2016,2,全国大学英语四、六级考试大纲（2016年修订版）词表；未加★为四级词。
evidence,,,,cet4,official_syllabus_2016,2,全国大学英语四、六级考试大纲（2016年修订版）词表；未加★为四级词。
evil,,,,cet4,official_syllabus_2016,2,全国大学英语四、六级考试大纲（2016年修订版）词表；未加★为四级词。
evolve,,,,cet4,official_syllabus_2016,2,全国大学英语四、六级考试大纲（2016年修订版）词表；未加★为四级词。
evolution,,,,cet4,official_syllabus_2016,2,全国大学英语四、六级考试大纲（2016年修订版）词表；未加★为四级词。
evolutionary,,,,cet4,official_syllabus_2016,2,全国大学英语四、六级考试大纲（2016年修订版）词表；未加★为四级词。
exact,,,,cet4,official_syllabus_2016,2,全国大学英语四、六级考试大纲（2016年修订版）词表；未加★为四级词。
exaggerate,,,,cet4,official_syllabus_2016,2,全国大学英语四、六级考试大纲（2016年修订版）词表；未加★为四级词。
exaggeration,,,,cet4,official_syllabus_2016,2,全国大学英语四、六级考试大纲（2016年修订版）词表；未加★为四级词。
examine,,,,cet4,official_syllabus_2016,2,全国大学英语四、六级考试大纲（2016年修订版）词表；未加★为四级词。
exam(ination),,,,cet4,official_syllabus_2016,2,全国大学英语四、六级考试大纲（2016年修订版）词表；未加★为四级词。
examiner,,,,cet4,official_syllabus_2016,2,全国大学英语四、六级考试大纲（2016年修订版）词表；未加★为四级词。
examinee,,,,cet4,official_syllabus_2016,2,全国大学英语四、六级考试大纲（2016年修订版）词表；未加★为四级词。
example,,,,cet4,official_syllabus_2016,2,全国大学英语四、六级考试大纲（2016年修订版）词表；未加★为四级词。
exemplary,,,,cet4,official_syllabus_2016,2,全国大学英语四、六级考试大纲（2016年修订版）词表；未加★为四级词。
exemplify,,,,cet4,official_syllabus_2016,2,全国大学英语四、六级考试大纲（2016年修订版）词表；未加★为四级词。
exceed,,,,cet4,official_syllabus_2016,2,全国大学英语四、六级考试大纲（2016年修订版）词表；未加★为四级词。
exceedingly,,,,cet4,official_syllabus_2016,2,全国大学英语四、六级考试大纲（2016年修订版）词表；未加★为四级词。
excel,,,,cet4,official_syllabus_2016,2,全国大学英语四、六级考试大纲（2016年修订版）词表；未加★为四级词。
excellent,,,,cet4,official_syllabus_2016,2,全国大学英语四、六级考试大纲（2016年修订版）词表；未加★为四级词。
excellence,,,,cet4,official_syllabus_2016,2,全国大学英语四、六级考试大纲（2016年修订版）词表；未加★为四级词。
except,,,,cet4,official_syllabus_2016,2,全国大学英语四、六级考试大纲（2016年修订版）词表；未加★为四级词。
exception,,,,cet4,official_syllabus_2016,2,全国大学英语四、六级考试大纲（2016年修订版）词表；未加★为四级词。
exceptional,,,,cet4,official_syllabus_2016,2,全国大学英语四、六级考试大纲（2016年修订版）词表；未加★为四级词。
excess,,,,cet4,official_syllabus_2016,2,全国大学英语四、六级考试大纲（2016年修订版）词表；未加★为四级词。
excessive,,,,cet4,official_syllabus_2016,2,全国大学英语四、六级考试大纲（2016年修订版）词表；未加★为四级词。
exchange,,,,cet4,official_syllabus_2016,2,全国大学英语四、六级考试大纲（2016年修订版）词表；未加★为四级词。
excite,,,,cet4,official_syllabus_2016,2,全国大学英语四、六级考试大纲（2016年修订版）词表；未加★为四级词。
exciting,,,,cet4,official_syllabus_2016,2,全国大学英语四、六级考试大纲（2016年修订版）词表；未加★为四级词。
excitement,,,,cet4,official_syllabus_2016,2,全国大学英语四、六级考试大纲（2016年修订版）词表；未加★为四级词。
exclaim,,,,cet4,official_syllabus_2016,2,全国大学英语四、六级考试大纲（2016年修订版）词表；未加★为四级词。
exclamation,,,,cet4,official_syllabus_2016,2,全国大学英语四、六级考试大纲（2016年修订版）词表；未加★为四级词。
exclamatory,,,,cet4,official_syllabus_2016,2,全国大学英语四、六级考试大纲（2016年修订版）词表；未加★为四级词。
exclude,,,,cet4,official_syllabus_2016,2,全国大学英语四、六级考试大纲（2016年修订版）词表；未加★为四级词。
exclusion,,,,cet4,official_syllabus_2016,2,全国大学英语四、六级考试大纲（2016年修订版）词表；未加★为四级词。
exclusive,,,,cet4,official_syllabus_2016,2,全国大学英语四、六级考试大纲（2016年修订版）词表；未加★为四级词。
excursion,,,,cet4,official_syllabus_2016,2,全国大学英语四、六级考试大纲（2016年修订版）词表；未加★为四级词。
excuse,,,,cet4,official_syllabus_2016,2,全国大学英语四、六级考试大纲（2016年修订版）词表；未加★为四级词。
execute,,,,cet4,official_syllabus_2016,2,全国大学英语四、六级考试大纲（2016年修订版）词表；未加★为四级词。
execution,,,,cet4,official_syllabus_2016,2,全国大学英语四、六级考试大纲（2016年修订版）词表；未加★为四级词。
executive,,,,cet4,official_syllabus_2016,2,全国大学英语四、六级考试大纲（2016年修订版）词表；未加★为四级词。
exemption,,,,cet4,official_syllabus_2016,2,全国大学英语四、六级考试大纲（2016年修订版）词表；未加★为四级词。
exercise,,,,cet4,official_syllabus_2016,2,全国大学英语四、六级考试大纲（2016年修订版）词表；未加★为四级词。
exert,,,,cet4,official_syllabus_2016,2,全国大学英语四、六级考试大纲（2016年修订版）词表；未加★为四级词。
exertion,,,,cet4,official_syllabus_2016,2,全国大学英语四、六级考试大纲（2016年修订版）词表；未加★为四级词。
exhaust,,,,cet4,official_syllabus_2016,2,全国大学英语四、六级考试大纲（2016年修订版）词表；未加★为四级词。
exhaustion,,,,cet4,official_syllabus_2016,2,全国大学英语四、六级考试大纲（2016年修订版）词表；未加★为四级词。
exhaustive,,,,cet4,official_syllabus_2016,2,全国大学英语四、六级考试大纲（2016年修订版）词表；未加★为四级词。
exhibit,,,,cet4,official_syllabus_2016,2,全国大学英语四、六级考试大纲（2016年修订版）词表；未加★为四级词。
exhibition,,,,cet4,official_syllabus_2016,2,全国大学英语四、六级考试大纲（2016年修订版）词表；未加★为四级词。
exile,,,,cet4,official_syllabus_2016,2,全国大学英语四、六级考试大纲（2016年修订版）词表；未加★为四级词。
exist,,,,cet4,official_syllabus_2016,2,全国大学英语四、六级考试大纲（2016年修订版）词表；未加★为四级词。
existence,,,,cet4,official_syllabus_2016,2,全国大学英语四、六级考试大纲（2016年修订版）词表；未加★为四级词。
existent,,,,cet4,official_syllabus_2016,2,全国大学英语四、六级考试大纲（2016年修订版）词表；未加★为四级词。
existing,,,,cet4,official_syllabus_2016,2,全国大学英语四、六级考试大纲（2016年修订版）词表；未加★为四级词。
exit,,,,cet4,official_syllabus_2016,2,全国大学英语四、六级考试大纲（2016年修订版）词表；未加★为四级词。
expand,,,,cet4,official_syllabus_2016,2,全国大学英语四、六级考试大纲（2016年修订版）词表；未加★为四级词。
expansion,,,,cet4,official_syllabus_2016,2,全国大学英语四、六级考试大纲（2016年修订版）词表；未加★为四级词。
expansive,,,,cet4,official_syllabus_2016,2,全国大学英语四、六级考试大纲（2016年修订版）词表；未加★为四级词。
expect,,,,cet4,official_syllabus_2016,2,全国大学英语四、六级考试大纲（2016年修订版）词表；未加★为四级词。
expectation,,,,cet4,official_syllabus_2016,2,全国大学英语四、六级考试大纲（2016年修订版）词表；未加★为四级词。
expectancy,,,,cet4,official_syllabus_2016,2,全国大学英语四、六级考试大纲（2016年修订版）词表；未加★为四级词。
expel,,,,cet4,official_syllabus_2016,2,全国大学英语四、六级考试大纲（2016年修订版）词表；未加★为四级词。
expend,,,,cet4,official_syllabus_2016,2,全国大学英语四、六级考试大纲（2016年修订版）词表；未加★为四级词。
expenditure,,,,cet4,official_syllabus_2016,2,全国大学英语四、六级考试大纲（2016年修订版）词表；未加★为四级词。
expense,,,,cet4,official_syllabus_2016,2,全国大学英语四、六级考试大纲（2016年修订版）词表；未加★为四级词。
expensive,,,,cet4,official_syllabus_2016,2,全国大学英语四、六级考试大纲（2016年修订版）词表；未加★为四级词。
experience,,,,cet4,official_syllabus_2016,2,全国大学英语四、六级考试大纲（2016年修订版）词表；未加★为四级词。
experienced,,,,cet4,official_syllabus_2016,2,全国大学英语四、六级考试大纲（2016年修订版）词表；未加★为四级词。
experiment,,,,cet4,official_syllabus_2016,2,全国大学英语四、六级考试大纲（2016年修订版）词表；未加★为四级词。
experimental,,,,cet4,official_syllabus_2016,2,全国大学英语四、六级考试大纲（2016年修订版）词表；未加★为四级词。
expert,,,,cet4,official_syllabus_2016,2,全国大学英语四、六级考试大纲（2016年修订版）词表；未加★为四级词。
expertise,,,,cet4,official_syllabus_2016,2,全国大学英语四、六级考试大纲（2016年修订版）词表；未加★为四级词。
expiration,,,,cet4,official_syllabus_2016,2,全国大学英语四、六级考试大纲（2016年修订版）词表；未加★为四级词。
explain,,,,cet4,official_syllabus_2016,2,全国大学英语四、六级考试大纲（2016年修订版）词表；未加★为四级词。
explanation,,,,cet4,official_syllabus_2016,2,全国大学英语四、六级考试大纲（2016年修订版）词表；未加★为四级词。
explanatory,,,,cet4,official_syllabus_2016,2,全国大学英语四、六级考试大纲（2016年修订版）词表；未加★为四级词。
explicit,,,,cet4,official_syllabus_2016,2,全国大学英语四、六级考试大纲（2016年修订版）词表；未加★为四级词。
explode,,,,cet4,official_syllabus_2016,2,全国大学英语四、六级考试大纲（2016年修订版）词表；未加★为四级词。
explosion,,,,cet4,official_syllabus_2016,2,全国大学英语四、六级考试大纲（2016年修订版）词表；未加★为四级词。
explosive,,,,cet4,official_syllabus_2016,2,全国大学英语四、六级考试大纲（2016年修订版）词表；未加★为四级词。
exploit,,,,cet4,official_syllabus_2016,2,全国大学英语四、六级考试大纲（2016年修订版）词表；未加★为四级词。
exploitation,,,,cet4,official_syllabus_2016,2,全国大学英语四、六级考试大纲（2016年修订版）词表；未加★为四级词。
explore,,,,cet4,official_syllabus_2016,2,全国大学英语四、六级考试大纲（2016年修订版）词表；未加★为四级词。
exploration,,,,cet4,official_syllabus_2016,2,全国大学英语四、六级考试大纲（2016年修订版）词表；未加★为四级词。
export,,,,cet4,official_syllabus_2016,2,全国大学英语四、六级考试大纲（2016年修订版）词表；未加★为四级词。
exportation,,,,cet4,official_syllabus_2016,2,全国大学英语四、六级考试大纲（2016年修订版）词表；未加★为四级词。
expose,,,,cet4,official_syllabus_2016,2,全国大学英语四、六级考试大纲（2016年修订版）词表；未加★为四级词。
exposure,,,,cet4,official_syllabus_2016,2,全国大学英语四、六级考试大纲（2016年修订版）词表；未加★为四级词。
express,,,,cet4,official_syllabus_2016,2,全国大学英语四、六级考试大纲（2016年修订版）词表；未加★为四级词。
expression,,,,cet4,official_syllabus_2016,2,全国大学英语四、六级考试大纲（2016年修订版）词表；未加★为四级词。
expressive,,,,cet4,official_syllabus_2016,2,全国大学英语四、六级考试大纲（2016年修订版）词表；未加★为四级词。
expressway,,,,cet4,official_syllabus_2016,2,全国大学英语四、六级考试大纲（2016年修订版）词表；未加★为四级词。
extend,,,,cet4,official_syllabus_2016,2,全国大学英语四、六级考试大纲（2016年修订版）词表；未加★为四级词。
extension,,,,cet4,official_syllabus_2016,2,全国大学英语四、六级考试大纲（2016年修订版）词表；未加★为四级词。
extensive,,,,cet4,official_syllabus_2016,2,全国大学英语四、六级考试大纲（2016年修订版）词表；未加★为四级词。
extended,,,,cet4,official_syllabus_2016,2,全国大学英语四、六级考试大纲（2016年修订版）词表；未加★为四级词。
extent,,,,cet4,official_syllabus_2016,2,全国大学英语四、六级考试大纲（2016年修订版）词表；未加★为四级词。
exterior,,,,cet4,official_syllabus_2016,2,全国大学英语四、六级考试大纲（2016年修订版）词表；未加★为四级词。
external,,,,cet4,official_syllabus_2016,2,全国大学英语四、六级考试大纲（2016年修订版）词表；未加★为四级词。
extinction,,,,cet4,official_syllabus_2016,2,全国大学英语四、六级考试大纲（2016年修订版）词表；未加★为四级词。
extinguish,,,,cet4,official_syllabus_2016,2,全国大学英语四、六级考试大纲（2016年修订版）词表；未加★为四级词。
extra,,,,cet4,official_syllabus_2016,2,全国大学英语四、六级考试大纲（2016年修订版）词表；未加★为四级词。
extraction,,,,cet4,official_syllabus_2016,2,全国大学英语四、六级考试大纲（2016年修订版）词表；未加★为四级词。
extraordinary,,,,cet4,official_syllabus_2016,2,全国大学英语四、六级考试大纲（2016年修订版）词表；未加★为四级词。
extravagance,,,,cet4,official_syllabus_2016,2,全国大学英语四、六级考试大纲（2016年修订版）词表；未加★为四级词。
extreme,,,,cet4,official_syllabus_2016,2,全国大学英语四、六级考试大纲（2016年修订版）词表；未加★为四级词。
extremity,,,,cet4,official_syllabus_2016,2,全国大学英语四、六级考试大纲（2016年修订版）词表；未加★为四级词。
eye,,,,cet4,official_syllabus_2016,2,全国大学英语四、六级考试大纲（2016年修订版）词表；未加★为四级词。
eyebrow,,,,cet4,official_syllabus_2016,2,全国大学英语四、六级考试大纲（2016年修订版）词表；未加★为四级词。
eyesight,,,,cet4,official_syllabus_2016,2,全国大学英语四、六级考试大纲（2016年修订版）词表；未加★为四级词。
fable,,,,cet4,official_syllabus_2016,2,全国大学英语四、六级考试大纲（2016年修订版）词表；未加★为四级词。
fabric,,,,cet4,official_syllabus_2016,2,全国大学英语四、六级考试大纲（2016年修订版）词表；未加★为四级词。
fabrication,,,,cet4,official_syllabus_2016,2,全国大学英语四、六级考试大纲（2016年修订版）词表；未加★为四级词。
face,,,,cet4,official_syllabus_2016,2,全国大学英语四、六级考试大纲（2016年修订版）词表；未加★为四级词。
facial,,,,cet4,official_syllabus_2016,2,全国大学英语四、六级考试大纲（2016年修订版）词表；未加★为四级词。
facility,,,,cet4,official_syllabus_2016,2,全国大学英语四、六级考试大纲（2016年修订版）词表；未加★为四级词。
facilitate,,,,cet4,official_syllabus_2016,2,全国大学英语四、六级考试大纲（2016年修订版）词表；未加★为四级词。
facilitation,,,,cet4,official_syllabus_2016,2,全国大学英语四、六级考试大纲（2016年修订版）词表；未加★为四级词。
fact,,,,cet4,official_syllabus_2016,2,全国大学英语四、六级考试大纲（2016年修订版）词表；未加★为四级词。
factual,,,,cet4,official_syllabus_2016,2,全国大学英语四、六级考试大纲（2016年修订版）词表；未加★为四级词。
factor,,,,cet4,official_syllabus_2016,2,全国大学英语四、六级考试大纲（2016年修订版）词表；未加★为四级词。
factory,,,,cet4,official_syllabus_2016,2,全国大学英语四、六级考试大纲（2016年修订版）词表；未加★为四级词。
faculty,,,,cet4,official_syllabus_2016,2,全国大学英语四、六级考试大纲（2016年修订版）词表；未加★为四级词。
fade,,,,cet4,official_syllabus_2016,2,全国大学英语四、六级考试大纲（2016年修订版）词表；未加★为四级词。
fail,,,,cet4,official_syllabus_2016,2,全国大学英语四、六级考试大纲（2016年修订版）词表；未加★为四级词。
failure,,,,cet4,official_syllabus_2016,2,全国大学英语四、六级考试大纲（2016年修订版）词表；未加★为四级词。
faint,,,,cet4,official_syllabus_2016,2,全国大学英语四、六级考试大纲（2016年修订版）词表；未加★为四级词。
fair,,,,cet4,official_syllabus_2016,2,全国大学英语四、六级考试大纲（2016年修订版）词表；未加★为四级词。
fairly,,,,cet4,official_syllabus_2016,2,全国大学英语四、六级考试大纲（2016年修订版）词表；未加★为四级词。
fairy,,,,cet4,official_syllabus_2016,2,全国大学英语四、六级考试大纲（2016年修订版）词表；未加★为四级词。
faith,,,,cet4,official_syllabus_2016,2,全国大学英语四、六级考试大纲（2016年修订版）词表；未加★为四级词。
faithful,,,,cet4,official_syllabus_2016,2,全国大学英语四、六级考试大纲（2016年修订版）词表；未加★为四级词。
fake,,,,cet4,official_syllabus_2016,2,全国大学英语四、六级考试大纲（2016年修订版）词表；未加★为四级词。
fall,,,,cet4,official_syllabus_2016,2,全国大学英语四、六级考试大纲（2016年修订版）词表；未加★为四级词。
false,,,,cet4,official_syllabus_2016,2,全国大学英语四、六级考试大纲（2016年修订版）词表；未加★为四级词。
falsehood,,,,cet4,official_syllabus_2016,2,全国大学英语四、六级考试大纲（2016年修订版）词表；未加★为四级词。
fame,,,,cet4,official_syllabus_2016,2,全国大学英语四、六级考试大纲（2016年修订版）词表；未加★为四级词。
famous,,,,cet4,official_syllabus_2016,2,全国大学英语四、六级考试大纲（2016年修订版）词表；未加★为四级词。
familiar,,,,cet4,official_syllabus_2016,2,全国大学英语四、六级考试大纲（2016年修订版）词表；未加★为四级词。
familiarity,,,,cet4,official_syllabus_2016,2,全国大学英语四、六级考试大纲（2016年修订版）词表；未加★为四级词。
family,,,,cet4,official_syllabus_2016,2,全国大学英语四、六级考试大纲（2016年修订版）词表；未加★为四级词。
famine,,,,cet4,official_syllabus_2016,2,全国大学英语四、六级考试大纲（2016年修订版）词表；未加★为四级词。
fan,,,,cet4,official_syllabus_2016,2,全国大学英语四、六级考试大纲（2016年修订版）词表；未加★为四级词。
fancy,,,,cet4,official_syllabus_2016,2,全国大学英语四、六级考试大纲（2016年修订版）词表；未加★为四级词。
fantasy,,,,cet4,official_syllabus_2016,2,全国大学英语四、六级考试大纲（2016年修订版）词表；未加★为四级词。
fantastic,,,,cet4,official_syllabus_2016,2,全国大学英语四、六级考试大纲（2016年修订版）词表；未加★为四级词。
far,,,,cet4,official_syllabus_2016,2,全国大学英语四、六级考试大纲（2016年修订版）词表；未加★为四级词。
fare,,,,cet4,official_syllabus_2016,2,全国大学英语四、六级考试大纲（2016年修订版）词表；未加★为四级词。
farewell,,,,cet4,official_syllabus_2016,2,全国大学英语四、六级考试大纲（2016年修订版）词表；未加★为四级词。
farm,,,,cet4,official_syllabus_2016,2,全国大学英语四、六级考试大纲（2016年修订版）词表；未加★为四级词。
farmer,,,,cet4,official_syllabus_2016,2,全国大学英语四、六级考试大纲（2016年修订版）词表；未加★为四级词。
farming,,,,cet4,official_syllabus_2016,2,全国大学英语四、六级考试大纲（2016年修订版）词表；未加★为四级词。
farther,,,,cet4,official_syllabus_2016,2,全国大学英语四、六级考试大纲（2016年修订版）词表；未加★为四级词。
fascinate,,,,cet4,official_syllabus_2016,2,全国大学英语四、六级考试大纲（2016年修订版）词表；未加★为四级词。
fascinating,,,,cet4,official_syllabus_2016,2,全国大学英语四、六级考试大纲（2016年修订版）词表；未加★为四级词。
fascination,,,,cet4,official_syllabus_2016,2,全国大学英语四、六级考试大纲（2016年修订版）词表；未加★为四级词。
fascism,,,,cet4,official_syllabus_2016,2,全国大学英语四、六级考试大纲（2016年修订版）词表；未加★为四级词。
fashion,,,,cet4,official_syllabus_2016,2,全国大学英语四、六级考试大纲（2016年修订版）词表；未加★为四级词。
fashionable,,,,cet4,official_syllabus_2016,2,全国大学英语四、六级考试大纲（2016年修订版）词表；未加★为四级词。
fast,,,,cet4,official_syllabus_2016,2,全国大学英语四、六级考试大纲（2016年修订版）词表；未加★为四级词。
fasten,,,,cet4,official_syllabus_2016,2,全国大学英语四、六级考试大纲（2016年修订版）词表；未加★为四级词。
fat,,,,cet4,official_syllabus_2016,2,全国大学英语四、六级考试大纲（2016年修订版）词表；未加★为四级词。
fatal,,,,cet4,official_syllabus_2016,2,全国大学英语四、六级考试大纲（2016年修订版）词表；未加★为四级词。
fatality,,,,cet4,official_syllabus_2016,2,全国大学英语四、六级考试大纲（2016年修订版）词表；未加★为四级词。
fate,,,,cet4,official_syllabus_2016,2,全国大学英语四、六级考试大纲（2016年修订版）词表；未加★为四级词。
father,,,,cet4,official_syllabus_2016,2,全国大学英语四、六级考试大纲（2016年修订版）词表；未加★为四级词。
fatherly,,,,cet4,official_syllabus_2016,2,全国大学英语四、六级考试大纲（2016年修订版）词表；未加★为四级词。
fatigue,,,,cet4,official_syllabus_2016,2,全国大学英语四、六级考试大纲（2016年修订版）词表；未加★为四级词。
fault,,,,cet4,official_syllabus_2016,2,全国大学英语四、六级考试大纲（2016年修订版）词表；未加★为四级词。
faulty,,,,cet4,official_syllabus_2016,2,全国大学英语四、六级考试大纲（2016年修订版）词表；未加★为四级词。
favo(u)r,,,,cet4,official_syllabus_2016,2,全国大学英语四、六级考试大纲（2016年修订版）词表；未加★为四级词。
favo(u)rable,,,,cet4,official_syllabus_2016,2,全国大学英语四、六级考试大纲（2016年修订版）词表；未加★为四级词。
favo(u)rite,,,,cet4,official_syllabus_2016,2,全国大学英语四、六级考试大纲（2016年修订版）词表；未加★为四级词。
fax,,,,cet4,official_syllabus_2016,2,全国大学英语四、六级考试大纲（2016年修订版）词表；未加★为四级词。
fear,,,,cet4,official_syllabus_2016,2,全国大学英语四、六级考试大纲（2016年修订版）词表；未加★为四级词。
fearful,,,,cet4,official_syllabus_2016,2,全国大学英语四、六级考试大纲（2016年修订版）词表；未加★为四级词。
feasible,,,,cet4,official_syllabus_2016,2,全国大学英语四、六级考试大纲（2016年修订版）词表；未加★为四级词。
feasibility,,,,cet4,official_syllabus_2016,2,全国大学英语四、六级考试大纲（2016年修订版）词表；未加★为四级词。
feather,,,,cet4,official_syllabus_2016,2,全国大学英语四、六级考试大纲（2016年修订版）词表；未加★为四级词。
feature,,,,cet4,official_syllabus_2016,2,全国大学英语四、六级考试大纲（2016年修订版）词表；未加★为四级词。
February,,,,cet4,official_syllabus_2016,2,全国大学英语四、六级考试大纲（2016年修订版）词表；未加★为四级词。
federal,,,,cet4,official_syllabus_2016,2,全国大学英语四、六级考试大纲（2016年修订版）词表；未加★为四级词。
federation,,,,cet4,official_syllabus_2016,2,全国大学英语四、六级考试大纲（2016年修订版）词表；未加★为四级词。
fee,,,,cet4,official_syllabus_2016,2,全国大学英语四、六级考试大纲（2016年修订版）词表；未加★为四级词。
feed,,,,cet4,official_syllabus_2016,2,全国大学英语四、六级考试大纲（2016年修订版）词表；未加★为四级词。
feedback,,,,cet4,official_syllabus_2016,2,全国大学英语四、六级考试大纲（2016年修订版）词表；未加★为四级词。
feel,,,,cet4,official_syllabus_2016,2,全国大学英语四、六级考试大纲（2016年修订版）词表；未加★为四级词。
feeling,,,,cet4,official_syllabus_2016,2,全国大学英语四、六级考试大纲（2016年修订版）词表；未加★为四级词。
fellow,,,,cet4,official_syllabus_2016,2,全国大学英语四、六级考试大纲（2016年修订版）词表；未加★为四级词。
fellowship,,,,cet4,official_syllabus_2016,2,全国大学英语四、六级考试大纲（2016年修订版）词表；未加★为四级词。
female,,,,cet4,official_syllabus_2016,2,全国大学英语四、六级考试大纲（2016年修订版）词表；未加★为四级词。
feminism,,,,cet4,official_syllabus_2016,2,全国大学英语四、六级考试大纲（2016年修订版）词表；未加★为四级词。
feminist,,,,cet4,official_syllabus_2016,2,全国大学英语四、六级考试大纲（2016年修订版）词表；未加★为四级词。
fence,,,,cet4,official_syllabus_2016,2,全国大学英语四、六级考试大纲（2016年修订版）词表；未加★为四级词。
ferry,,,,cet4,official_syllabus_2016,2,全国大学英语四、六级考试大纲（2016年修订版）词表；未加★为四级词。
fertile,,,,cet4,official_syllabus_2016,2,全国大学英语四、六级考试大纲（2016年修订版）词表；未加★为四级词。
fertility,,,,cet4,official_syllabus_2016,2,全国大学英语四、六级考试大纲（2016年修订版）词表；未加★为四级词。
festival,,,,cet4,official_syllabus_2016,2,全国大学英语四、六级考试大纲（2016年修订版）词表；未加★为四级词。
fetch,,,,cet4,official_syllabus_2016,2,全国大学英语四、六级考试大纲（2016年修订版）词表；未加★为四级词。
fever,,,,cet4,official_syllabus_2016,2,全国大学英语四、六级考试大纲（2016年修订版）词表；未加★为四级词。
feverish,,,,cet4,official_syllabus_2016,2,全国大学英语四、六级考试大纲（2016年修订版）词表；未加★为四级词。
few,,,,cet4,official_syllabus_2016,2,全国大学英语四、六级考试大纲（2016年修订版）词表；未加★为四级词。
fiction,,,,cet4,official_syllabus_2016,2,全国大学英语四、六级考试大纲（2016年修订版）词表；未加★为四级词。
fictional,,,,cet4,official_syllabus_2016,2,全国大学英语四、六级考试大纲（2016年修订版）词表；未加★为四级词。
field,,,,cet4,official_syllabus_2016,2,全国大学英语四、六级考试大纲（2016年修订版）词表；未加★为四级词。
fierce,,,,cet4,official_syllabus_2016,2,全国大学英语四、六级考试大纲（2016年修订版）词表；未加★为四级词。
fifteen,,,,cet4,official_syllabus_2016,2,全国大学英语四、六级考试大纲（2016年修订版）词表；未加★为四级词。
fifth,,,,cet4,official_syllabus_2016,2,全国大学英语四、六级考试大纲（2016年修订版）词表；未加★为四级词。
fifty,,,,cet4,official_syllabus_2016,2,全国大学英语四、六级考试大纲（2016年修订版）词表；未加★为四级词。
fight,,,,cet4,official_syllabus_2016,2,全国大学英语四、六级考试大纲（2016年修订版）词表；未加★为四级词。
figure,,,,cet4,official_syllabus_2016,2,全国大学英语四、六级考试大纲（2016年修订版）词表；未加★为四级词。
figurative,,,,cet4,official_syllabus_2016,2,全国大学英语四、六级考试大纲（2016年修订版）词表；未加★为四级词。
file,,,,cet4,official_syllabus_2016,2,全国大学英语四、六级考试大纲（2016年修订版）词表；未加★为四级词。
fill,,,,cet4,official_syllabus_2016,2,全国大学英语四、六级考试大纲（2016年修订版）词表；未加★为四级词。
filling,,,,cet4,official_syllabus_2016,2,全国大学英语四、六级考试大纲（2016年修订版）词表；未加★为四级词。
film,,,,cet4,official_syllabus_2016,2,全国大学英语四、六级考试大纲（2016年修订版）词表；未加★为四级词。
filter,,,,cet4,official_syllabus_2016,2,全国大学英语四、六级考试大纲（2016年修订版）词表；未加★为四级词。
final,,,,cet4,official_syllabus_2016,2,全国大学英语四、六级考试大纲（2016年修订版）词表；未加★为四级词。
finally,,,,cet4,official_syllabus_2016,2,全国大学英语四、六级考试大纲（2016年修订版）词表；未加★为四级词。
finance,,,,cet4,official_syllabus_2016,2,全国大学英语四、六级考试大纲（2016年修订版）词表；未加★为四级词。
financial,,,,cet4,official_syllabus_2016,2,全国大学英语四、六级考试大纲（2016年修订版）词表；未加★为四级词。
find,,,,cet4,official_syllabus_2016,2,全国大学英语四、六级考试大纲（2016年修订版）词表；未加★为四级词。
finding,,,,cet4,official_syllabus_2016,2,全国大学英语四、六级考试大纲（2016年修订版）词表；未加★为四级词。
fine,,,,cet4,official_syllabus_2016,2,全国大学英语四、六级考试大纲（2016年修订版）词表；未加★为四级词。
finger,,,,cet4,official_syllabus_2016,2,全国大学英语四、六级考试大纲（2016年修订版）词表；未加★为四级词。
fingerprint,,,,cet4,official_syllabus_2016,2,全国大学英语四、六级考试大纲（2016年修订版）词表；未加★为四级词。
finish,,,,cet4,official_syllabus_2016,2,全国大学英语四、六级考试大纲（2016年修订版）词表；未加★为四级词。
fire,,,,cet4,official_syllabus_2016,2,全国大学英语四、六级考试大纲（2016年修订版）词表；未加★为四级词。
fireman,,,,cet4,official_syllabus_2016,2,全国大学英语四、六级考试大纲（2016年修订版）词表；未加★为四级词。
fireplace,,,,cet4,official_syllabus_2016,2,全国大学英语四、六级考试大纲（2016年修订版）词表；未加★为四级词。
fireworks,,,,cet4,official_syllabus_2016,2,全国大学英语四、六级考试大纲（2016年修订版）词表；未加★为四级词。
firm,,,,cet4,official_syllabus_2016,2,全国大学英语四、六级考试大纲（2016年修订版）词表；未加★为四级词。
first,,,,cet4,official_syllabus_2016,2,全国大学英语四、六级考试大纲（2016年修订版）词表；未加★为四级词。
firstly,,,,cet4,official_syllabus_2016,2,全国大学英语四、六级考试大纲（2016年修订版）词表；未加★为四级词。
fish,,,,cet4,official_syllabus_2016,2,全国大学英语四、六级考试大纲（2016年修订版）词表；未加★为四级词。
fishing,,,,cet4,official_syllabus_2016,2,全国大学英语四、六级考试大纲（2016年修订版）词表；未加★为四级词。
fisherman,,,,cet4,official_syllabus_2016,2,全国大学英语四、六级考试大纲（2016年修订版）词表；未加★为四级词。
fist,,,,cet4,official_syllabus_2016,2,全国大学英语四、六级考试大纲（2016年修订版）词表；未加★为四级词。
fit,,,,cet4,official_syllabus_2016,2,全国大学英语四、六级考试大纲（2016年修订版）词表；未加★为四级词。
five,,,,cet4,official_syllabus_2016,2,全国大学英语四、六级考试大纲（2016年修订版）词表；未加★为四级词。
fix,,,,cet4,official_syllabus_2016,2,全国大学英语四、六级考试大纲（2016年修订版）词表；未加★为四级词。
fixed,,,,cet4,official_syllabus_2016,2,全国大学英语四、六级考试大纲（2016年修订版）词表；未加★为四级词。
fixture,,,,cet4,official_syllabus_2016,2,全国大学英语四、六级考试大纲（2016年修订版）词表；未加★为四级词。
fixation,,,,cet4,official_syllabus_2016,2,全国大学英语四、六级考试大纲（2016年修订版）词表；未加★为四级词。
flag,,,,cet4,official_syllabus_2016,2,全国大学英语四、六级考试大纲（2016年修订版）词表；未加★为四级词。
flame,,,,cet4,official_syllabus_2016,2,全国大学英语四、六级考试大纲（2016年修订版）词表；未加★为四级词。
flash,,,,cet4,official_syllabus_2016,2,全国大学英语四、六级考试大纲（2016年修订版）词表；未加★为四级词。
flat,,,,cet4,official_syllabus_2016,2,全国大学英语四、六级考试大纲（2016年修订版）词表；未加★为四级词。
flattery,,,,cet4,official_syllabus_2016,2,全国大学英语四、六级考试大纲（2016年修订版）词表；未加★为四级词。
flavo(u)r,,,,cet4,official_syllabus_2016,2,全国大学英语四、六级考试大纲（2016年修订版）词表；未加★为四级词。
flaw,,,,cet4,official_syllabus_2016,2,全国大学英语四、六级考试大纲（2016年修订版）词表；未加★为四级词。
flawless,,,,cet4,official_syllabus_2016,2,全国大学英语四、六级考试大纲（2016年修订版）词表；未加★为四级词。
flee,,,,cet4,official_syllabus_2016,2,全国大学英语四、六级考试大纲（2016年修订版）词表；未加★为四级词。
fleet,,,,cet4,official_syllabus_2016,2,全国大学英语四、六级考试大纲（2016年修订版）词表；未加★为四级词。
flesh,,,,cet4,official_syllabus_2016,2,全国大学英语四、六级考试大纲（2016年修订版）词表；未加★为四级词。
flexible,,,,cet4,official_syllabus_2016,2,全国大学英语四、六级考试大纲（2016年修订版）词表；未加★为四级词。
flexibility,,,,cet4,official_syllabus_2016,2,全国大学英语四、六级考试大纲（2016年修订版）词表；未加★为四级词。
flirtation,,,,cet4,official_syllabus_2016,2,全国大学英语四、六级考试大纲（2016年修订版）词表；未加★为四级词。
float,,,,cet4,official_syllabus_2016,2,全国大学英语四、六级考试大纲（2016年修订版）词表；未加★为四级词。
flock,,,,cet4,official_syllabus_2016,2,全国大学英语四、六级考试大纲（2016年修订版）词表；未加★为四级词。
flood,,,,cet4,official_syllabus_2016,2,全国大学英语四、六级考试大纲（2016年修订版）词表；未加★为四级词。
floor,,,,cet4,official_syllabus_2016,2,全国大学英语四、六级考试大纲（2016年修订版）词表；未加★为四级词。
flour,,,,cet4,official_syllabus_2016,2,全国大学英语四、六级考试大纲（2016年修订版）词表；未加★为四级词。
flourish,,,,cet4,official_syllabus_2016,2,全国大学英语四、六级考试大纲（2016年修订版）词表；未加★为四级词。
flow,,,,cet4,official_syllabus_2016,2,全国大学英语四、六级考试大纲（2016年修订版）词表；未加★为四级词。
flower,,,,cet4,official_syllabus_2016,2,全国大学英语四、六级考试大纲（2016年修订版）词表；未加★为四级词。
fluctuate,,,,cet4,official_syllabus_2016,2,全国大学英语四、六级考试大纲（2016年修订版）词表；未加★为四级词。
fluctuation,,,,cet4,official_syllabus_2016,2,全国大学英语四、六级考试大纲（2016年修订版）词表；未加★为四级词。
fluent,,,,cet4,official_syllabus_2016,2,全国大学英语四、六级考试大纲（2016年修订版）词表；未加★为四级词。
fluency,,,,cet4,official_syllabus_2016,2,全国大学英语四、六级考试大纲（2016年修订版）词表；未加★为四级词。
fluid,,,,cet4,official_syllabus_2016,2,全国大学英语四、六级考试大纲（2016年修订版）词表；未加★为四级词。
fly,,,,cet4,official_syllabus_2016,2,全国大学英语四、六级考试大纲（2016年修订版）词表；未加★为四级词。
flight,,,,cet4,official_syllabus_2016,2,全国大学英语四、六级考试大纲（2016年修订版）词表；未加★为四级词。
focus,,,,cet4,official_syllabus_2016,2,全国大学英语四、六级考试大纲（2016年修订版）词表；未加★为四级词。
fog,,,,cet4,official_syllabus_2016,2,全国大学英语四、六级考试大纲（2016年修订版）词表；未加★为四级词。
foggy,,,,cet4,official_syllabus_2016,2,全国大学英语四、六级考试大纲（2016年修订版）词表；未加★为四级词。
fold,,,,cet4,official_syllabus_2016,2,全国大学英语四、六级考试大纲（2016年修订版）词表；未加★为四级词。
folk,,,,cet4,official_syllabus_2016,2,全国大学英语四、六级考试大纲（2016年修订版）词表；未加★为四级词。
follow,,,,cet4,official_syllabus_2016,2,全国大学英语四、六级考试大纲（2016年修订版）词表；未加★为四级词。
following,,,,cet4,official_syllabus_2016,2,全国大学英语四、六级考试大纲（2016年修订版）词表；未加★为四级词。
fond,,,,cet4,official_syllabus_2016,2,全国大学英语四、六级考试大纲（2016年修订版）词表；未加★为四级词。
food,,,,cet4,official_syllabus_2016,2,全国大学英语四、六级考试大纲（2016年修订版）词表；未加★为四级词。
fool,,,,cet4,official_syllabus_2016,2,全国大学英语四、六级考试大纲（2016年修订版）词表；未加★为四级词。
foolish,,,,cet4,official_syllabus_2016,2,全国大学英语四、六级考试大纲（2016年修订版）词表；未加★为四级词。
foot,,,,cet4,official_syllabus_2016,2,全国大学英语四、六级考试大纲（2016年修订版）词表；未加★为四级词。
football,,,,cet4,official_syllabus_2016,2,全国大学英语四、六级考试大纲（2016年修订版）词表；未加★为四级词。
footprint,,,,cet4,official_syllabus_2016,2,全国大学英语四、六级考试大纲（2016年修订版）词表；未加★为四级词。
for,,,,cet4,official_syllabus_2016,2,全国大学英语四、六级考试大纲（2016年修订版）词表；未加★为四级词。
forbid,,,,cet4,official_syllabus_2016,2,全国大学英语四、六级考试大纲（2016年修订版）词表；未加★为四级词。
force,,,,cet4,official_syllabus_2016,2,全国大学英语四、六级考试大纲（2016年修订版）词表；未加★为四级词。
forceful,,,,cet4,official_syllabus_2016,2,全国大学英语四、六级考试大纲（2016年修订版）词表；未加★为四级词。
forecast,,,,cet4,official_syllabus_2016,2,全国大学英语四、六级考试大纲（2016年修订版）词表；未加★为四级词。
forehead,,,,cet4,official_syllabus_2016,2,全国大学英语四、六级考试大纲（2016年修订版）词表；未加★为四级词。
foreign,,,,cet4,official_syllabus_2016,2,全国大学英语四、六级考试大纲（2016年修订版）词表；未加★为四级词。
foreigner,,,,cet4,official_syllabus_2016,2,全国大学英语四、六级考试大纲（2016年修订版）词表；未加★为四级词。
foremost,,,,cet4,official_syllabus_2016,2,全国大学英语四、六级考试大纲（2016年修订版）词表；未加★为四级词。
foresee,,,,cet4,official_syllabus_2016,2,全国大学英语四、六级考试大纲（2016年修订版）词表；未加★为四级词。
foreseeable,,,,cet4,official_syllabus_2016,2,全国大学英语四、六级考试大纲（2016年修订版）词表；未加★为四级词。
foresight,,,,cet4,official_syllabus_2016,2,全国大学英语四、六级考试大纲（2016年修订版）词表；未加★为四级词。
forest,,,,cet4,official_syllabus_2016,2,全国大学英语四、六级考试大纲（2016年修订版）词表；未加★为四级词。
forestry,,,,cet4,official_syllabus_2016,2,全国大学英语四、六级考试大纲（2016年修订版）词表；未加★为四级词。
forever,,,,cet4,official_syllabus_2016,2,全国大学英语四、六级考试大纲（2016年修订版）词表；未加★为四级词。
forge,,,,cet4,official_syllabus_2016,2,全国大学英语四、六级考试大纲（2016年修订版）词表；未加★为四级词。
forgery,,,,cet4,official_syllabus_2016,2,全国大学英语四、六级考试大纲（2016年修订版）词表；未加★为四级词。
forget,,,,cet4,official_syllabus_2016,2,全国大学英语四、六级考试大纲（2016年修订版）词表；未加★为四级词。
forgetful,,,,cet4,official_syllabus_2016,2,全国大学英语四、六级考试大纲（2016年修订版）词表；未加★为四级词。
forgettable,,,,cet4,official_syllabus_2016,2,全国大学英语四、六级考试大纲（2016年修订版）词表；未加★为四级词。
forgive,,,,cet4,official_syllabus_2016,2,全国大学英语四、六级考试大纲（2016年修订版）词表；未加★为四级词。
forgiving,,,,cet4,official_syllabus_2016,2,全国大学英语四、六级考试大纲（2016年修订版）词表；未加★为四级词。
fork,,,,cet4,official_syllabus_2016,2,全国大学英语四、六级考试大纲（2016年修订版）词表；未加★为四级词。
form,,,,cet4,official_syllabus_2016,2,全国大学英语四、六级考试大纲（2016年修订版）词表；未加★为四级词。
formation,,,,cet4,official_syllabus_2016,2,全国大学英语四、六级考试大纲（2016年修订版）词表；未加★为四级词。
formal,,,,cet4,official_syllabus_2016,2,全国大学英语四、六级考试大纲（2016年修订版）词表；未加★为四级词。
formality,,,,cet4,official_syllabus_2016,2,全国大学英语四、六级考试大纲（2016年修订版）词表；未加★为四级词。
format,,,,cet4,official_syllabus_2016,2,全国大学英语四、六级考试大纲（2016年修订版）词表；未加★为四级词。
former,,,,cet4,official_syllabus_2016,2,全国大学英语四、六级考试大纲（2016年修订版）词表；未加★为四级词。
formula,,,,cet4,official_syllabus_2016,2,全国大学英语四、六级考试大纲（2016年修订版）词表；未加★为四级词。
formulate,,,,cet4,official_syllabus_2016,2,全国大学英语四、六级考试大纲（2016年修订版）词表；未加★为四级词。
formulation,,,,cet4,official_syllabus_2016,2,全国大学英语四、六级考试大纲（2016年修订版）词表；未加★为四级词。
forth,,,,cet4,official_syllabus_2016,2,全国大学英语四、六级考试大纲（2016年修订版）词表；未加★为四级词。
forthcoming,,,,cet4,official_syllabus_2016,2,全国大学英语四、六级考试大纲（2016年修订版）词表；未加★为四级词。
fortification,,,,cet4,official_syllabus_2016,2,全国大学英语四、六级考试大纲（2016年修订版）词表；未加★为四级词。
fortune,,,,cet4,official_syllabus_2016,2,全国大学英语四、六级考试大纲（2016年修订版）词表；未加★为四级词。
fortunate,,,,cet4,official_syllabus_2016,2,全国大学英语四、六级考试大纲（2016年修订版）词表；未加★为四级词。
forty,,,,cet4,official_syllabus_2016,2,全国大学英语四、六级考试大纲（2016年修订版）词表；未加★为四级词。
forum,,,,cet4,official_syllabus_2016,2,全国大学英语四、六级考试大纲（2016年修订版）词表；未加★为四级词。
forward,,,,cet4,official_syllabus_2016,2,全国大学英语四、六级考试大纲（2016年修订版）词表；未加★为四级词。
fossil,,,,cet4,official_syllabus_2016,2,全国大学英语四、六级考试大纲（2016年修订版）词表；未加★为四级词。
found,,,,cet4,official_syllabus_2016,2,全国大学英语四、六级考试大纲（2016年修订版）词表；未加★为四级词。
founding,,,,cet4,official_syllabus_2016,2,全国大学英语四、六级考试大纲（2016年修订版）词表；未加★为四级词。
founder,,,,cet4,official_syllabus_2016,2,全国大学英语四、六级考试大纲（2016年修订版）词表；未加★为四级词。
foundation,,,,cet4,official_syllabus_2016,2,全国大学英语四、六级考试大纲（2016年修订版）词表；未加★为四级词。
fountain,,,,cet4,official_syllabus_2016,2,全国大学英语四、六级考试大纲（2016年修订版）词表；未加★为四级词。
four,,,,cet4,official_syllabus_2016,2,全国大学英语四、六级考试大纲（2016年修订版）词表；未加★为四级词。
fourteen,,,,cet4,official_syllabus_2016,2,全国大学英语四、六级考试大纲（2016年修订版）词表；未加★为四级词。
fox,,,,cet4,official_syllabus_2016,2,全国大学英语四、六级考试大纲（2016年修订版）词表；未加★为四级词。
fraction,,,,cet4,official_syllabus_2016,2,全国大学英语四、六级考试大纲（2016年修订版）词表；未加★为四级词。
fragility,,,,cet4,official_syllabus_2016,2,全国大学英语四、六级考试大纲（2016年修订版）词表；未加★为四级词。
fragment,,,,cet4,official_syllabus_2016,2,全国大学英语四、六级考试大纲（2016年修订版）词表；未加★为四级词。
fragmentation,,,,cet4,official_syllabus_2016,2,全国大学英语四、六级考试大纲（2016年修订版）词表；未加★为四级词。
fragmentary,,,,cet4,official_syllabus_2016,2,全国大学英语四、六级考试大纲（2016年修订版）词表；未加★为四级词。
fragrance,,,,cet4,official_syllabus_2016,2,全国大学英语四、六级考试大纲（2016年修订版）词表；未加★为四级词。
frame,,,,cet4,official_syllabus_2016,2,全国大学英语四、六级考试大纲（2016年修订版）词表；未加★为四级词。
framework,,,,cet4,official_syllabus_2016,2,全国大学英语四、六级考试大纲（2016年修订版）词表；未加★为四级词。
frank,,,,cet4,official_syllabus_2016,2,全国大学英语四、六级考试大纲（2016年修订版）词表；未加★为四级词。
frantically,,,,cet4,official_syllabus_2016,2,全国大学英语四、六级考试大纲（2016年修订版）词表；未加★为四级词。
fraudulent,,,,cet4,official_syllabus_2016,2,全国大学英语四、六级考试大纲（2016年修订版）词表；未加★为四级词。
free,,,,cet4,official_syllabus_2016,2,全国大学英语四、六级考试大纲（2016年修订版）词表；未加★为四级词。
freedom,,,,cet4,official_syllabus_2016,2,全国大学英语四、六级考试大纲（2016年修订版）词表；未加★为四级词。
freeway,,,,cet4,official_syllabus_2016,2,全国大学英语四、六级考试大纲（2016年修订版）词表；未加★为四级词。
freeze,,,,cet4,official_syllabus_2016,2,全国大学英语四、六级考试大纲（2016年修订版）词表；未加★为四级词。
freight,,,,cet4,official_syllabus_2016,2,全国大学英语四、六级考试大纲（2016年修订版）词表；未加★为四级词。
frequent,,,,cet4,official_syllabus_2016,2,全国大学英语四、六级考试大纲（2016年修订版）词表；未加★为四级词。
frequency,,,,cet4,official_syllabus_2016,2,全国大学英语四、六级考试大纲（2016年修订版）词表；未加★为四级词。
fresh,,,,cet4,official_syllabus_2016,2,全国大学英语四、六级考试大纲（2016年修订版）词表；未加★为四级词。
freshman,,,,cet4,official_syllabus_2016,2,全国大学英语四、六级考试大纲（2016年修订版）词表；未加★为四级词。
Friday,,,,cet4,official_syllabus_2016,2,全国大学英语四、六级考试大纲（2016年修订版）词表；未加★为四级词。
friend,,,,cet4,official_syllabus_2016,2,全国大学英语四、六级考试大纲（2016年修订版）词表；未加★为四级词。
friendly,,,,cet4,official_syllabus_2016,2,全国大学英语四、六级考试大纲（2016年修订版）词表；未加★为四级词。
friendship,,,,cet4,official_syllabus_2016,2,全国大学英语四、六级考试大纲（2016年修订版）词表；未加★为四级词。
fright,,,,cet4,official_syllabus_2016,2,全国大学英语四、六级考试大纲（2016年修订版）词表；未加★为四级词。
frighten,,,,cet4,official_syllabus_2016,2,全国大学英语四、六级考试大纲（2016年修订版）词表；未加★为四级词。
frog,,,,cet4,official_syllabus_2016,2,全国大学英语四、六级考试大纲（2016年修订版）词表；未加★为四级词。
from,,,,cet4,official_syllabus_2016,2,全国大学英语四、六级考试大纲（2016年修订版）词表；未加★为四级词。
front,,,,cet4,official_syllabus_2016,2,全国大学英语四、六级考试大纲（2016年修订版）词表；未加★为四级词。
frontier,,,,cet4,official_syllabus_2016,2,全国大学英语四、六级考试大纲（2016年修订版）词表；未加★为四级词。
frost,,,,cet4,official_syllabus_2016,2,全国大学英语四、六级考试大纲（2016年修订版）词表；未加★为四级词。
frosty,,,,cet4,official_syllabus_2016,2,全国大学英语四、六级考试大纲（2016年修订版）词表；未加★为四级词。
fruit,,,,cet4,official_syllabus_2016,2,全国大学英语四、六级考试大纲（2016年修订版）词表；未加★为四级词。
fruitful,,,,cet4,official_syllabus_2016,2,全国大学英语四、六级考试大纲（2016年修订版）词表；未加★为四级词。
frustrate,,,,cet4,official_syllabus_2016,2,全国大学英语四、六级考试大纲（2016年修订版）词表；未加★为四级词。
frustration,,,,cet4,official_syllabus_2016,2,全国大学英语四、六级考试大纲（2016年修订版）词表；未加★为四级词。
frustrating,,,,cet4,official_syllabus_2016,2,全国大学英语四、六级考试大纲（2016年修订版）词表；未加★为四级词。
fry,,,,cet4,official_syllabus_2016,2,全国大学英语四、六级考试大纲（2016年修订版）词表；未加★为四级词。
fuck,,,,cet4,official_syllabus_2016,2,全国大学英语四、六级考试大纲（2016年修订版）词表；未加★为四级词。
fuel,,,,cet4,official_syllabus_2016,2,全国大学英语四、六级考试大纲（2016年修订版）词表；未加★为四级词。
fulfil(,,,,cet4,official_syllabus_2016,2,全国大学英语四、六级考试大纲（2016年修订版）词表；未加★为四级词。
l),,,,cet4,official_syllabus_2016,2,全国大学英语四、六级考试大纲（2016年修订版）词表；未加★为四级词。
fulfil(l)ment,,,,cet4,official_syllabus_2016,2,全国大学英语四、六级考试大纲（2016年修订版）词表；未加★为四级词。
full,,,,cet4,official_syllabus_2016,2,全国大学英语四、六级考试大纲（2016年修订版）词表；未加★为四级词。
fun,,,,cet4,official_syllabus_2016,2,全国大学英语四、六级考试大纲（2016年修订版）词表；未加★为四级词。
funny,,,,cet4,official_syllabus_2016,2,全国大学英语四、六级考试大纲（2016年修订版）词表；未加★为四级词。
function,,,,cet4,official_syllabus_2016,2,全国大学英语四、六级考试大纲（2016年修订版）词表；未加★为四级词。
functional,,,,cet4,official_syllabus_2016,2,全国大学英语四、六级考试大纲（2016年修订版）词表；未加★为四级词。
fund,,,,cet4,official_syllabus_2016,2,全国大学英语四、六级考试大纲（2016年修订版）词表；未加★为四级词。
funding,,,,cet4,official_syllabus_2016,2,全国大学英语四、六级考试大纲（2016年修订版）词表；未加★为四级词。
fundamental,,,,cet4,official_syllabus_2016,2,全国大学英语四、六级考试大纲（2016年修订版）词表；未加★为四级词。
funeral,,,,cet4,official_syllabus_2016,2,全国大学英语四、六级考试大纲（2016年修订版）词表；未加★为四级词。
fur,,,,cet4,official_syllabus_2016,2,全国大学英语四、六级考试大纲（2016年修订版）词表；未加★为四级词。
furnace,,,,cet4,official_syllabus_2016,2,全国大学英语四、六级考试大纲（2016年修订版）词表；未加★为四级词。
furnish,,,,cet4,official_syllabus_2016,2,全国大学英语四、六级考试大纲（2016年修订版）词表；未加★为四级词。
furniture,,,,cet4,official_syllabus_2016,2,全国大学英语四、六级考试大纲（2016年修订版）词表；未加★为四级词。
further,,,,cet4,official_syllabus_2016,2,全国大学英语四、六级考试大纲（2016年修订版）词表；未加★为四级词。
furthermore,,,,cet4,official_syllabus_2016,2,全国大学英语四、六级考试大纲（2016年修订版）词表；未加★为四级词。
furious,,,,cet4,official_syllabus_2016,2,全国大学英语四、六级考试大纲（2016年修订版）词表；未加★为四级词。
fuss,,,,cet4,official_syllabus_2016,2,全国大学英语四、六级考试大纲（2016年修订版）词表；未加★为四级词。
futility,,,,cet4,official_syllabus_2016,2,全国大学英语四、六级考试大纲（2016年修订版）词表；未加★为四级词。
future,,,,cet4,official_syllabus_2016,2,全国大学英语四、六级考试大纲（2016年修订版）词表；未加★为四级词。
gadget,,,,cet4,official_syllabus_2016,2,全国大学英语四、六级考试大纲（2016年修订版）词表；未加★为四级词。
gadgetry,,,,cet4,official_syllabus_2016,2,全国大学英语四、六级考试大纲（2016年修订版）词表；未加★为四级词。
gain,,,,cet4,official_syllabus_2016,2,全国大学英语四、六级考试大纲（2016年修订版）词表；未加★为四级词。
gallery,,,,cet4,official_syllabus_2016,2,全国大学英语四、六级考试大纲（2016年修订版）词表；未加★为四级词。
gallon,,,,cet4,official_syllabus_2016,2,全国大学英语四、六级考试大纲（2016年修订版）词表；未加★为四级词。
gamble,,,,cet4,official_syllabus_2016,2,全国大学英语四、六级考试大纲（2016年修订版）词表；未加★为四级词。
game,,,,cet4,official_syllabus_2016,2,全国大学英语四、六级考试大纲（2016年修订版）词表；未加★为四级词。
gang,,,,cet4,official_syllabus_2016,2,全国大学英语四、六级考试大纲（2016年修订版）词表；未加★为四级词。
gangster,,,,cet4,official_syllabus_2016,2,全国大学英语四、六级考试大纲（2016年修订版）词表；未加★为四级词。
gaol,,,,cet4,official_syllabus_2016,2,全国大学英语四、六级考试大纲（2016年修订版）词表；未加★为四级词。
gap,,,,cet4,official_syllabus_2016,2,全国大学英语四、六级考试大纲（2016年修订版）词表；未加★为四级词。
garage,,,,cet4,official_syllabus_2016,2,全国大学英语四、六级考试大纲（2016年修订版）词表；未加★为四级词。
garbage,,,,cet4,official_syllabus_2016,2,全国大学英语四、六级考试大纲（2016年修订版）词表；未加★为四级词。
garden,,,,cet4,official_syllabus_2016,2,全国大学英语四、六级考试大纲（2016年修订版）词表；未加★为四级词。
gardener,,,,cet4,official_syllabus_2016,2,全国大学英语四、六级考试大纲（2016年修订版）词表；未加★为四级词。
gardening,,,,cet4,official_syllabus_2016,2,全国大学英语四、六级考试大纲（2016年修订版）词表；未加★为四级词。
garment,,,,cet4,official_syllabus_2016,2,全国大学英语四、六级考试大纲（2016年修订版）词表；未加★为四级词。
gas,,,,cet4,official_syllabus_2016,2,全国大学英语四、六级考试大纲（2016年修订版）词表；未加★为四级词。
gasoline/petrol,,,,cet4,official_syllabus_2016,2,全国大学英语四、六级考试大纲（2016年修订版）词表；未加★为四级词。
gate,,,,cet4,official_syllabus_2016,2,全国大学英语四、六级考试大纲（2016年修订版）词表；未加★为四级词。
gather,,,,cet4,official_syllabus_2016,2,全国大学英语四、六级考试大纲（2016年修订版）词表；未加★为四级词。
gathering,,,,cet4,official_syllabus_2016,2,全国大学英语四、六级考试大纲（2016年修订版）词表；未加★为四级词。
gay,,,,cet4,official_syllabus_2016,2,全国大学英语四、六级考试大纲（2016年修订版）词表；未加★为四级词。
gaze,,,,cet4,official_syllabus_2016,2,全国大学英语四、六级考试大纲（2016年修订版）词表；未加★为四级词。
gear,,,,cet4,official_syllabus_2016,2,全国大学英语四、六级考试大纲（2016年修订版）词表；未加★为四级词。
gender,,,,cet4,official_syllabus_2016,2,全国大学英语四、六级考试大纲（2016年修订版）词表；未加★为四级词。
gene,,,,cet4,official_syllabus_2016,2,全国大学英语四、六级考试大纲（2016年修订版）词表；未加★为四级词。
genetic,,,,cet4,official_syllabus_2016,2,全国大学英语四、六级考试大纲（2016年修订版）词表；未加★为四级词。
genetically,,,,cet4,official_syllabus_2016,2,全国大学英语四、六级考试大纲（2016年修订版）词表；未加★为四级词。
general,,,,cet4,official_syllabus_2016,2,全国大学英语四、六级考试大纲（2016年修订版）词表；未加★为四级词。
generally,,,,cet4,official_syllabus_2016,2,全国大学英语四、六级考试大纲（2016年修订版）词表；未加★为四级词。
generate,,,,cet4,official_syllabus_2016,2,全国大学英语四、六级考试大纲（2016年修订版）词表；未加★为四级词。
generator,,,,cet4,official_syllabus_2016,2,全国大学英语四、六级考试大纲（2016年修订版）词表；未加★为四级词。
generation,,,,cet4,official_syllabus_2016,2,全国大学英语四、六级考试大纲（2016年修订版）词表；未加★为四级词。
generous,,,,cet4,official_syllabus_2016,2,全国大学英语四、六级考试大纲（2016年修订版）词表；未加★为四级词。
generosity,,,,cet4,official_syllabus_2016,2,全国大学英语四、六级考试大纲（2016年修订版）词表；未加★为四级词。
genius,,,,cet4,official_syllabus_2016,2,全国大学英语四、六级考试大纲（2016年修订版）词表；未加★为四级词。
gentle,,,,cet4,official_syllabus_2016,2,全国大学英语四、六级考试大纲（2016年修订版）词表；未加★为四级词。
gentleman,,,,cet4,official_syllabus_2016,2,全国大学英语四、六级考试大纲（2016年修订版）词表；未加★为四级词。
genuine,,,,cet4,official_syllabus_2016,2,全国大学英语四、六级考试大纲（2016年修订版）词表；未加★为四级词。
geography,,,,cet4,official_syllabus_2016,2,全国大学英语四、六级考试大纲（2016年修订版）词表；未加★为四级词。
geographic,,,,cet4,official_syllabus_2016,2,全国大学英语四、六级考试大纲（2016年修订版）词表；未加★为四级词。
geographically,,,,cet4,official_syllabus_2016,2,全国大学英语四、六级考试大纲（2016年修订版）词表；未加★为四级词。
geology,,,,cet4,official_syllabus_2016,2,全国大学英语四、六级考试大纲（2016年修订版）词表；未加★为四级词。
geological,,,,cet4,official_syllabus_2016,2,全国大学英语四、六级考试大纲（2016年修订版）词表；未加★为四级词。
geologically,,,,cet4,official_syllabus_2016,2,全国大学英语四、六级考试大纲（2016年修订版）词表；未加★为四级词。
geometry,,,,cet4,official_syllabus_2016,2,全国大学英语四、六级考试大纲（2016年修订版）词表；未加★为四级词。
geometric,,,,cet4,official_syllabus_2016,2,全国大学英语四、六级考试大纲（2016年修订版）词表；未加★为四级词。
geometrically,,,,cet4,official_syllabus_2016,2,全国大学英语四、六级考试大纲（2016年修订版）词表；未加★为四级词。
germ,,,,cet4,official_syllabus_2016,2,全国大学英语四、六级考试大纲（2016年修订版）词表；未加★为四级词。
gesture,,,,cet4,official_syllabus_2016,2,全国大学英语四、六级考试大纲（2016年修订版）词表；未加★为四级词。
get,,,,cet4,official_syllabus_2016,2,全国大学英语四、六级考试大纲（2016年修订版）词表；未加★为四级词。
ghost,,,,cet4,official_syllabus_2016,2,全国大学英语四、六级考试大纲（2016年修订版）词表；未加★为四级词。
giant,,,,cet4,official_syllabus_2016,2,全国大学英语四、六级考试大纲（2016年修订版）词表；未加★为四级词。
gigantic,,,,cet4,official_syllabus_2016,2,全国大学英语四、六级考试大纲（2016年修订版）词表；未加★为四级词。
gift,,,,cet4,official_syllabus_2016,2,全国大学英语四、六级考试大纲（2016年修订版）词表；未加★为四级词。
gifted,,,,cet4,official_syllabus_2016,2,全国大学英语四、六级考试大纲（2016年修订版）词表；未加★为四级词。
girl,,,,cet4,official_syllabus_2016,2,全国大学英语四、六级考试大纲（2016年修订版）词表；未加★为四级词。
give,,,,cet4,official_syllabus_2016,2,全国大学英语四、六级考试大纲（2016年修订版）词表；未加★为四级词。
given,,,,cet4,official_syllabus_2016,2,全国大学英语四、六级考试大纲（2016年修订版）词表；未加★为四级词。
glad,,,,cet4,official_syllabus_2016,2,全国大学英语四、六级考试大纲（2016年修订版）词表；未加★为四级词。
glamo(u)rous,,,,cet4,official_syllabus_2016,2,全国大学英语四、六级考试大纲（2016年修订版）词表；未加★为四级词。
glance,,,,cet4,official_syllabus_2016,2,全国大学英语四、六级考试大纲（2016年修订版）词表；未加★为四级词。
glass,,,,cet4,official_syllabus_2016,2,全国大学英语四、六级考试大纲（2016年修订版）词表；未加★为四级词。
glider,,,,cet4,official_syllabus_2016,2,全国大学英语四、六级考试大纲（2016年修订版）词表；未加★为四级词。
glimpse,,,,cet4,official_syllabus_2016,2,全国大学英语四、六级考试大纲（2016年修订版）词表；未加★为四级词。
globe,,,,cet4,official_syllabus_2016,2,全国大学英语四、六级考试大纲（2016年修订版）词表；未加★为四级词。
global,,,,cet4,official_syllabus_2016,2,全国大学英语四、六级考试大纲（2016年修订版）词表；未加★为四级词。
gloom,,,,cet4,official_syllabus_2016,2,全国大学英语四、六级考试大纲（2016年修订版）词表；未加★为四级词。
gloomy,,,,cet4,official_syllabus_2016,2,全国大学英语四、六级考试大纲（2016年修订版）词表；未加★为四级词。
glory,,,,cet4,official_syllabus_2016,2,全国大学英语四、六级考试大纲（2016年修订版）词表；未加★为四级词。
glorious,,,,cet4,official_syllabus_2016,2,全国大学英语四、六级考试大纲（2016年修订版）词表；未加★为四级词。
glove,,,,cet4,official_syllabus_2016,2,全国大学英语四、六级考试大纲（2016年修订版）词表；未加★为四级词。
glow,,,,cet4,official_syllabus_2016,2,全国大学英语四、六级考试大纲（2016年修订版）词表；未加★为四级词。
glue,,,,cet4,official_syllabus_2016,2,全国大学英语四、六级考试大纲（2016年修订版）词表；未加★为四级词。
go,,,,cet4,official_syllabus_2016,2,全国大学英语四、六级考试大纲（2016年修订版）词表；未加★为四级词。
goal,,,,cet4,official_syllabus_2016,2,全国大学英语四、六级考试大纲（2016年修订版）词表；未加★为四级词。
goat,,,,cet4,official_syllabus_2016,2,全国大学英语四、六级考试大纲（2016年修订版）词表；未加★为四级词。
god,,,,cet4,official_syllabus_2016,2,全国大学英语四、六级考试大纲（2016年修订版）词表；未加★为四级词。
gold,,,,cet4,official_syllabus_2016,2,全国大学英语四、六级考试大纲（2016年修订版）词表；未加★为四级词。
golden,,,,cet4,official_syllabus_2016,2,全国大学英语四、六级考试大纲（2016年修订版）词表；未加★为四级词。
golf,,,,cet4,official_syllabus_2016,2,全国大学英语四、六级考试大纲（2016年修订版）词表；未加★为四级词。
good,,,,cet4,official_syllabus_2016,2,全国大学英语四、六级考试大纲（2016年修订版）词表；未加★为四级词。
goodbye,,,,cet4,official_syllabus_2016,2,全国大学英语四、六级考试大纲（2016年修订版）词表；未加★为四级词。
goodness,,,,cet4,official_syllabus_2016,2,全国大学英语四、六级考试大纲（2016年修订版）词表；未加★为四级词。
goods,,,,cet4,official_syllabus_2016,2,全国大学英语四、六级考试大纲（2016年修订版）词表；未加★为四级词。
goose,,,,cet4,official_syllabus_2016,2,全国大学英语四、六级考试大纲（2016年修订版）词表；未加★为四级词。
gorgeous,,,,cet4,official_syllabus_2016,2,全国大学英语四、六级考试大纲（2016年修订版）词表；未加★为四级词。
gossip,,,,cet4,official_syllabus_2016,2,全国大学英语四、六级考试大纲（2016年修订版）词表；未加★为四级词。
govern,,,,cet4,official_syllabus_2016,2,全国大学英语四、六级考试大纲（2016年修订版）词表；未加★为四级词。
government,,,,cet4,official_syllabus_2016,2,全国大学英语四、六级考试大纲（2016年修订版）词表；未加★为四级词。
governor,,,,cet4,official_syllabus_2016,2,全国大学英语四、六级考试大纲（2016年修订版）词表；未加★为四级词。
gown,,,,cet4,official_syllabus_2016,2,全国大学英语四、六级考试大纲（2016年修订版）词表；未加★为四级词。
grab,,,,cet4,official_syllabus_2016,2,全国大学英语四、六级考试大纲（2016年修订版）词表；未加★为四级词。
grace,,,,cet4,official_syllabus_2016,2,全国大学英语四、六级考试大纲（2016年修订版）词表；未加★为四级词。
graceful,,,,cet4,official_syllabus_2016,2,全国大学英语四、六级考试大纲（2016年修订版）词表；未加★为四级词。
gracious,,,,cet4,official_syllabus_2016,2,全国大学英语四、六级考试大纲（2016年修订版）词表；未加★为四级词。
grade,,,,cet4,official_syllabus_2016,2,全国大学英语四、六级考试大纲（2016年修订版）词表；未加★为四级词。
gradual,,,,cet4,official_syllabus_2016,2,全国大学英语四、六级考试大纲（2016年修订版）词表；未加★为四级词。
gradually,,,,cet4,official_syllabus_2016,2,全国大学英语四、六级考试大纲（2016年修订版）词表；未加★为四级词。
graduate,,,,cet4,official_syllabus_2016,2,全国大学英语四、六级考试大纲（2016年修订版）词表；未加★为四级词。
graduation,,,,cet4,official_syllabus_2016,2,全国大学英语四、六级考试大纲（2016年修订版）词表；未加★为四级词。
grain,,,,cet4,official_syllabus_2016,2,全国大学英语四、六级考试大纲（2016年修订版）词表；未加★为四级词。
gram(me),,,,cet4,official_syllabus_2016,2,全国大学英语四、六级考试大纲（2016年修订版）词表；未加★为四级词。
grammar,,,,cet4,official_syllabus_2016,2,全国大学英语四、六级考试大纲（2016年修订版）词表；未加★为四级词。
grammatical,,,,cet4,official_syllabus_2016,2,全国大学英语四、六级考试大纲（2016年修订版）词表；未加★为四级词。
grand,,,,cet4,official_syllabus_2016,2,全国大学英语四、六级考试大纲（2016年修订版）词表；未加★为四级词。
grandchild,,,,cet4,official_syllabus_2016,2,全国大学英语四、六级考试大纲（2016年修订版）词表；未加★为四级词。
grandchildren,,,,cet4,official_syllabus_2016,2,全国大学英语四、六级考试大纲（2016年修订版）词表；未加★为四级词。
grandson,,,,cet4,official_syllabus_2016,2,全国大学英语四、六级考试大纲（2016年修订版）词表；未加★为四级词。
granddaughter,,,,cet4,official_syllabus_2016,2,全国大学英语四、六级考试大纲（2016年修订版）词表；未加★为四级词。
grandparent,,,,cet4,official_syllabus_2016,2,全国大学英语四、六级考试大纲（2016年修订版）词表；未加★为四级词。
grandfather,,,,cet4,official_syllabus_2016,2,全国大学英语四、六级考试大纲（2016年修订版）词表；未加★为四级词。
grandmother,,,,cet4,official_syllabus_2016,2,全国大学英语四、六级考试大纲（2016年修订版）词表；未加★为四级词。
grant,,,,cet4,official_syllabus_2016,2,全国大学英语四、六级考试大纲（2016年修订版）词表；未加★为四级词。
granted,,,,cet4,official_syllabus_2016,2,全国大学英语四、六级考试大纲（2016年修订版）词表；未加★为四级词。
grape,,,,cet4,official_syllabus_2016,2,全国大学英语四、六级考试大纲（2016年修订版）词表；未加★为四级词。
graph,,,,cet4,official_syllabus_2016,2,全国大学英语四、六级考试大纲（2016年修订版）词表；未加★为四级词。
graphic,,,,cet4,official_syllabus_2016,2,全国大学英语四、六级考试大纲（2016年修订版）词表；未加★为四级词。
graphically,,,,cet4,official_syllabus_2016,2,全国大学英语四、六级考试大纲（2016年修订版）词表；未加★为四级词。
grasp,,,,cet4,official_syllabus_2016,2,全国大学英语四、六级考试大纲（2016年修订版）词表；未加★为四级词。
grass,,,,cet4,official_syllabus_2016,2,全国大学英语四、六级考试大纲（2016年修订版）词表；未加★为四级词。
grassy,,,,cet4,official_syllabus_2016,2,全国大学英语四、六级考试大纲（2016年修订版）词表；未加★为四级词。
grateful,,,,cet4,official_syllabus_2016,2,全国大学英语四、六级考试大纲（2016年修订版）词表；未加★为四级词。
gratitude,,,,cet4,official_syllabus_2016,2,全国大学英语四、六级考试大纲（2016年修订版）词表；未加★为四级词。
grave,,,,cet4,official_syllabus_2016,2,全国大学英语四、六级考试大纲（2016年修订版）词表；未加★为四级词。
gravitation,,,,cet4,official_syllabus_2016,2,全国大学英语四、六级考试大纲（2016年修订版）词表；未加★为四级词。
gravity,,,,cet4,official_syllabus_2016,2,全国大学英语四、六级考试大纲（2016年修订版）词表；未加★为四级词。
gray/grey,,,,cet4,official_syllabus_2016,2,全国大学英语四、六级考试大纲（2016年修订版）词表；未加★为四级词。
greasy,,,,cet4,official_syllabus_2016,2,全国大学英语四、六级考试大纲（2016年修订版）词表；未加★为四级词。
great,,,,cet4,official_syllabus_2016,2,全国大学英语四、六级考试大纲（2016年修订版）词表；未加★为四级词。
greedy,,,,cet4,official_syllabus_2016,2,全国大学英语四、六级考试大纲（2016年修订版）词表；未加★为四级词。
green,,,,cet4,official_syllabus_2016,2,全国大学英语四、六级考试大纲（2016年修订版）词表；未加★为四级词。
greenhouse,,,,cet4,official_syllabus_2016,2,全国大学英语四、六级考试大纲（2016年修订版）词表；未加★为四级词。
greet,,,,cet4,official_syllabus_2016,2,全国大学英语四、六级考试大纲（2016年修订版）词表；未加★为四级词。
greeting,,,,cet4,official_syllabus_2016,2,全国大学英语四、六级考试大纲（2016年修订版）词表；未加★为四级词。
grief,,,,cet4,official_syllabus_2016,2,全国大学英语四、六级考试大纲（2016年修订版）词表；未加★为四级词。
grieve,,,,cet4,official_syllabus_2016,2,全国大学英语四、六级考试大纲（2016年修订版）词表；未加★为四级词。
grievous,,,,cet4,official_syllabus_2016,2,全国大学英语四、六级考试大纲（2016年修订版）词表；未加★为四级词。
grin,,,,cet4,official_syllabus_2016,2,全国大学英语四、六级考试大纲（2016年修订版）词表；未加★为四级词。
grind,,,,cet4,official_syllabus_2016,2,全国大学英语四、六级考试大纲（2016年修订版）词表；未加★为四级词。
grip,,,,cet4,official_syllabus_2016,2,全国大学英语四、六级考试大纲（2016年修订版）词表；未加★为四级词。
grocer,,,,cet4,official_syllabus_2016,2,全国大学英语四、六级考试大纲（2016年修订版）词表；未加★为四级词。
grocery,,,,cet4,official_syllabus_2016,2,全国大学英语四、六级考试大纲（2016年修订版）词表；未加★为四级词。
gross,,,,cet4,official_syllabus_2016,2,全国大学英语四、六级考试大纲（2016年修订版）词表；未加★为四级词。
ground,,,,cet4,official_syllabus_2016,2,全国大学英语四、六级考试大纲（2016年修订版）词表；未加★为四级词。
group,,,,cet4,official_syllabus_2016,2,全国大学英语四、六级考试大纲（2016年修订版）词表；未加★为四级词。
grow,,,,cet4,official_syllabus_2016,2,全国大学英语四、六级考试大纲（2016年修订版）词表；未加★为四级词。
growth,,,,cet4,official_syllabus_2016,2,全国大学英语四、六级考试大纲（2016年修订版）词表；未加★为四级词。
guarantee,,,,cet4,official_syllabus_2016,2,全国大学英语四、六级考试大纲（2016年修订版）词表；未加★为四级词。
guard,,,,cet4,official_syllabus_2016,2,全国大学英语四、六级考试大纲（2016年修订版）词表；未加★为四级词。
guardian,,,,cet4,official_syllabus_2016,2,全国大学英语四、六级考试大纲（2016年修订版）词表；未加★为四级词。
guess,,,,cet4,official_syllabus_2016,2,全国大学英语四、六级考试大纲（2016年修订版）词表；未加★为四级词。
guest,,,,cet4,official_syllabus_2016,2,全国大学英语四、六级考试大纲（2016年修订版）词表；未加★为四级词。
guide,,,,cet4,official_syllabus_2016,2,全国大学英语四、六级考试大纲（2016年修订版）词表；未加★为四级词。
guidance,,,,cet4,official_syllabus_2016,2,全国大学英语四、六级考试大纲（2016年修订版）词表；未加★为四级词。
guideline,,,,cet4,official_syllabus_2016,2,全国大学英语四、六级考试大纲（2016年修订版）词表；未加★为四级词。
guilt,,,,cet4,official_syllabus_2016,2,全国大学英语四、六级考试大纲（2016年修订版）词表；未加★为四级词。
guilty,,,,cet4,official_syllabus_2016,2,全国大学英语四、六级考试大纲（2016年修订版）词表；未加★为四级词。
guitar,,,,cet4,official_syllabus_2016,2,全国大学英语四、六级考试大纲（2016年修订版）词表；未加★为四级词。
guitarist,,,,cet4,official_syllabus_2016,2,全国大学英语四、六级考试大纲（2016年修订版）词表；未加★为四级词。
gulf,,,,cet4,official_syllabus_2016,2,全国大学英语四、六级考试大纲（2016年修订版）词表；未加★为四级词。
gum,,,,cet4,official_syllabus_2016,2,全国大学英语四、六级考试大纲（2016年修订版）词表；未加★为四级词。
gun,,,,cet4,official_syllabus_2016,2,全国大学英语四、六级考试大纲（2016年修订版）词表；未加★为四级词。
gut,,,,cet4,official_syllabus_2016,2,全国大学英语四、六级考试大纲（2016年修订版）词表；未加★为四级词。
guy,,,,cet4,official_syllabus_2016,2,全国大学英语四、六级考试大纲（2016年修订版）词表；未加★为四级词。
gym(nasium),,,,cet4,official_syllabus_2016,2,全国大学英语四、六级考试大纲（2016年修订版）词表；未加★为四级词。
habit,,,,cet4,official_syllabus_2016,2,全国大学英语四、六级考试大纲（2016年修订版）词表；未加★为四级词。
habitual,,,,cet4,official_syllabus_2016,2,全国大学英语四、六级考试大纲（2016年修订版）词表；未加★为四级词。
habitat,,,,cet4,official_syllabus_2016,2,全国大学英语四、六级考试大纲（2016年修订版）词表；未加★为四级词。
hack,,,,cet4,official_syllabus_2016,2,全国大学英语四、六级考试大纲（2016年修订版）词表；未加★为四级词。
hacker,,,,cet4,official_syllabus_2016,2,全国大学英语四、六级考试大纲（2016年修订版）词表；未加★为四级词。
hail,,,,cet4,official_syllabus_2016,2,全国大学英语四、六级考试大纲（2016年修订版）词表；未加★为四级词。
hair,,,,cet4,official_syllabus_2016,2,全国大学英语四、六级考试大纲（2016年修订版）词表；未加★为四级词。
hairy,,,,cet4,official_syllabus_2016,2,全国大学英语四、六级考试大纲（2016年修订版）词表；未加★为四级词。
half,,,,cet4,official_syllabus_2016,2,全国大学英语四、六级考试大纲（2016年修订版）词表；未加★为四级词。
halfway,,,,cet4,official_syllabus_2016,2,全国大学英语四、六级考试大纲（2016年修订版）词表；未加★为四级词。
hall,,,,cet4,official_syllabus_2016,2,全国大学英语四、六级考试大纲（2016年修订版）词表；未加★为四级词。
halt,,,,cet4,official_syllabus_2016,2,全国大学英语四、六级考试大纲（2016年修订版）词表；未加★为四级词。
ham,,,,cet4,official_syllabus_2016,2,全国大学英语四、六级考试大纲（2016年修订版）词表；未加★为四级词。
hamburger/burger,,,,cet4,official_syllabus_2016,2,全国大学英语四、六级考试大纲（2016年修订版）词表；未加★为四级词。
hammer,,,,cet4,official_syllabus_2016,2,全国大学英语四、六级考试大纲（2016年修订版）词表；未加★为四级词。
hand,,,,cet4,official_syllabus_2016,2,全国大学英语四、六级考试大纲（2016年修订版）词表；未加★为四级词。
handful,,,,cet4,official_syllabus_2016,2,全国大学英语四、六级考试大纲（2016年修订版）词表；未加★为四级词。
handbook,,,,cet4,official_syllabus_2016,2,全国大学英语四、六级考试大纲（2016年修订版）词表；未加★为四级词。
handicap,,,,cet4,official_syllabus_2016,2,全国大学英语四、六级考试大纲（2016年修订版）词表；未加★为四级词。
handicapped,,,,cet4,official_syllabus_2016,2,全国大学英语四、六级考试大纲（2016年修订版）词表；未加★为四级词。
handle,,,,cet4,official_syllabus_2016,2,全国大学英语四、六级考试大纲（2016年修订版）词表；未加★为四级词。
handsome,,,,cet4,official_syllabus_2016,2,全国大学英语四、六级考试大纲（2016年修订版）词表；未加★为四级词。
handwriting,,,,cet4,official_syllabus_2016,2,全国大学英语四、六级考试大纲（2016年修订版）词表；未加★为四级词。
handy,,,,cet4,official_syllabus_2016,2,全国大学英语四、六级考试大纲（2016年修订版）词表；未加★为四级词。
hang,,,,cet4,official_syllabus_2016,2,全国大学英语四、六级考试大纲（2016年修订版）词表；未加★为四级词。
happen,,,,cet4,official_syllabus_2016,2,全国大学英语四、六级考试大纲（2016年修订版）词表；未加★为四级词。
happy,,,,cet4,official_syllabus_2016,2,全国大学英语四、六级考试大纲（2016年修订版）词表；未加★为四级词。
happiness,,,,cet4,official_syllabus_2016,2,全国大学英语四、六级考试大纲（2016年修订版）词表；未加★为四级词。
happily,,,,cet4,official_syllabus_2016,2,全国大学英语四、六级考试大纲（2016年修订版）词表；未加★为四级词。
harassment,,,,cet4,official_syllabus_2016,2,全国大学英语四、六级考试大纲（2016年修订版）词表；未加★为四级词。
harbo(u)r,,,,cet4,official_syllabus_2016,2,全国大学英语四、六级考试大纲（2016年修订版）词表；未加★为四级词。
hard,,,,cet4,official_syllabus_2016,2,全国大学英语四、六级考试大纲（2016年修订版）词表；未加★为四级词。
harden,,,,cet4,official_syllabus_2016,2,全国大学英语四、六级考试大纲（2016年修订版）词表；未加★为四级词。
hardly,,,,cet4,official_syllabus_2016,2,全国大学英语四、六级考试大纲（2016年修订版）词表；未加★为四级词。
hardship,,,,cet4,official_syllabus_2016,2,全国大学英语四、六级考试大纲（2016年修订版）词表；未加★为四级词。
hardware,,,,cet4,official_syllabus_2016,2,全国大学英语四、六级考试大纲（2016年修订版）词表；未加★为四级词。
harm,,,,cet4,official_syllabus_2016,2,全国大学英语四、六级考试大纲（2016年修订版）词表；未加★为四级词。
harmful,,,,cet4,official_syllabus_2016,2,全国大学英语四、六级考试大纲（2016年修订版）词表；未加★为四级词。
harmless,,,,cet4,official_syllabus_2016,2,全国大学英语四、六级考试大纲（2016年修订版）词表；未加★为四级词。
harmony,,,,cet4,official_syllabus_2016,2,全国大学英语四、六级考试大纲（2016年修订版）词表；未加★为四级词。
harmonious,,,,cet4,official_syllabus_2016,2,全国大学英语四、六级考试大纲（2016年修订版）词表；未加★为四级词。
harness,,,,cet4,official_syllabus_2016,2,全国大学英语四、六级考试大纲（2016年修订版）词表；未加★为四级词。
harsh,,,,cet4,official_syllabus_2016,2,全国大学英语四、六级考试大纲（2016年修订版）词表；未加★为四级词。
harvest,,,,cet4,official_syllabus_2016,2,全国大学英语四、六级考试大纲（2016年修订版）词表；未加★为四级词。
haste,,,,cet4,official_syllabus_2016,2,全国大学英语四、六级考试大纲（2016年修订版）词表；未加★为四级词。
hasty,,,,cet4,official_syllabus_2016,2,全国大学英语四、六级考试大纲（2016年修订版）词表；未加★为四级词。
hasten,,,,cet4,official_syllabus_2016,2,全国大学英语四、六级考试大纲（2016年修订版）词表；未加★为四级词。
hat,,,,cet4,official_syllabus_2016,2,全国大学英语四、六级考试大纲（2016年修订版）词表；未加★为四级词。
hatch,,,,cet4,official_syllabus_2016,2,全国大学英语四、六级考试大纲（2016年修订版）词表；未加★为四级词。
hate,,,,cet4,official_syllabus_2016,2,全国大学英语四、六级考试大纲（2016年修订版）词表；未加★为四级词。
hatred,,,,cet4,official_syllabus_2016,2,全国大学英语四、六级考试大纲（2016年修订版）词表；未加★为四级词。
hateful,,,,cet4,official_syllabus_2016,2,全国大学英语四、六级考试大纲（2016年修订版）词表；未加★为四级词。
haul,,,,cet4,official_syllabus_2016,2,全国大学英语四、六级考试大纲（2016年修订版）词表；未加★为四级词。
haunt,,,,cet4,official_syllabus_2016,2,全国大学英语四、六级考试大纲（2016年修订版）词表；未加★为四级词。
have,,,,cet4,official_syllabus_2016,2,全国大学英语四、六级考试大纲（2016年修订版）词表；未加★为四级词。
hay,,,,cet4,official_syllabus_2016,2,全国大学英语四、六级考试大纲（2016年修订版）词表；未加★为四级词。
hazard,,,,cet4,official_syllabus_2016,2,全国大学英语四、六级考试大纲（2016年修订版）词表；未加★为四级词。
hazardous,,,,cet4,official_syllabus_2016,2,全国大学英语四、六级考试大纲（2016年修订版）词表；未加★为四级词。
haze,,,,cet4,official_syllabus_2016,2,全国大学英语四、六级考试大纲（2016年修订版）词表；未加★为四级词。
hazy,,,,cet4,official_syllabus_2016,2,全国大学英语四、六级考试大纲（2016年修订版）词表；未加★为四级词。
he,,,,cet4,official_syllabus_2016,2,全国大学英语四、六级考试大纲（2016年修订版）词表；未加★为四级词。
head,,,,cet4,official_syllabus_2016,2,全国大学英语四、六级考试大纲（2016年修订版）词表；未加★为四级词。
headache,,,,cet4,official_syllabus_2016,2,全国大学英语四、六级考试大纲（2016年修订版）词表；未加★为四级词。
heading,,,,cet4,official_syllabus_2016,2,全国大学英语四、六级考试大纲（2016年修订版）词表；未加★为四级词。
headline,,,,cet4,official_syllabus_2016,2,全国大学英语四、六级考试大纲（2016年修订版）词表；未加★为四级词。
headmaster,,,,cet4,official_syllabus_2016,2,全国大学英语四、六级考试大纲（2016年修订版）词表；未加★为四级词。
headmistress,,,,cet4,official_syllabus_2016,2,全国大学英语四、六级考试大纲（2016年修订版）词表；未加★为四级词。
headquarters,,,,cet4,official_syllabus_2016,2,全国大学英语四、六级考试大纲（2016年修订版）词表；未加★为四级词。
heal,,,,cet4,official_syllabus_2016,2,全国大学英语四、六级考试大纲（2016年修订版）词表；未加★为四级词。
health,,,,cet4,official_syllabus_2016,2,全国大学英语四、六级考试大纲（2016年修订版）词表；未加★为四级词。
healthy,,,,cet4,official_syllabus_2016,2,全国大学英语四、六级考试大纲（2016年修订版）词表；未加★为四级词。
healthful,,,,cet4,official_syllabus_2016,2,全国大学英语四、六级考试大纲（2016年修订版）词表；未加★为四级词。
heap,,,,cet4,official_syllabus_2016,2,全国大学英语四、六级考试大纲（2016年修订版）词表；未加★为四级词。
hear,,,,cet4,official_syllabus_2016,2,全国大学英语四、六级考试大纲（2016年修订版）词表；未加★为四级词。
hearing,,,,cet4,official_syllabus_2016,2,全国大学英语四、六级考试大纲（2016年修订版）词表；未加★为四级词。
heart,,,,cet4,official_syllabus_2016,2,全国大学英语四、六级考试大纲（2016年修订版）词表；未加★为四级词。
hearty,,,,cet4,official_syllabus_2016,2,全国大学英语四、六级考试大纲（2016年修订版）词表；未加★为四级词。
heartfelt,,,,cet4,official_syllabus_2016,2,全国大学英语四、六级考试大纲（2016年修订版）词表；未加★为四级词。
heat,,,,cet4,official_syllabus_2016,2,全国大学英语四、六级考试大纲（2016年修订版）词表；未加★为四级词。
heated,,,,cet4,official_syllabus_2016,2,全国大学英语四、六级考试大纲（2016年修订版）词表；未加★为四级词。
heating,,,,cet4,official_syllabus_2016,2,全国大学英语四、六级考试大纲（2016年修订版）词表；未加★为四级词。
heaven,,,,cet4,official_syllabus_2016,2,全国大学英语四、六级考试大纲（2016年修订版）词表；未加★为四级词。
heavy,,,,cet4,official_syllabus_2016,2,全国大学英语四、六级考试大纲（2016年修订版）词表；未加★为四级词。
hectare,,,,cet4,official_syllabus_2016,2,全国大学英语四、六级考试大纲（2016年修订版）词表；未加★为四级词。
hedge,,,,cet4,official_syllabus_2016,2,全国大学英语四、六级考试大纲（2016年修订版）词表；未加★为四级词。
heel,,,,cet4,official_syllabus_2016,2,全国大学英语四、六级考试大纲（2016年修订版）词表；未加★为四级词。
height,,,,cet4,official_syllabus_2016,2,全国大学英语四、六级考试大纲（2016年修订版）词表；未加★为四级词。
heighten,,,,cet4,official_syllabus_2016,2,全国大学英语四、六级考试大纲（2016年修订版）词表；未加★为四级词。
heir,,,,cet4,official_syllabus_2016,2,全国大学英语四、六级考试大纲（2016年修订版）词表；未加★为四级词。
heiress,,,,cet4,official_syllabus_2016,2,全国大学英语四、六级考试大纲（2016年修订版）词表；未加★为四级词。
helicopter,,,,cet4,official_syllabus_2016,2,全国大学英语四、六级考试大纲（2016年修订版）词表；未加★为四级词。
hell,,,,cet4,official_syllabus_2016,2,全国大学英语四、六级考试大纲（2016年修订版）词表；未加★为四级词。
hello,,,,cet4,official_syllabus_2016,2,全国大学英语四、六级考试大纲（2016年修订版）词表；未加★为四级词。
help,,,,cet4,official_syllabus_2016,2,全国大学英语四、六级考试大纲（2016年修订版）词表；未加★为四级词。
helpful,,,,cet4,official_syllabus_2016,2,全国大学英语四、六级考试大纲（2016年修订版）词表；未加★为四级词。
helpless,,,,cet4,official_syllabus_2016,2,全国大学英语四、六级考试大纲（2016年修订版）词表；未加★为四级词。
helplessly,,,,cet4,official_syllabus_2016,2,全国大学英语四、六级考试大纲（2016年修订版）词表；未加★为四级词。
hen,,,,cet4,official_syllabus_2016,2,全国大学英语四、六级考试大纲（2016年修订版）词表；未加★为四级词。
hence,,,,cet4,official_syllabus_2016,2,全国大学英语四、六级考试大纲（2016年修订版）词表；未加★为四级词。
her,,,,cet4,official_syllabus_2016,2,全国大学英语四、六级考试大纲（2016年修订版）词表；未加★为四级词。
herbal,,,,cet4,official_syllabus_2016,2,全国大学英语四、六级考试大纲（2016年修订版）词表；未加★为四级词。
herd,,,,cet4,official_syllabus_2016,2,全国大学英语四、六级考试大纲（2016年修订版）词表；未加★为四级词。
here,,,,cet4,official_syllabus_2016,2,全国大学英语四、六级考试大纲（2016年修订版）词表；未加★为四级词。
hereby,,,,cet4,official_syllabus_2016,2,全国大学英语四、六级考试大纲（2016年修订版）词表；未加★为四级词。
heritage,,,,cet4,official_syllabus_2016,2,全国大学英语四、六级考试大纲（2016年修订版）词表；未加★为四级词。
hero/heroine,,,,cet4,official_syllabus_2016,2,全国大学英语四、六级考试大纲（2016年修订版）词表；未加★为四级词。
heroic,,,,cet4,official_syllabus_2016,2,全国大学英语四、六级考试大纲（2016年修订版）词表；未加★为四级词。
heroism,,,,cet4,official_syllabus_2016,2,全国大学英语四、六级考试大纲（2016年修订版）词表；未加★为四级词。
hers,,,,cet4,official_syllabus_2016,2,全国大学英语四、六级考试大纲（2016年修订版）词表；未加★为四级词。
herself,,,,cet4,official_syllabus_2016,2,全国大学英语四、六级考试大纲（2016年修订版）词表；未加★为四级词。
hesitate,,,,cet4,official_syllabus_2016,2,全国大学英语四、六级考试大纲（2016年修订版）词表；未加★为四级词。
hesitation,,,,cet4,official_syllabus_2016,2,全国大学英语四、六级考试大纲（2016年修订版）词表；未加★为四级词。
hesitant,,,,cet4,official_syllabus_2016,2,全国大学英语四、六级考试大纲（2016年修订版）词表；未加★为四级词。
hi,,,,cet4,official_syllabus_2016,2,全国大学英语四、六级考试大纲（2016年修订版）词表；未加★为四级词。
hibernation,,,,cet4,official_syllabus_2016,2,全国大学英语四、六级考试大纲（2016年修订版）词表；未加★为四级词。
hide,,,,cet4,official_syllabus_2016,2,全国大学英语四、六级考试大纲（2016年修订版）词表；未加★为四级词。
hiding,,,,cet4,official_syllabus_2016,2,全国大学英语四、六级考试大纲（2016年修订版）词表；未加★为四级词。
hierarchical,,,,cet4,official_syllabus_2016,2,全国大学英语四、六级考试大纲（2016年修订版）词表；未加★为四级词。
high,,,,cet4,official_syllabus_2016,2,全国大学英语四、六级考试大纲（2016年修订版）词表；未加★为四级词。
highly,,,,cet4,official_syllabus_2016,2,全国大学英语四、六级考试大纲（2016年修订版）词表；未加★为四级词。
highlight,,,,cet4,official_syllabus_2016,2,全国大学英语四、六级考试大纲（2016年修订版）词表；未加★为四级词。
highway,,,,cet4,official_syllabus_2016,2,全国大学英语四、六级考试大纲（2016年修订版）词表；未加★为四级词。
hijack,,,,cet4,official_syllabus_2016,2,全国大学英语四、六级考试大纲（2016年修订版）词表；未加★为四级词。
hill,,,,cet4,official_syllabus_2016,2,全国大学英语四、六级考试大纲（2016年修订版）词表；未加★为四级词。
hilly,,,,cet4,official_syllabus_2016,2,全国大学英语四、六级考试大纲（2016年修订版）词表；未加★为四级词。
him,,,,cet4,official_syllabus_2016,2,全国大学英语四、六级考试大纲（2016年修订版）词表；未加★为四级词。
himself,,,,cet4,official_syllabus_2016,2,全国大学英语四、六级考试大纲（2016年修订版）词表；未加★为四级词。
hinder,,,,cet4,official_syllabus_2016,2,全国大学英语四、六级考试大纲（2016年修订版）词表；未加★为四级词。
hindrance,,,,cet4,official_syllabus_2016,2,全国大学英语四、六级考试大纲（2016年修订版）词表；未加★为四级词。
hint,,,,cet4,official_syllabus_2016,2,全国大学英语四、六级考试大纲（2016年修订版）词表；未加★为四级词。
hip,,,,cet4,official_syllabus_2016,2,全国大学英语四、六级考试大纲（2016年修订版）词表；未加★为四级词。
hire,,,,cet4,official_syllabus_2016,2,全国大学英语四、六级考试大纲（2016年修订版）词表；未加★为四级词。
his,,,,cet4,official_syllabus_2016,2,全国大学英语四、六级考试大纲（2016年修订版）词表；未加★为四级词。
history,,,,cet4,official_syllabus_2016,2,全国大学英语四、六级考试大纲（2016年修订版）词表；未加★为四级词。
historic,,,,cet4,official_syllabus_2016,2,全国大学英语四、六级考试大纲（2016年修订版）词表；未加★为四级词。
historical,,,,cet4,official_syllabus_2016,2,全国大学英语四、六级考试大纲（2016年修订版）词表；未加★为四级词。
historian,,,,cet4,official_syllabus_2016,2,全国大学英语四、六级考试大纲（2016年修订版）词表；未加★为四级词。
hit,,,,cet4,official_syllabus_2016,2,全国大学英语四、六级考试大纲（2016年修订版）词表；未加★为四级词。
hobby,,,,cet4,official_syllabus_2016,2,全国大学英语四、六级考试大纲（2016年修订版）词表；未加★为四级词。
hold,,,,cet4,official_syllabus_2016,2,全国大学英语四、六级考试大纲（2016年修订版）词表；未加★为四级词。
hole,,,,cet4,official_syllabus_2016,2,全国大学英语四、六级考试大纲（2016年修订版）词表；未加★为四级词。
holiday,,,,cet4,official_syllabus_2016,2,全国大学英语四、六级考试大纲（2016年修订版）词表；未加★为四级词。
hollow,,,,cet4,official_syllabus_2016,2,全国大学英语四、六级考试大纲（2016年修订版）词表；未加★为四级词。
holy,,,,cet4,official_syllabus_2016,2,全国大学英语四、六级考试大纲（2016年修订版）词表；未加★为四级词。
holiness,,,,cet4,official_syllabus_2016,2,全国大学英语四、六级考试大纲（2016年修订版）词表；未加★为四级词。
home,,,,cet4,official_syllabus_2016,2,全国大学英语四、六级考试大纲（2016年修订版）词表；未加★为四级词。
homeless,,,,cet4,official_syllabus_2016,2,全国大学英语四、六级考试大纲（2016年修订版）词表；未加★为四级词。
homely,,,,cet4,official_syllabus_2016,2,全国大学英语四、六级考试大纲（2016年修订版）词表；未加★为四级词。
homeland,,,,cet4,official_syllabus_2016,2,全国大学英语四、六级考试大纲（2016年修订版）词表；未加★为四级词。
homework,,,,cet4,official_syllabus_2016,2,全国大学英语四、六级考试大纲（2016年修订版）词表；未加★为四级词。
homosexual/homo,,,,cet4,official_syllabus_2016,2,全国大学英语四、六级考试大纲（2016年修订版）词表；未加★为四级词。
honest,,,,cet4,official_syllabus_2016,2,全国大学英语四、六级考试大纲（2016年修订版）词表；未加★为四级词。
honesty,,,,cet4,official_syllabus_2016,2,全国大学英语四、六级考试大纲（2016年修订版）词表；未加★为四级词。
honey,,,,cet4,official_syllabus_2016,2,全国大学英语四、六级考试大纲（2016年修订版）词表；未加★为四级词。
honeymoon,,,,cet4,official_syllabus_2016,2,全国大学英语四、六级考试大纲（2016年修订版）词表；未加★为四级词。
hono(u)r,,,,cet4,official_syllabus_2016,2,全国大学英语四、六级考试大纲（2016年修订版）词表；未加★为四级词。
hono(u)rable,,,,cet4,official_syllabus_2016,2,全国大学英语四、六级考试大纲（2016年修订版）词表；未加★为四级词。
hono(u)rary,,,,cet4,official_syllabus_2016,2,全国大学英语四、六级考试大纲（2016年修订版）词表；未加★为四级词。
hook,,,,cet4,official_syllabus_2016,2,全国大学英语四、六级考试大纲（2016年修订版）词表；未加★为四级词。
hope,,,,cet4,official_syllabus_2016,2,全国大学英语四、六级考试大纲（2016年修订版）词表；未加★为四级词。
hopeful,,,,cet4,official_syllabus_2016,2,全国大学英语四、六级考试大纲（2016年修订版）词表；未加★为四级词。
hopeless,,,,cet4,official_syllabus_2016,2,全国大学英语四、六级考试大纲（2016年修订版）词表；未加★为四级词。
horizon,,,,cet4,official_syllabus_2016,2,全国大学英语四、六级考试大纲（2016年修订版）词表；未加★为四级词。
horizontal,,,,cet4,official_syllabus_2016,2,全国大学英语四、六级考试大纲（2016年修订版）词表；未加★为四级词。
horn,,,,cet4,official_syllabus_2016,2,全国大学英语四、六级考试大纲（2016年修订版）词表；未加★为四级词。
horror,,,,cet4,official_syllabus_2016,2,全国大学英语四、六级考试大纲（2016年修订版）词表；未加★为四级词。
horrible,,,,cet4,official_syllabus_2016,2,全国大学英语四、六级考试大纲（2016年修订版）词表；未加★为四级词。
horrify,,,,cet4,official_syllabus_2016,2,全国大学英语四、六级考试大纲（2016年修订版）词表；未加★为四级词。
horse,,,,cet4,official_syllabus_2016,2,全国大学英语四、六级考试大纲（2016年修订版）词表；未加★为四级词。
horsepower,,,,cet4,official_syllabus_2016,2,全国大学英语四、六级考试大纲（2016年修订版）词表；未加★为四级词。
hospital,,,,cet4,official_syllabus_2016,2,全国大学英语四、六级考试大纲（2016年修订版）词表；未加★为四级词。
hospitalize,,,,cet4,official_syllabus_2016,2,全国大学英语四、六级考试大纲（2016年修订版）词表；未加★为四级词。
hospitable,,,,cet4,official_syllabus_2016,2,全国大学英语四、六级考试大纲（2016年修订版）词表；未加★为四级词。
hospitality,,,,cet4,official_syllabus_2016,2,全国大学英语四、六级考试大纲（2016年修订版）词表；未加★为四级词。
host,,,,cet4,official_syllabus_2016,2,全国大学英语四、六级考试大纲（2016年修订版）词表；未加★为四级词。
hostess,,,,cet4,official_syllabus_2016,2,全国大学英语四、六级考试大纲（2016年修订版）词表；未加★为四级词。
hostile,,,,cet4,official_syllabus_2016,2,全国大学英语四、六级考试大纲（2016年修订版）词表；未加★为四级词。
hostility,,,,cet4,official_syllabus_2016,2,全国大学英语四、六级考试大纲（2016年修订版）词表；未加★为四级词。
hot,,,,cet4,official_syllabus_2016,2,全国大学英语四、六级考试大纲（2016年修订版）词表；未加★为四级词。
hotdog,,,,cet4,official_syllabus_2016,2,全国大学英语四、六级考试大纲（2016年修订版）词表；未加★为四级词。
hotel,,,,cet4,official_syllabus_2016,2,全国大学英语四、六级考试大纲（2016年修订版）词表；未加★为四级词。
hour,,,,cet4,official_syllabus_2016,2,全国大学英语四、六级考试大纲（2016年修订版）词表；未加★为四级词。
hourly,,,,cet4,official_syllabus_2016,2,全国大学英语四、六级考试大纲（2016年修订版）词表；未加★为四级词。
house,,,,cet4,official_syllabus_2016,2,全国大学英语四、六级考试大纲（2016年修订版）词表；未加★为四级词。
housing,,,,cet4,official_syllabus_2016,2,全国大学英语四、六级考试大纲（2016年修订版）词表；未加★为四级词。
household,,,,cet4,official_syllabus_2016,2,全国大学英语四、六级考试大纲（2016年修订版）词表；未加★为四级词。
housewife,,,,cet4,official_syllabus_2016,2,全国大学英语四、六级考试大纲（2016年修订版）词表；未加★为四级词。
housework,,,,cet4,official_syllabus_2016,2,全国大学英语四、六级考试大纲（2016年修订版）词表；未加★为四级词。
how,,,,cet4,official_syllabus_2016,2,全国大学英语四、六级考试大纲（2016年修订版）词表；未加★为四级词。
however,,,,cet4,official_syllabus_2016,2,全国大学英语四、六级考试大纲（2016年修订版）词表；未加★为四级词。
hug,,,,cet4,official_syllabus_2016,2,全国大学英语四、六级考试大纲（2016年修订版）词表；未加★为四级词。
huge,,,,cet4,official_syllabus_2016,2,全国大学英语四、六级考试大纲（2016年修订版）词表；未加★为四级词。
human,,,,cet4,official_syllabus_2016,2,全国大学英语四、六级考试大纲（2016年修订版）词表；未加★为四级词。
humanity,,,,cet4,official_syllabus_2016,2,全国大学英语四、六级考试大纲（2016年修订版）词表；未加★为四级词。
humanism,,,,cet4,official_syllabus_2016,2,全国大学英语四、六级考试大纲（2016年修订版）词表；未加★为四级词。
humanist,,,,cet4,official_syllabus_2016,2,全国大学英语四、六级考试大纲（2016年修订版）词表；未加★为四级词。
humanitarian,,,,cet4,official_syllabus_2016,2,全国大学英语四、六级考试大纲（2016年修订版）词表；未加★为四级词。
humble,,,,cet4,official_syllabus_2016,2,全国大学英语四、六级考试大纲（2016年修订版）词表；未加★为四级词。
humbly,,,,cet4,official_syllabus_2016,2,全国大学英语四、六级考试大纲（2016年修订版）词表；未加★为四级词。
humidity,,,,cet4,official_syllabus_2016,2,全国大学英语四、六级考试大纲（2016年修订版）词表；未加★为四级词。
humiliation,,,,cet4,official_syllabus_2016,2,全国大学英语四、六级考试大纲（2016年修订版）词表；未加★为四级词。
humo(u)r,,,,cet4,official_syllabus_2016,2,全国大学英语四、六级考试大纲（2016年修订版）词表；未加★为四级词。
humo(u)rous,,,,cet4,official_syllabus_2016,2,全国大学英语四、六级考试大纲（2016年修订版）词表；未加★为四级词。
hundred,,,,cet4,official_syllabus_2016,2,全国大学英语四、六级考试大纲（2016年修订版）词表；未加★为四级词。
hunger,,,,cet4,official_syllabus_2016,2,全国大学英语四、六级考试大纲（2016年修订版）词表；未加★为四级词。
hungry,,,,cet4,official_syllabus_2016,2,全国大学英语四、六级考试大纲（2016年修订版）词表；未加★为四级词。
hunt,,,,cet4,official_syllabus_2016,2,全国大学英语四、六级考试大纲（2016年修订版）词表；未加★为四级词。
hunting,,,,cet4,official_syllabus_2016,2,全国大学英语四、六级考试大纲（2016年修订版）词表；未加★为四级词。
hunter,,,,cet4,official_syllabus_2016,2,全国大学英语四、六级考试大纲（2016年修订版）词表；未加★为四级词。
hurry,,,,cet4,official_syllabus_2016,2,全国大学英语四、六级考试大纲（2016年修订版）词表；未加★为四级词。
hurriedly,,,,cet4,official_syllabus_2016,2,全国大学英语四、六级考试大纲（2016年修订版）词表；未加★为四级词。
hurt,,,,cet4,official_syllabus_2016,2,全国大学英语四、六级考试大纲（2016年修订版）词表；未加★为四级词。
hurtful,,,,cet4,official_syllabus_2016,2,全国大学英语四、六级考试大纲（2016年修订版）词表；未加★为四级词。
husband,,,,cet4,official_syllabus_2016,2,全国大学英语四、六级考试大纲（2016年修订版）词表；未加★为四级词。
hut,,,,cet4,official_syllabus_2016,2,全国大学英语四、六级考试大纲（2016年修订版）词表；未加★为四级词。
hydrogen,,,,cet4,official_syllabus_2016,2,全国大学英语四、六级考试大纲（2016年修订版）词表；未加★为四级词。
hygienic,,,,cet4,official_syllabus_2016,2,全国大学英语四、六级考试大纲（2016年修订版）词表；未加★为四级词。
hyphen,,,,cet4,official_syllabus_2016,2,全国大学英语四、六级考试大纲（2016年修订版）词表；未加★为四级词。
hypocritical,,,,cet4,official_syllabus_2016,2,全国大学英语四、六级考试大纲（2016年修订版）词表；未加★为四级词。
hypocrite,,,,cet4,official_syllabus_2016,2,全国大学英语四、六级考试大纲（2016年修订版）词表；未加★为四级词。
hypothetical,,,,cet4,official_syllabus_2016,2,全国大学英语四、六级考试大纲（2016年修订版）词表；未加★为四级词。
hysteria,,,,cet4,official_syllabus_2016,2,全国大学英语四、六级考试大纲（2016年修订版）词表；未加★为四级词。
ice,,,,cet4,official_syllabus_2016,2,全国大学英语四、六级考试大纲（2016年修订版）词表；未加★为四级词。
icy,,,,cet4,official_syllabus_2016,2,全国大学英语四、六级考试大纲（2016年修订版）词表；未加★为四级词。
idea,,,,cet4,official_syllabus_2016,2,全国大学英语四、六级考试大纲（2016年修订版）词表；未加★为四级词。
ideal,,,,cet4,official_syllabus_2016,2,全国大学英语四、六级考试大纲（2016年修订版）词表；未加★为四级词。
idealistic,,,,cet4,official_syllabus_2016,2,全国大学英语四、六级考试大纲（2016年修订版）词表；未加★为四级词。
idealism,,,,cet4,official_syllabus_2016,2,全国大学英语四、六级考试大纲（2016年修订版）词表；未加★为四级词。
identify,,,,cet4,official_syllabus_2016,2,全国大学英语四、六级考试大纲（2016年修订版）词表；未加★为四级词。
identification,,,,cet4,official_syllabus_2016,2,全国大学英语四、六级考试大纲（2016年修订版）词表；未加★为四级词。
identity,,,,cet4,official_syllabus_2016,2,全国大学英语四、六级考试大纲（2016年修订版）词表；未加★为四级词。
identical,,,,cet4,official_syllabus_2016,2,全国大学英语四、六级考试大纲（2016年修订版）词表；未加★为四级词。
ideological,,,,cet4,official_syllabus_2016,2,全国大学英语四、六级考试大纲（2016年修订版）词表；未加★为四级词。
idiom,,,,cet4,official_syllabus_2016,2,全国大学英语四、六级考试大纲（2016年修订版）词表；未加★为四级词。
idiomatic,,,,cet4,official_syllabus_2016,2,全国大学英语四、六级考试大纲（2016年修订版）词表；未加★为四级词。
idiotic,,,,cet4,official_syllabus_2016,2,全国大学英语四、六级考试大纲（2016年修订版）词表；未加★为四级词。
idle,,,,cet4,official_syllabus_2016,2,全国大学英语四、六级考试大纲（2016年修订版）词表；未加★为四级词。
idly,,,,cet4,official_syllabus_2016,2,全国大学英语四、六级考试大纲（2016年修订版）词表；未加★为四级词。
if,,,,cet4,official_syllabus_2016,2,全国大学英语四、六级考试大纲（2016年修订版）词表；未加★为四级词。
ignition,,,,cet4,official_syllabus_2016,2,全国大学英语四、六级考试大纲（2016年修订版）词表；未加★为四级词。
ignorant,,,,cet4,official_syllabus_2016,2,全国大学英语四、六级考试大纲（2016年修订版）词表；未加★为四级词。
ignorance,,,,cet4,official_syllabus_2016,2,全国大学英语四、六级考试大纲（2016年修订版）词表；未加★为四级词。
ignore,,,,cet4,official_syllabus_2016,2,全国大学英语四、六级考试大纲（2016年修订版）词表；未加★为四级词。
ill,,,,cet4,official_syllabus_2016,2,全国大学英语四、六级考试大纲（2016年修订版）词表；未加★为四级词。
illness,,,,cet4,official_syllabus_2016,2,全国大学英语四、六级考试大纲（2016年修订版）词表；未加★为四级词。
illegal,,,,cet4,official_syllabus_2016,2,全国大学英语四、六级考试大纲（2016年修订版）词表；未加★为四级词。
illiteracy,,,,cet4,official_syllabus_2016,2,全国大学英语四、六级考试大纲（2016年修订版）词表；未加★为四级词。
illumination,,,,cet4,official_syllabus_2016,2,全国大学英语四、六级考试大纲（2016年修订版）词表；未加★为四级词。
illusion,,,,cet4,official_syllabus_2016,2,全国大学英语四、六级考试大纲（2016年修订版）词表；未加★为四级词。
illusory,,,,cet4,official_syllabus_2016,2,全国大学英语四、六级考试大纲（2016年修订版）词表；未加★为四级词。
illustrate,,,,cet4,official_syllabus_2016,2,全国大学英语四、六级考试大纲（2016年修订版）词表；未加★为四级词。
illustration,,,,cet4,official_syllabus_2016,2,全国大学英语四、六级考试大纲（2016年修订版）词表；未加★为四级词。
illustrative,,,,cet4,official_syllabus_2016,2,全国大学英语四、六级考试大纲（2016年修订版）词表；未加★为四级词。
image,,,,cet4,official_syllabus_2016,2,全国大学英语四、六级考试大纲（2016年修订版）词表；未加★为四级词。
imaging,,,,cet4,official_syllabus_2016,2,全国大学英语四、六级考试大纲（2016年修订版）词表；未加★为四级词。
imagine,,,,cet4,official_syllabus_2016,2,全国大学英语四、六级考试大纲（2016年修订版）词表；未加★为四级词。
imagination,,,,cet4,official_syllabus_2016,2,全国大学英语四、六级考试大纲（2016年修订版）词表；未加★为四级词。
imaginative,,,,cet4,official_syllabus_2016,2,全国大学英语四、六级考试大纲（2016年修订版）词表；未加★为四级词。
imaginary,,,,cet4,official_syllabus_2016,2,全国大学英语四、六级考试大纲（2016年修订版）词表；未加★为四级词。
imitate,,,,cet4,official_syllabus_2016,2,全国大学英语四、六级考试大纲（2016年修订版）词表；未加★为四级词。
imitation,,,,cet4,official_syllabus_2016,2,全国大学英语四、六级考试大纲（2016年修订版）词表；未加★为四级词。
imitative,,,,cet4,official_syllabus_2016,2,全国大学英语四、六级考试大纲（2016年修订版）词表；未加★为四级词。
immediate,,,,cet4,official_syllabus_2016,2,全国大学英语四、六级考试大纲（2016年修订版）词表；未加★为四级词。
immediately,,,,cet4,official_syllabus_2016,2,全国大学英语四、六级考试大纲（2016年修订版）词表；未加★为四级词。
immense,,,,cet4,official_syllabus_2016,2,全国大学英语四、六级考试大纲（2016年修订版）词表；未加★为四级词。
immensely,,,,cet4,official_syllabus_2016,2,全国大学英语四、六级考试大纲（2016年修订版）词表；未加★为四级词。
immensity,,,,cet4,official_syllabus_2016,2,全国大学英语四、六级考试大纲（2016年修订版）词表；未加★为四级词。
immersion,,,,cet4,official_syllabus_2016,2,全国大学英语四、六级考试大纲（2016年修订版）词表；未加★为四级词。
immigrate,,,,cet4,official_syllabus_2016,2,全国大学英语四、六级考试大纲（2016年修订版）词表；未加★为四级词。
immigration,,,,cet4,official_syllabus_2016,2,全国大学英语四、六级考试大纲（2016年修订版）词表；未加★为四级词。
immigrant,,,,cet4,official_syllabus_2016,2,全国大学英语四、六级考试大纲（2016年修订版）词表；未加★为四级词。
immune,,,,cet4,official_syllabus_2016,2,全国大学英语四、六级考试大纲（2016年修订版）词表；未加★为四级词。
immunity,,,,cet4,official_syllabus_2016,2,全国大学英语四、六级考试大纲（2016年修订版）词表；未加★为四级词。
impact,,,,cet4,official_syllabus_2016,2,全国大学英语四、六级考试大纲（2016年修订版）词表；未加★为四级词。
impatient,,,,cet4,official_syllabus_2016,2,全国大学英语四、六级考试大纲（2016年修订版）词表；未加★为四级词。
impatience,,,,cet4,official_syllabus_2016,2,全国大学英语四、六级考试大纲（2016年修订版）词表；未加★为四级词。
imperial,,,,cet4,official_syllabus_2016,2,全国大学英语四、六级考试大纲（2016年修订版）词表；未加★为四级词。
imperialism,,,,cet4,official_syllabus_2016,2,全国大学英语四、六级考试大纲（2016年修订版）词表；未加★为四级词。
imperialist,,,,cet4,official_syllabus_2016,2,全国大学英语四、六级考试大纲（2016年修订版）词表；未加★为四级词。
implement,,,,cet4,official_syllabus_2016,2,全国大学英语四、六级考试大纲（2016年修订版）词表；未加★为四级词。
implementation,,,,cet4,official_syllabus_2016,2,全国大学英语四、六级考试大纲（2016年修订版）词表；未加★为四级词。
implicit,,,,cet4,official_syllabus_2016,2,全国大学英语四、六级考试大纲（2016年修订版）词表；未加★为四级词。
imply,,,,cet4,official_syllabus_2016,2,全国大学英语四、六级考试大纲（2016年修订版）词表；未加★为四级词。
implication,,,,cet4,official_syllabus_2016,2,全国大学英语四、六级考试大纲（2016年修订版）词表；未加★为四级词。
import,,,,cet4,official_syllabus_2016,2,全国大学英语四、六级考试大纲（2016年修订版）词表；未加★为四级词。
importation,,,,cet4,official_syllabus_2016,2,全国大学英语四、六级考试大纲（2016年修订版）词表；未加★为四级词。
important,,,,cet4,official_syllabus_2016,2,全国大学英语四、六级考试大纲（2016年修订版）词表；未加★为四级词。
importance,,,,cet4,official_syllabus_2016,2,全国大学英语四、六级考试大纲（2016年修订版）词表；未加★为四级词。
impose,,,,cet4,official_syllabus_2016,2,全国大学英语四、六级考试大纲（2016年修订版）词表；未加★为四级词。
imposition,,,,cet4,official_syllabus_2016,2,全国大学英语四、六级考试大纲（2016年修订版）词表；未加★为四级词。
imposing,,,,cet4,official_syllabus_2016,2,全国大学英语四、六级考试大纲（2016年修订版）词表；未加★为四级词。
impossible,,,,cet4,official_syllabus_2016,2,全国大学英语四、六级考试大纲（2016年修订版）词表；未加★为四级词。
impossibility,,,,cet4,official_syllabus_2016,2,全国大学英语四、六级考试大纲（2016年修订版）词表；未加★为四级词。
impress,,,,cet4,official_syllabus_2016,2,全国大学英语四、六级考试大纲（2016年修订版）词表；未加★为四级词。
impression,,,,cet4,official_syllabus_2016,2,全国大学英语四、六级考试大纲（2016年修订版）词表；未加★为四级词。
impressive,,,,cet4,official_syllabus_2016,2,全国大学英语四、六级考试大纲（2016年修订版）词表；未加★为四级词。
imprisonment,,,,cet4,official_syllabus_2016,2,全国大学英语四、六级考试大纲（2016年修订版）词表；未加★为四级词。
improve,,,,cet4,official_syllabus_2016,2,全国大学英语四、六级考试大纲（2016年修订版）词表；未加★为四级词。
improvement,,,,cet4,official_syllabus_2016,2,全国大学英语四、六级考试大纲（2016年修订版）词表；未加★为四级词。
impulse,,,,cet4,official_syllabus_2016,2,全国大学英语四、六级考试大纲（2016年修订版）词表；未加★为四级词。
impulsive,,,,cet4,official_syllabus_2016,2,全国大学英语四、六级考试大纲（2016年修订版）词表；未加★为四级词。
in,,,,cet4,official_syllabus_2016,2,全国大学英语四、六级考试大纲（2016年修订版）词表；未加★为四级词。
inauguration,,,,cet4,official_syllabus_2016,2,全国大学英语四、六级考试大纲（2016年修订版）词表；未加★为四级词。
incentive,,,,cet4,official_syllabus_2016,2,全国大学英语四、六级考试大纲（2016年修订版）词表；未加★为四级词。
inch,,,,cet4,official_syllabus_2016,2,全国大学英语四、六级考试大纲（2016年修订版）词表；未加★为四级词。
incidence,,,,cet4,official_syllabus_2016,2,全国大学英语四、六级考试大纲（2016年修订版）词表；未加★为四级词。
incident,,,,cet4,official_syllabus_2016,2,全国大学英语四、六级考试大纲（2016年修订版）词表；未加★为四级词。
incidental,,,,cet4,official_syllabus_2016,2,全国大学英语四、六级考试大纲（2016年修订版）词表；未加★为四级词。
incidentally,,,,cet4,official_syllabus_2016,2,全国大学英语四、六级考试大纲（2016年修订版）词表；未加★为四级词。
incline,,,,cet4,official_syllabus_2016,2,全国大学英语四、六级考试大纲（2016年修订版）词表；未加★为四级词。
inclined,,,,cet4,official_syllabus_2016,2,全国大学英语四、六级考试大纲（2016年修订版）词表；未加★为四级词。
inclination,,,,cet4,official_syllabus_2016,2,全国大学英语四、六级考试大纲（2016年修订版）词表；未加★为四级词。
include,,,,cet4,official_syllabus_2016,2,全国大学英语四、六级考试大纲（2016年修订版）词表；未加★为四级词。
inclusion,,,,cet4,official_syllabus_2016,2,全国大学英语四、六级考试大纲（2016年修订版）词表；未加★为四级词。
inclusive,,,,cet4,official_syllabus_2016,2,全国大学英语四、六级考试大纲（2016年修订版）词表；未加★为四级词。
including,,,,cet4,official_syllabus_2016,2,全国大学英语四、六级考试大纲（2016年修订版）词表；未加★为四级词。
income,,,,cet4,official_syllabus_2016,2,全国大学英语四、六级考试大纲（2016年修订版）词表；未加★为四级词。
incorporation,,,,cet4,official_syllabus_2016,2,全国大学英语四、六级考试大纲（2016年修订版）词表；未加★为四级词。
increase,,,,cet4,official_syllabus_2016,2,全国大学英语四、六级考试大纲（2016年修订版）词表；未加★为四级词。
increasingly,,,,cet4,official_syllabus_2016,2,全国大学英语四、六级考试大纲（2016年修订版）词表；未加★为四级词。
incredible,,,,cet4,official_syllabus_2016,2,全国大学英语四、六级考试大纲（2016年修订版）词表；未加★为四级词。
incredibly,,,,cet4,official_syllabus_2016,2,全国大学英语四、六级考试大纲（2016年修订版）词表；未加★为四级词。
indeed,,,,cet4,official_syllabus_2016,2,全国大学英语四、六级考试大纲（2016年修订版）词表；未加★为四级词。
independent,,,,cet4,official_syllabus_2016,2,全国大学英语四、六级考试大纲（2016年修订版）词表；未加★为四级词。
independence,,,,cet4,official_syllabus_2016,2,全国大学英语四、六级考试大纲（2016年修订版）词表；未加★为四级词。
index,,,,cet4,official_syllabus_2016,2,全国大学英语四、六级考试大纲（2016年修订版）词表；未加★为四级词。
indicate,,,,cet4,official_syllabus_2016,2,全国大学英语四、六级考试大纲（2016年修订版）词表；未加★为四级词。
indication,,,,cet4,official_syllabus_2016,2,全国大学英语四、六级考试大纲（2016年修订版）词表；未加★为四级词。
indicative,,,,cet4,official_syllabus_2016,2,全国大学英语四、六级考试大纲（2016年修订版）词表；未加★为四级词。
indicator,,,,cet4,official_syllabus_2016,2,全国大学英语四、六级考试大纲（2016年修订版）词表；未加★为四级词。
indictment,,,,cet4,official_syllabus_2016,2,全国大学英语四、六级考试大纲（2016年修订版）词表；未加★为四级词。
indifferent,,,,cet4,official_syllabus_2016,2,全国大学英语四、六级考试大纲（2016年修订版）词表；未加★为四级词。
indifference,,,,cet4,official_syllabus_2016,2,全国大学英语四、六级考试大纲（2016年修订版）词表；未加★为四级词。
indignation,,,,cet4,official_syllabus_2016,2,全国大学英语四、六级考试大纲（2016年修订版）词表；未加★为四级词。
indispensable,,,,cet4,official_syllabus_2016,2,全国大学英语四、六级考试大纲（2016年修订版）词表；未加★为四级词。
individual,,,,cet4,official_syllabus_2016,2,全国大学英语四、六级考试大纲（2016年修订版）词表；未加★为四级词。
individualism,,,,cet4,official_syllabus_2016,2,全国大学英语四、六级考试大纲（2016年修订版）词表；未加★为四级词。
indoor,,,,cet4,official_syllabus_2016,2,全国大学英语四、六级考试大纲（2016年修订版）词表；未加★为四级词。
indoors,,,,cet4,official_syllabus_2016,2,全国大学英语四、六级考试大纲（2016年修订版）词表；未加★为四级词。
induce,,,,cet4,official_syllabus_2016,2,全国大学英语四、六级考试大纲（2016年修订版）词表；未加★为四级词。
inducement,,,,cet4,official_syllabus_2016,2,全国大学英语四、六级考试大纲（2016年修订版）词表；未加★为四级词。
indulgence,,,,cet4,official_syllabus_2016,2,全国大学英语四、六级考试大纲（2016年修订版）词表；未加★为四级词。
indulgent,,,,cet4,official_syllabus_2016,2,全国大学英语四、六级考试大纲（2016年修订版）词表；未加★为四级词。
industry,,,,cet4,official_syllabus_2016,2,全国大学英语四、六级考试大纲（2016年修订版）词表；未加★为四级词。
industrial,,,,cet4,official_syllabus_2016,2,全国大学英语四、六级考试大纲（2016年修订版）词表；未加★为四级词。
industrious,,,,cet4,official_syllabus_2016,2,全国大学英语四、六级考试大纲（2016年修订版）词表；未加★为四级词。
inevitable,,,,cet4,official_syllabus_2016,2,全国大学英语四、六级考试大纲（2016年修订版）词表；未加★为四级词。
infant,,,,cet4,official_syllabus_2016,2,全国大学英语四、六级考试大纲（2016年修订版）词表；未加★为四级词。
infect,,,,cet4,official_syllabus_2016,2,全国大学英语四、六级考试大纲（2016年修订版）词表；未加★为四级词。
infection,,,,cet4,official_syllabus_2016,2,全国大学英语四、六级考试大纲（2016年修订版）词表；未加★为四级词。
infectious,,,,cet4,official_syllabus_2016,2,全国大学英语四、六级考试大纲（2016年修订版）词表；未加★为四级词。
infer,,,,cet4,official_syllabus_2016,2,全国大学英语四、六级考试大纲（2016年修订版）词表；未加★为四级词。
inference,,,,cet4,official_syllabus_2016,2,全国大学英语四、六级考试大纲（2016年修订版）词表；未加★为四级词。
inferior,,,,cet4,official_syllabus_2016,2,全国大学英语四、六级考试大纲（2016年修订版）词表；未加★为四级词。
inferiority,,,,cet4,official_syllabus_2016,2,全国大学英语四、六级考试大纲（2016年修订版）词表；未加★为四级词。
infinite,,,,cet4,official_syllabus_2016,2,全国大学英语四、六级考试大纲（2016年修订版）词表；未加★为四级词。
infinity,,,,cet4,official_syllabus_2016,2,全国大学英语四、六级考试大纲（2016年修订版）词表；未加★为四级词。
infinitive,,,,cet4,official_syllabus_2016,2,全国大学英语四、六级考试大纲（2016年修订版）词表；未加★为四级词。
inflate,,,,cet4,official_syllabus_2016,2,全国大学英语四、六级考试大纲（2016年修订版）词表；未加★为四级词。
inflation,,,,cet4,official_syllabus_2016,2,全国大学英语四、六级考试大纲（2016年修订版）词表；未加★为四级词。
infliction,,,,cet4,official_syllabus_2016,2,全国大学英语四、六级考试大纲（2016年修订版）词表；未加★为四级词。
influence,,,,cet4,official_syllabus_2016,2,全国大学英语四、六级考试大纲（2016年修订版）词表；未加★为四级词。
influential,,,,cet4,official_syllabus_2016,2,全国大学英语四、六级考试大纲（2016年修订版）词表；未加★为四级词。
influenza/flu,,,,cet4,official_syllabus_2016,2,全国大学英语四、六级考试大纲（2016年修订版）词表；未加★为四级词。
inform,,,,cet4,official_syllabus_2016,2,全国大学英语四、六级考试大纲（2016年修订版）词表；未加★为四级词。
information,,,,cet4,official_syllabus_2016,2,全国大学英语四、六级考试大纲（2016年修订版）词表；未加★为四级词。
informative,,,,cet4,official_syllabus_2016,2,全国大学英语四、六级考试大纲（2016年修订版）词表；未加★为四级词。
informant,,,,cet4,official_syllabus_2016,2,全国大学英语四、六级考试大纲（2016年修订版）词表；未加★为四级词。
infrastructure,,,,cet4,official_syllabus_2016,2,全国大学英语四、六级考试大纲（2016年修订版）词表；未加★为四级词。
infringement,,,,cet4,official_syllabus_2016,2,全国大学英语四、六级考试大纲（2016年修订版）词表；未加★为四级词。
ingenuity,,,,cet4,official_syllabus_2016,2,全国大学英语四、六级考试大纲（2016年修订版）词表；未加★为四级词。
ingredient,,,,cet4,official_syllabus_2016,2,全国大学英语四、六级考试大纲（2016年修订版）词表；未加★为四级词。
inhabit,,,,cet4,official_syllabus_2016,2,全国大学英语四、六级考试大纲（2016年修订版）词表；未加★为四级词。
inhabitant,,,,cet4,official_syllabus_2016,2,全国大学英语四、六级考试大纲（2016年修订版）词表；未加★为四级词。
inherit,,,,cet4,official_syllabus_2016,2,全国大学英语四、六级考试大纲（2016年修订版）词表；未加★为四级词。
inheritance,,,,cet4,official_syllabus_2016,2,全国大学英语四、六级考试大纲（2016年修订版）词表；未加★为四级词。
inhibition,,,,cet4,official_syllabus_2016,2,全国大学英语四、六级考试大纲（2016年修订版）词表；未加★为四级词。
initial,,,,cet4,official_syllabus_2016,2,全国大学英语四、六级考试大纲（2016年修订版）词表；未加★为四级词。
initially,,,,cet4,official_syllabus_2016,2,全国大学英语四、六级考试大纲（2016年修订版）词表；未加★为四级词。
initiate,,,,cet4,official_syllabus_2016,2,全国大学英语四、六级考试大纲（2016年修订版）词表；未加★为四级词。
initiation,,,,cet4,official_syllabus_2016,2,全国大学英语四、六级考试大纲（2016年修订版）词表；未加★为四级词。
initiative,,,,cet4,official_syllabus_2016,2,全国大学英语四、六级考试大纲（2016年修订版）词表；未加★为四级词。
injection,,,,cet4,official_syllabus_2016,2,全国大学英语四、六级考试大纲（2016年修订版）词表；未加★为四级词。
injure,,,,cet4,official_syllabus_2016,2,全国大学英语四、六级考试大纲（2016年修订版）词表；未加★为四级词。
injury,,,,cet4,official_syllabus_2016,2,全国大学英语四、六级考试大纲（2016年修订版）词表；未加★为四级词。
injurious,,,,cet4,official_syllabus_2016,2,全国大学英语四、六级考试大纲（2016年修订版）词表；未加★为四级词。
ink,,,,cet4,official_syllabus_2016,2,全国大学英语四、六级考试大纲（2016年修订版）词表；未加★为四级词。
inland,,,,cet4,official_syllabus_2016,2,全国大学英语四、六级考试大纲（2016年修订版）词表；未加★为四级词。
inn,,,,cet4,official_syllabus_2016,2,全国大学英语四、六级考试大纲（2016年修订版）词表；未加★为四级词。
inner,,,,cet4,official_syllabus_2016,2,全国大学英语四、六级考试大纲（2016年修订版）词表；未加★为四级词。
innocent,,,,cet4,official_syllabus_2016,2,全国大学英语四、六级考试大纲（2016年修订版）词表；未加★为四级词。
innocence,,,,cet4,official_syllabus_2016,2,全国大学英语四、六级考试大纲（2016年修订版）词表；未加★为四级词。
innovate,,,,cet4,official_syllabus_2016,2,全国大学英语四、六级考试大纲（2016年修订版）词表；未加★为四级词。
innovation,,,,cet4,official_syllabus_2016,2,全国大学英语四、六级考试大纲（2016年修订版）词表；未加★为四级词。
innovative,,,,cet4,official_syllabus_2016,2,全国大学英语四、六级考试大纲（2016年修订版）词表；未加★为四级词。
input,,,,cet4,official_syllabus_2016,2,全国大学英语四、六级考试大纲（2016年修订版）词表；未加★为四级词。
inquire/enquire,,,,cet4,official_syllabus_2016,2,全国大学英语四、六级考试大纲（2016年修订版）词表；未加★为四级词。
inquiry/enquiry inquisitive,,,,cet4,official_syllabus_2016,2,全国大学英语四、六级考试大纲（2016年修订版）词表；未加★为四级词。
insane,,,,cet4,official_syllabus_2016,2,全国大学英语四、六级考试大纲（2016年修订版）词表；未加★为四级词。
insanity,,,,cet4,official_syllabus_2016,2,全国大学英语四、六级考试大纲（2016年修订版）词表；未加★为四级词。
insect,,,,cet4,official_syllabus_2016,2,全国大学英语四、六级考试大纲（2016年修订版）词表；未加★为四级词。
insert,,,,cet4,official_syllabus_2016,2,全国大学英语四、六级考试大纲（2016年修订版）词表；未加★为四级词。
insertion,,,,cet4,official_syllabus_2016,2,全国大学英语四、六级考试大纲（2016年修订版）词表；未加★为四级词。
inside,,,,cet4,official_syllabus_2016,2,全国大学英语四、六级考试大纲（2016年修订版）词表；未加★为四级词。
insider,,,,cet4,official_syllabus_2016,2,全国大学英语四、六级考试大纲（2016年修订版）词表；未加★为四级词。
insight,,,,cet4,official_syllabus_2016,2,全国大学英语四、六级考试大纲（2016年修订版）词表；未加★为四级词。
insightful,,,,cet4,official_syllabus_2016,2,全国大学英语四、六级考试大纲（2016年修订版）词表；未加★为四级词。
insist,,,,cet4,official_syllabus_2016,2,全国大学英语四、六级考试大纲（2016年修订版）词表；未加★为四级词。
insistence,,,,cet4,official_syllabus_2016,2,全国大学英语四、六级考试大纲（2016年修订版）词表；未加★为四级词。
insistent,,,,cet4,official_syllabus_2016,2,全国大学英语四、六级考试大纲（2016年修订版）词表；未加★为四级词。
inspect,,,,cet4,official_syllabus_2016,2,全国大学英语四、六级考试大纲（2016年修订版）词表；未加★为四级词。
inspection,,,,cet4,official_syllabus_2016,2,全国大学英语四、六级考试大纲（2016年修订版）词表；未加★为四级词。
inspector,,,,cet4,official_syllabus_2016,2,全国大学英语四、六级考试大纲（2016年修订版）词表；未加★为四级词。
inspire,,,,cet4,official_syllabus_2016,2,全国大学英语四、六级考试大纲（2016年修订版）词表；未加★为四级词。
inspiration,,,,cet4,official_syllabus_2016,2,全国大学英语四、六级考试大纲（2016年修订版）词表；未加★为四级词。
inspirational,,,,cet4,official_syllabus_2016,2,全国大学英语四、六级考试大纲（2016年修订版）词表；未加★为四级词。
instal(l),,,,cet4,official_syllabus_2016,2,全国大学英语四、六级考试大纲（2016年修订版）词表；未加★为四级词。
instal(l)ation,,,,cet4,official_syllabus_2016,2,全国大学英语四、六级考试大纲（2016年修订版）词表；未加★为四级词。
instal(l)ment,,,,cet4,official_syllabus_2016,2,全国大学英语四、六级考试大纲（2016年修订版）词表；未加★为四级词。
instance,,,,cet4,official_syllabus_2016,2,全国大学英语四、六级考试大纲（2016年修订版）词表；未加★为四级词。
instant,,,,cet4,official_syllabus_2016,2,全国大学英语四、六级考试大纲（2016年修订版）词表；未加★为四级词。
instantaneous,,,,cet4,official_syllabus_2016,2,全国大学英语四、六级考试大纲（2016年修订版）词表；未加★为四级词。
instead,,,,cet4,official_syllabus_2016,2,全国大学英语四、六级考试大纲（2016年修订版）词表；未加★为四级词。
instinct,,,,cet4,official_syllabus_2016,2,全国大学英语四、六级考试大纲（2016年修订版）词表；未加★为四级词。
instinctive,,,,cet4,official_syllabus_2016,2,全国大学英语四、六级考试大纲（2016年修订版）词表；未加★为四级词。
institute,,,,cet4,official_syllabus_2016,2,全国大学英语四、六级考试大纲（2016年修订版）词表；未加★为四级词。
institution,,,,cet4,official_syllabus_2016,2,全国大学英语四、六级考试大纲（2016年修订版）词表；未加★为四级词。
institutional,,,,cet4,official_syllabus_2016,2,全国大学英语四、六级考试大纲（2016年修订版）词表；未加★为四级词。
instruct,,,,cet4,official_syllabus_2016,2,全国大学英语四、六级考试大纲（2016年修订版）词表；未加★为四级词。
instruction,,,,cet4,official_syllabus_2016,2,全国大学英语四、六级考试大纲（2016年修订版）词表；未加★为四级词。
instructor,,,,cet4,official_syllabus_2016,2,全国大学英语四、六级考试大纲（2016年修订版）词表；未加★为四级词。
instructive,,,,cet4,official_syllabus_2016,2,全国大学英语四、六级考试大纲（2016年修订版）词表；未加★为四级词。
instrument,,,,cet4,official_syllabus_2016,2,全国大学英语四、六级考试大纲（2016年修订版）词表；未加★为四级词。
instrumental,,,,cet4,official_syllabus_2016,2,全国大学英语四、六级考试大纲（2016年修订版）词表；未加★为四级词。
insulation,,,,cet4,official_syllabus_2016,2,全国大学英语四、六级考试大纲（2016年修订版）词表；未加★为四级词。
insulator,,,,cet4,official_syllabus_2016,2,全国大学英语四、六级考试大纲（2016年修订版）词表；未加★为四级词。
insult,,,,cet4,official_syllabus_2016,2,全国大学英语四、六级考试大纲（2016年修订版）词表；未加★为四级词。
insure/ensure,,,,cet4,official_syllabus_2016,2,全国大学英语四、六级考试大纲（2016年修订版）词表；未加★为四级词。
insurance,,,,cet4,official_syllabus_2016,2,全国大学英语四、六级考试大纲（2016年修订版）词表；未加★为四级词。
intact,,,,cet4,official_syllabus_2016,2,全国大学英语四、六级考试大纲（2016年修订版）词表；未加★为四级词。
intake,,,,cet4,official_syllabus_2016,2,全国大学英语四、六级考试大纲（2016年修订版）词表；未加★为四级词。
intangible,,,,cet4,official_syllabus_2016,2,全国大学英语四、六级考试大纲（2016年修订版）词表；未加★为四级词。
integrate,,,,cet4,official_syllabus_2016,2,全国大学英语四、六级考试大纲（2016年修订版）词表；未加★为四级词。
integration,,,,cet4,official_syllabus_2016,2,全国大学英语四、六级考试大纲（2016年修订版）词表；未加★为四级词。
integrity,,,,cet4,official_syllabus_2016,2,全国大学英语四、六级考试大纲（2016年修订版）词表；未加★为四级词。
intellectual,,,,cet4,official_syllabus_2016,2,全国大学英语四、六级考试大纲（2016年修订版）词表；未加★为四级词。
intelligent,,,,cet4,official_syllabus_2016,2,全国大学英语四、六级考试大纲（2016年修订版）词表；未加★为四级词。
intelligence,,,,cet4,official_syllabus_2016,2,全国大学英语四、六级考试大纲（2016年修订版）词表；未加★为四级词。
intend,,,,cet4,official_syllabus_2016,2,全国大学英语四、六级考试大纲（2016年修订版）词表；未加★为四级词。
intention,,,,cet4,official_syllabus_2016,2,全国大学英语四、六级考试大纲（2016年修订版）词表；未加★为四级词。
intent,,,,cet4,official_syllabus_2016,2,全国大学英语四、六级考试大纲（2016年修订版）词表；未加★为四级词。
intentional,,,,cet4,official_syllabus_2016,2,全国大学英语四、六级考试大纲（2016年修订版）词表；未加★为四级词。
intense,,,,cet4,official_syllabus_2016,2,全国大学英语四、六级考试大纲（2016年修订版）词表；未加★为四级词。
intensity,,,,cet4,official_syllabus_2016,2,全国大学英语四、六级考试大纲（2016年修订版）词表；未加★为四级词。
intensify,,,,cet4,official_syllabus_2016,2,全国大学英语四、六级考试大纲（2016年修订版）词表；未加★为四级词。
intensive,,,,cet4,official_syllabus_2016,2,全国大学英语四、六级考试大纲（2016年修订版）词表；未加★为四级词。
interact,,,,cet4,official_syllabus_2016,2,全国大学英语四、六级考试大纲（2016年修订版）词表；未加★为四级词。
interaction,,,,cet4,official_syllabus_2016,2,全国大学英语四、六级考试大纲（2016年修订版）词表；未加★为四级词。
interactive,,,,cet4,official_syllabus_2016,2,全国大学英语四、六级考试大纲（2016年修订版）词表；未加★为四级词。
interest,,,,cet4,official_syllabus_2016,2,全国大学英语四、六级考试大纲（2016年修订版）词表；未加★为四级词。
interesting,,,,cet4,official_syllabus_2016,2,全国大学英语四、六级考试大纲（2016年修订版）词表；未加★为四级词。
interested,,,,cet4,official_syllabus_2016,2,全国大学英语四、六级考试大纲（2016年修订版）词表；未加★为四级词。
interfere,,,,cet4,official_syllabus_2016,2,全国大学英语四、六级考试大纲（2016年修订版）词表；未加★为四级词。
interference,,,,cet4,official_syllabus_2016,2,全国大学英语四、六级考试大纲（2016年修订版）词表；未加★为四级词。
interior,,,,cet4,official_syllabus_2016,2,全国大学英语四、六级考试大纲（2016年修订版）词表；未加★为四级词。
intermediate,,,,cet4,official_syllabus_2016,2,全国大学英语四、六级考试大纲（2016年修订版）词表；未加★为四级词。
intermediary,,,,cet4,official_syllabus_2016,2,全国大学英语四、六级考试大纲（2016年修订版）词表；未加★为四级词。
internal,,,,cet4,official_syllabus_2016,2,全国大学英语四、六级考试大纲（2016年修订版）词表；未加★为四级词。
international,,,,cet4,official_syllabus_2016,2,全国大学英语四、六级考试大纲（2016年修订版）词表；未加★为四级词。
Internet/internet,,,,cet4,official_syllabus_2016,2,全国大学英语四、六级考试大纲（2016年修订版）词表；未加★为四级词。
interpret,,,,cet4,official_syllabus_2016,2,全国大学英语四、六级考试大纲（2016年修订版）词表；未加★为四级词。
interpretation,,,,cet4,official_syllabus_2016,2,全国大学英语四、六级考试大纲（2016年修订版）词表；未加★为四级词。
interpreter,,,,cet4,official_syllabus_2016,2,全国大学英语四、六级考试大纲（2016年修订版）词表；未加★为四级词。
interrogation,,,,cet4,official_syllabus_2016,2,全国大学英语四、六级考试大纲（2016年修订版）词表；未加★为四级词。
interrupt,,,,cet4,official_syllabus_2016,2,全国大学英语四、六级考试大纲（2016年修订版）词表；未加★为四级词。
interruption,,,,cet4,official_syllabus_2016,2,全国大学英语四、六级考试大纲（2016年修订版）词表；未加★为四级词。
interval,,,,cet4,official_syllabus_2016,2,全国大学英语四、六级考试大纲（2016年修订版）词表；未加★为四级词。
intervention,,,,cet4,official_syllabus_2016,2,全国大学英语四、六级考试大纲（2016年修订版）词表；未加★为四级词。
interview,,,,cet4,official_syllabus_2016,2,全国大学英语四、六级考试大纲（2016年修订版）词表；未加★为四级词。
interviewer,,,,cet4,official_syllabus_2016,2,全国大学英语四、六级考试大纲（2016年修订版）词表；未加★为四级词。
interviewee,,,,cet4,official_syllabus_2016,2,全国大学英语四、六级考试大纲（2016年修订版）词表；未加★为四级词。
intimate,,,,cet4,official_syllabus_2016,2,全国大学英语四、六级考试大纲（2016年修订版）词表；未加★为四级词。
intimacy,,,,cet4,official_syllabus_2016,2,全国大学英语四、六级考试大纲（2016年修订版）词表；未加★为四级词。
intimidation,,,,cet4,official_syllabus_2016,2,全国大学英语四、六级考试大纲（2016年修订版）词表；未加★为四级词。
into,,,,cet4,official_syllabus_2016,2,全国大学英语四、六级考试大纲（2016年修订版）词表；未加★为四级词。
intricacy,,,,cet4,official_syllabus_2016,2,全国大学英语四、六级考试大纲（2016年修订版）词表；未加★为四级词。
intrinsically,,,,cet4,official_syllabus_2016,2,全国大学英语四、六级考试大纲（2016年修订版）词表；未加★为四级词。
introduce,,,,cet4,official_syllabus_2016,2,全国大学英语四、六级考试大纲（2016年修订版）词表；未加★为四级词。
introduction,,,,cet4,official_syllabus_2016,2,全国大学英语四、六级考试大纲（2016年修订版）词表；未加★为四级词。
introductory,,,,cet4,official_syllabus_2016,2,全国大学英语四、六级考试大纲（2016年修订版）词表；未加★为四级词。
intrude,,,,cet4,official_syllabus_2016,2,全国大学英语四、六级考试大纲（2016年修订版）词表；未加★为四级词。
intrusion,,,,cet4,official_syllabus_2016,2,全国大学英语四、六级考试大纲（2016年修订版）词表；未加★为四级词。
intruder,,,,cet4,official_syllabus_2016,2,全国大学英语四、六级考试大纲（2016年修订版）词表；未加★为四级词。
intuitive,,,,cet4,official_syllabus_2016,2,全国大学英语四、六级考试大纲（2016年修订版）词表；未加★为四级词。
invade,,,,cet4,official_syllabus_2016,2,全国大学英语四、六级考试大纲（2016年修订版）词表；未加★为四级词。
invasion,,,,cet4,official_syllabus_2016,2,全国大学英语四、六级考试大纲（2016年修订版）词表；未加★为四级词。
invader,,,,cet4,official_syllabus_2016,2,全国大学英语四、六级考试大纲（2016年修订版）词表；未加★为四级词。
invasive,,,,cet4,official_syllabus_2016,2,全国大学英语四、六级考试大纲（2016年修订版）词表；未加★为四级词。
invalid,,,,cet4,official_syllabus_2016,2,全国大学英语四、六级考试大纲（2016年修订版）词表；未加★为四级词。
invaluable,,,,cet4,official_syllabus_2016,2,全国大学英语四、六级考试大纲（2016年修订版）词表；未加★为四级词。
invariably,,,,cet4,official_syllabus_2016,2,全国大学英语四、六级考试大纲（2016年修订版）词表；未加★为四级词。
invent,,,,cet4,official_syllabus_2016,2,全国大学英语四、六级考试大纲（2016年修订版）词表；未加★为四级词。
invention,,,,cet4,official_syllabus_2016,2,全国大学英语四、六级考试大纲（2016年修订版）词表；未加★为四级词。
inventor,,,,cet4,official_syllabus_2016,2,全国大学英语四、六级考试大纲（2016年修订版）词表；未加★为四级词。
inversion,,,,cet4,official_syllabus_2016,2,全国大学英语四、六级考试大纲（2016年修订版）词表；未加★为四级词。
invest,,,,cet4,official_syllabus_2016,2,全国大学英语四、六级考试大纲（2016年修订版）词表；未加★为四级词。
investment,,,,cet4,official_syllabus_2016,2,全国大学英语四、六级考试大纲（2016年修订版）词表；未加★为四级词。
investor,,,,cet4,official_syllabus_2016,2,全国大学英语四、六级考试大纲（2016年修订版）词表；未加★为四级词。
investigate,,,,cet4,official_syllabus_2016,2,全国大学英语四、六级考试大纲（2016年修订版）词表；未加★为四级词。
investigation,,,,cet4,official_syllabus_2016,2,全国大学英语四、六级考试大纲（2016年修订版）词表；未加★为四级词。
investigator,,,,cet4,official_syllabus_2016,2,全国大学英语四、六级考试大纲（2016年修订版）词表；未加★为四级词。
invisible,,,,cet4,official_syllabus_2016,2,全国大学英语四、六级考试大纲（2016年修订版）词表；未加★为四级词。
invite,,,,cet4,official_syllabus_2016,2,全国大学英语四、六级考试大纲（2016年修订版）词表；未加★为四级词。
invitation,,,,cet4,official_syllabus_2016,2,全国大学英语四、六级考试大纲（2016年修订版）词表；未加★为四级词。
inviting,,,,cet4,official_syllabus_2016,2,全国大学英语四、六级考试大纲（2016年修订版）词表；未加★为四级词。
involve,,,,cet4,official_syllabus_2016,2,全国大学英语四、六级考试大纲（2016年修订版）词表；未加★为四级词。
involvement,,,,cet4,official_syllabus_2016,2,全国大学英语四、六级考试大纲（2016年修订版）词表；未加★为四级词。
involved,,,,cet4,official_syllabus_2016,2,全国大学英语四、六级考试大纲（2016年修订版）词表；未加★为四级词。
inward,,,,cet4,official_syllabus_2016,2,全国大学英语四、六级考试大纲（2016年修订版）词表；未加★为四级词。
iron,,,,cet4,official_syllabus_2016,2,全国大学英语四、六级考试大纲（2016年修订版）词表；未加★为四级词。
irony,,,,cet4,official_syllabus_2016,2,全国大学英语四、六级考试大纲（2016年修订版）词表；未加★为四级词。
ironic(al),,,,cet4,official_syllabus_2016,2,全国大学英语四、六级考试大纲（2016年修订版）词表；未加★为四级词。
ironically,,,,cet4,official_syllabus_2016,2,全国大学英语四、六级考试大纲（2016年修订版）词表；未加★为四级词。
irrational,,,,cet4,official_syllabus_2016,2,全国大学英语四、六级考试大纲（2016年修订版）词表；未加★为四级词。
irregular,,,,cet4,official_syllabus_2016,2,全国大学英语四、六级考试大纲（2016年修订版）词表；未加★为四级词。
irrigate,,,,cet4,official_syllabus_2016,2,全国大学英语四、六级考试大纲（2016年修订版）词表；未加★为四级词。
irrigation,,,,cet4,official_syllabus_2016,2,全国大学英语四、六级考试大纲（2016年修订版）词表；未加★为四级词。
irritation,,,,cet4,official_syllabus_2016,2,全国大学英语四、六级考试大纲（2016年修订版）词表；未加★为四级词。
irritating,,,,cet4,official_syllabus_2016,2,全国大学英语四、六级考试大纲（2016年修订版）词表；未加★为四级词。
irritable,,,,cet4,official_syllabus_2016,2,全国大学英语四、六级考试大纲（2016年修订版）词表；未加★为四级词。
island,,,,cet4,official_syllabus_2016,2,全国大学英语四、六级考试大纲（2016年修订版）词表；未加★为四级词。
isolate,,,,cet4,official_syllabus_2016,2,全国大学英语四、六级考试大纲（2016年修订版）词表；未加★为四级词。
isolation,,,,cet4,official_syllabus_2016,2,全国大学英语四、六级考试大纲（2016年修订版）词表；未加★为四级词。
issue,,,,cet4,official_syllabus_2016,2,全国大学英语四、六级考试大纲（2016年修订版）词表；未加★为四级词。
it,,,,cet4,official_syllabus_2016,2,全国大学英语四、六级考试大纲（2016年修订版）词表；未加★为四级词。
item,,,,cet4,official_syllabus_2016,2,全国大学英语四、六级考试大纲（2016年修订版）词表；未加★为四级词。
its,,,,cet4,official_syllabus_2016,2,全国大学英语四、六级考试大纲（2016年修订版）词表；未加★为四级词。
itself,,,,cet4,official_syllabus_2016,2,全国大学英语四、六级考试大纲（2016年修订版）词表；未加★为四级词。
jacket,,,,cet4,official_syllabus_2016,2,全国大学英语四、六级考试大纲（2016年修订版）词表；未加★为四级词。
jail/gaol,,,,cet4,official_syllabus_2016,2,全国大学英语四、六级考试大纲（2016年修订版）词表；未加★为四级词。
jam,,,,cet4,official_syllabus_2016,2,全国大学英语四、六级考试大纲（2016年修订版）词表；未加★为四级词。
January,,,,cet4,official_syllabus_2016,2,全国大学英语四、六级考试大纲（2016年修订版）词表；未加★为四级词。
jar,,,,cet4,official_syllabus_2016,2,全国大学英语四、六级考试大纲（2016年修订版）词表；未加★为四级词。
jaw,,,,cet4,official_syllabus_2016,2,全国大学英语四、六级考试大纲（2016年修订版）词表；未加★为四级词。
jazz,,,,cet4,official_syllabus_2016,2,全国大学英语四、六级考试大纲（2016年修订版）词表；未加★为四级词。
jealous,,,,cet4,official_syllabus_2016,2,全国大学英语四、六级考试大纲（2016年修订版）词表；未加★为四级词。
jealousy,,,,cet4,official_syllabus_2016,2,全国大学英语四、六级考试大纲（2016年修订版）词表；未加★为四级词。
jeans,,,,cet4,official_syllabus_2016,2,全国大学英语四、六级考试大纲（2016年修订版）词表；未加★为四级词。
jeep,,,,cet4,official_syllabus_2016,2,全国大学英语四、六级考试大纲（2016年修订版）词表；未加★为四级词。
jeopardy,,,,cet4,official_syllabus_2016,2,全国大学英语四、六级考试大纲（2016年修订版）词表；未加★为四级词。
jet,,,,cet4,official_syllabus_2016,2,全国大学英语四、六级考试大纲（2016年修订版）词表；未加★为四级词。
jetlag,,,,cet4,official_syllabus_2016,2,全国大学英语四、六级考试大纲（2016年修订版）词表；未加★为四级词。
jewel,,,,cet4,official_syllabus_2016,2,全国大学英语四、六级考试大纲（2016年修订版）词表；未加★为四级词。
jewel(l)ery,,,,cet4,official_syllabus_2016,2,全国大学英语四、六级考试大纲（2016年修订版）词表；未加★为四级词。
job,,,,cet4,official_syllabus_2016,2,全国大学英语四、六级考试大纲（2016年修订版）词表；未加★为四级词。
jog,,,,cet4,official_syllabus_2016,2,全国大学英语四、六级考试大纲（2016年修订版）词表；未加★为四级词。
join,,,,cet4,official_syllabus_2016,2,全国大学英语四、六级考试大纲（2016年修订版）词表；未加★为四级词。
joint,,,,cet4,official_syllabus_2016,2,全国大学英语四、六级考试大纲（2016年修订版）词表；未加★为四级词。
joke,,,,cet4,official_syllabus_2016,2,全国大学英语四、六级考试大纲（2016年修订版）词表；未加★为四级词。
journal,,,,cet4,official_syllabus_2016,2,全国大学英语四、六级考试大纲（2016年修订版）词表；未加★为四级词。
journalism,,,,cet4,official_syllabus_2016,2,全国大学英语四、六级考试大纲（2016年修订版）词表；未加★为四级词。
journalist,,,,cet4,official_syllabus_2016,2,全国大学英语四、六级考试大纲（2016年修订版）词表；未加★为四级词。
journey,,,,cet4,official_syllabus_2016,2,全国大学英语四、六级考试大纲（2016年修订版）词表；未加★为四级词。
joy,,,,cet4,official_syllabus_2016,2,全国大学英语四、六级考试大纲（2016年修订版）词表；未加★为四级词。
joyous,,,,cet4,official_syllabus_2016,2,全国大学英语四、六级考试大纲（2016年修订版）词表；未加★为四级词。
joyful,,,,cet4,official_syllabus_2016,2,全国大学英语四、六级考试大纲（2016年修订版）词表；未加★为四级词。
judge,,,,cet4,official_syllabus_2016,2,全国大学英语四、六级考试大纲（2016年修订版）词表；未加★为四级词。
judg(e)ment,,,,cet4,official_syllabus_2016,2,全国大学英语四、六级考试大纲（2016年修订版）词表；未加★为四级词。
juice,,,,cet4,official_syllabus_2016,2,全国大学英语四、六级考试大纲（2016年修订版）词表；未加★为四级词。
juicy,,,,cet4,official_syllabus_2016,2,全国大学英语四、六级考试大纲（2016年修订版）词表；未加★为四级词。
July,,,,cet4,official_syllabus_2016,2,全国大学英语四、六级考试大纲（2016年修订版）词表；未加★为四级词。
jump,,,,cet4,official_syllabus_2016,2,全国大学英语四、六级考试大纲（2016年修订版）词表；未加★为四级词。
June,,,,cet4,official_syllabus_2016,2,全国大学英语四、六级考试大纲（2016年修订版）词表；未加★为四级词。
jungle,,,,cet4,official_syllabus_2016,2,全国大学英语四、六级考试大纲（2016年修订版）词表；未加★为四级词。
junior,,,,cet4,official_syllabus_2016,2,全国大学英语四、六级考试大纲（2016年修订版）词表；未加★为四级词。
junk,,,,cet4,official_syllabus_2016,2,全国大学英语四、六级考试大纲（2016年修订版）词表；未加★为四级词。
jury,,,,cet4,official_syllabus_2016,2,全国大学英语四、六级考试大纲（2016年修订版）词表；未加★为四级词。
juror,,,,cet4,official_syllabus_2016,2,全国大学英语四、六级考试大纲（2016年修订版）词表；未加★为四级词。
just,,,,cet4,official_syllabus_2016,2,全国大学英语四、六级考试大纲（2016年修订版）词表；未加★为四级词。
justice,,,,cet4,official_syllabus_2016,2,全国大学英语四、六级考试大纲（2016年修订版）词表；未加★为四级词。
justify,,,,cet4,official_syllabus_2016,2,全国大学英语四、六级考试大纲（2016年修订版）词表；未加★为四级词。
justification,,,,cet4,official_syllabus_2016,2,全国大学英语四、六级考试大纲（2016年修订版）词表；未加★为四级词。
keen,,,,cet4,official_syllabus_2016,2,全国大学英语四、六级考试大纲（2016年修订版）词表；未加★为四级词。
keep,,,,cet4,official_syllabus_2016,2,全国大学英语四、六级考试大纲（2016年修订版）词表；未加★为四级词。
kettle,,,,cet4,official_syllabus_2016,2,全国大学英语四、六级考试大纲（2016年修订版）词表；未加★为四级词。
key,,,,cet4,official_syllabus_2016,2,全国大学英语四、六级考试大纲（2016年修订版）词表；未加★为四级词。
keyboard,,,,cet4,official_syllabus_2016,2,全国大学英语四、六级考试大纲（2016年修订版）词表；未加★为四级词。
kick,,,,cet4,official_syllabus_2016,2,全国大学英语四、六级考试大纲（2016年修订版）词表；未加★为四级词。
kid,,,,cet4,official_syllabus_2016,2,全国大学英语四、六级考试大纲（2016年修订版）词表；未加★为四级词。
kill,,,,cet4,official_syllabus_2016,2,全国大学英语四、六级考试大纲（2016年修订版）词表；未加★为四级词。
kilogram(me)/kilo,,,,cet4,official_syllabus_2016,2,全国大学英语四、六级考试大纲（2016年修订版）词表；未加★为四级词。
kin,,,,cet4,official_syllabus_2016,2,全国大学英语四、六级考试大纲（2016年修订版）词表；未加★为四级词。
kind,,,,cet4,official_syllabus_2016,2,全国大学英语四、六级考试大纲（2016年修订版）词表；未加★为四级词。
kindness,,,,cet4,official_syllabus_2016,2,全国大学英语四、六级考试大纲（2016年修订版）词表；未加★为四级词。
kindergarten,,,,cet4,official_syllabus_2016,2,全国大学英语四、六级考试大纲（2016年修订版）词表；未加★为四级词。
king,,,,cet4,official_syllabus_2016,2,全国大学英语四、六级考试大纲（2016年修订版）词表；未加★为四级词。
kingdom,,,,cet4,official_syllabus_2016,2,全国大学英语四、六级考试大纲（2016年修订版）词表；未加★为四级词。
kiss,,,,cet4,official_syllabus_2016,2,全国大学英语四、六级考试大纲（2016年修订版）词表；未加★为四级词。
kit,,,,cet4,official_syllabus_2016,2,全国大学英语四、六级考试大纲（2016年修订版）词表；未加★为四级词。
kitchen,,,,cet4,official_syllabus_2016,2,全国大学英语四、六级考试大纲（2016年修订版）词表；未加★为四级词。
kite,,,,cet4,official_syllabus_2016,2,全国大学英语四、六级考试大纲（2016年修订版）词表；未加★为四级词。
knee,,,,cet4,official_syllabus_2016,2,全国大学英语四、六级考试大纲（2016年修订版）词表；未加★为四级词。
kneel,,,,cet4,official_syllabus_2016,2,全国大学英语四、六级考试大纲（2016年修订版）词表；未加★为四级词。
knife,,,,cet4,official_syllabus_2016,2,全国大学英语四、六级考试大纲（2016年修订版）词表；未加★为四级词。
knit,,,,cet4,official_syllabus_2016,2,全国大学英语四、六级考试大纲（2016年修订版）词表；未加★为四级词。
knock,,,,cet4,official_syllabus_2016,2,全国大学英语四、六级考试大纲（2016年修订版）词表；未加★为四级词。
knot,,,,cet4,official_syllabus_2016,2,全国大学英语四、六级考试大纲（2016年修订版）词表；未加★为四级词。
knotty,,,,cet4,official_syllabus_2016,2,全国大学英语四、六级考试大纲（2016年修订版）词表；未加★为四级词。
know,,,,cet4,official_syllabus_2016,2,全国大学英语四、六级考试大纲（2016年修订版）词表；未加★为四级词。
knowledge,,,,cet4,official_syllabus_2016,2,全国大学英语四、六级考试大纲（2016年修订版）词表；未加★为四级词。
knowledgeable,,,,cet4,official_syllabus_2016,2,全国大学英语四、六级考试大纲（2016年修订版）词表；未加★为四级词。
knowhow,,,,cet4,official_syllabus_2016,2,全国大学英语四、六级考试大纲（2016年修订版）词表；未加★为四级词。
label,,,,cet4,official_syllabus_2016,2,全国大学英语四、六级考试大纲（2016年修订版）词表；未加★为四级词。
labo(u)r,,,,cet4,official_syllabus_2016,2,全国大学英语四、六级考试大纲（2016年修订版）词表；未加★为四级词。
laborious,,,,cet4,official_syllabus_2016,2,全国大学英语四、六级考试大纲（2016年修订版）词表；未加★为四级词。
laboratory/lab,,,,cet4,official_syllabus_2016,2,全国大学英语四、六级考试大纲（2016年修订版）词表；未加★为四级词。
lace,,,,cet4,official_syllabus_2016,2,全国大学英语四、六级考试大纲（2016年修订版）词表；未加★为四级词。
lack,,,,cet4,official_syllabus_2016,2,全国大学英语四、六级考试大纲（2016年修订版）词表；未加★为四级词。
ladder,,,,cet4,official_syllabus_2016,2,全国大学英语四、六级考试大纲（2016年修订版）词表；未加★为四级词。
lady,,,,cet4,official_syllabus_2016,2,全国大学英语四、六级考试大纲（2016年修订版）词表；未加★为四级词。
lag,,,,cet4,official_syllabus_2016,2,全国大学英语四、六级考试大纲（2016年修订版）词表；未加★为四级词。
lake,,,,cet4,official_syllabus_2016,2,全国大学英语四、六级考试大纲（2016年修订版）词表；未加★为四级词。
lamb,,,,cet4,official_syllabus_2016,2,全国大学英语四、六级考试大纲（2016年修订版）词表；未加★为四级词。
lame,,,,cet4,official_syllabus_2016,2,全国大学英语四、六级考试大纲（2016年修订版）词表；未加★为四级词。
lamp,,,,cet4,official_syllabus_2016,2,全国大学英语四、六级考试大纲（2016年修订版）词表；未加★为四级词。
land,,,,cet4,official_syllabus_2016,2,全国大学英语四、六级考试大纲（2016年修订版）词表；未加★为四级词。
landing,,,,cet4,official_syllabus_2016,2,全国大学英语四、六级考试大纲（2016年修订版）词表；未加★为四级词。
landlord/landlady,,,,cet4,official_syllabus_2016,2,全国大学英语四、六级考试大纲（2016年修订版）词表；未加★为四级词。
landscape,,,,cet4,official_syllabus_2016,2,全国大学英语四、六级考试大纲（2016年修订版）词表；未加★为四级词。
lane,,,,cet4,official_syllabus_2016,2,全国大学英语四、六级考试大纲（2016年修订版）词表；未加★为四级词。
language,,,,cet4,official_syllabus_2016,2,全国大学英语四、六级考试大纲（2016年修订版）词表；未加★为四级词。
lap,,,,cet4,official_syllabus_2016,2,全国大学英语四、六级考试大纲（2016年修订版）词表；未加★为四级词。
laptop,,,,cet4,official_syllabus_2016,2,全国大学英语四、六级考试大纲（2016年修订版）词表；未加★为四级词。
large,,,,cet4,official_syllabus_2016,2,全国大学英语四、六级考试大纲（2016年修订版）词表；未加★为四级词。
largely,,,,cet4,official_syllabus_2016,2,全国大学英语四、六级考试大纲（2016年修订版）词表；未加★为四级词。
laser,,,,cet4,official_syllabus_2016,2,全国大学英语四、六级考试大纲（2016年修订版）词表；未加★为四级词。
lass,,,,cet4,official_syllabus_2016,2,全国大学英语四、六级考试大纲（2016年修订版）词表；未加★为四级词。
last,,,,cet4,official_syllabus_2016,2,全国大学英语四、六级考试大纲（2016年修订版）词表；未加★为四级词。
lastly,,,,cet4,official_syllabus_2016,2,全国大学英语四、六级考试大纲（2016年修订版）词表；未加★为四级词。
late,,,,cet4,official_syllabus_2016,2,全国大学英语四、六级考试大纲（2016年修订版）词表；未加★为四级词。
later,,,,cet4,official_syllabus_2016,2,全国大学英语四、六级考试大纲（2016年修订版）词表；未加★为四级词。
lately,,,,cet4,official_syllabus_2016,2,全国大学英语四、六级考试大纲（2016年修订版）词表；未加★为四级词。
latter,,,,cet4,official_syllabus_2016,2,全国大学英语四、六级考试大纲（2016年修订版）词表；未加★为四级词。
laugh,,,,cet4,official_syllabus_2016,2,全国大学英语四、六级考试大纲（2016年修订版）词表；未加★为四级词。
laughter,,,,cet4,official_syllabus_2016,2,全国大学英语四、六级考试大纲（2016年修订版）词表；未加★为四级词。
launch,,,,cet4,official_syllabus_2016,2,全国大学英语四、六级考试大纲（2016年修订版）词表；未加★为四级词。
laundry,,,,cet4,official_syllabus_2016,2,全国大学英语四、六级考试大纲（2016年修订版）词表；未加★为四级词。
lavatory,,,,cet4,official_syllabus_2016,2,全国大学英语四、六级考试大纲（2016年修订版）词表；未加★为四级词。
law,,,,cet4,official_syllabus_2016,2,全国大学英语四、六级考试大纲（2016年修订版）词表；未加★为四级词。
lawful,,,,cet4,official_syllabus_2016,2,全国大学英语四、六级考试大纲（2016年修订版）词表；未加★为四级词。
lawn,,,,cet4,official_syllabus_2016,2,全国大学英语四、六级考试大纲（2016年修订版）词表；未加★为四级词。
lawyer,,,,cet4,official_syllabus_2016,2,全国大学英语四、六级考试大纲（2016年修订版）词表；未加★为四级词。
lay,,,,cet4,official_syllabus_2016,2,全国大学英语四、六级考试大纲（2016年修订版）词表；未加★为四级词。
layer,,,,cet4,official_syllabus_2016,2,全国大学英语四、六级考试大纲（2016年修订版）词表；未加★为四级词。
layoff,,,,cet4,official_syllabus_2016,2,全国大学英语四、六级考试大纲（2016年修订版）词表；未加★为四级词。
layout,,,,cet4,official_syllabus_2016,2,全国大学英语四、六级考试大纲（2016年修订版）词表；未加★为四级词。
lazy,,,,cet4,official_syllabus_2016,2,全国大学英语四、六级考试大纲（2016年修订版）词表；未加★为四级词。
laziness,,,,cet4,official_syllabus_2016,2,全国大学英语四、六级考试大纲（2016年修订版）词表；未加★为四级词。
lead,,,,cet4,official_syllabus_2016,2,全国大学英语四、六级考试大纲（2016年修订版）词表；未加★为四级词。
leader,,,,cet4,official_syllabus_2016,2,全国大学英语四、六级考试大纲（2016年修订版）词表；未加★为四级词。
leadership,,,,cet4,official_syllabus_2016,2,全国大学英语四、六级考试大纲（2016年修订版）词表；未加★为四级词。
leading,,,,cet4,official_syllabus_2016,2,全国大学英语四、六级考试大纲（2016年修订版）词表；未加★为四级词。
leaf,,,,cet4,official_syllabus_2016,2,全国大学英语四、六级考试大纲（2016年修订版）词表；未加★为四级词。
league,,,,cet4,official_syllabus_2016,2,全国大学英语四、六级考试大纲（2016年修订版）词表；未加★为四级词。
leak,,,,cet4,official_syllabus_2016,2,全国大学英语四、六级考试大纲（2016年修订版）词表；未加★为四级词。
lean,,,,cet4,official_syllabus_2016,2,全国大学英语四、六级考试大纲（2016年修订版）词表；未加★为四级词。
leap,,,,cet4,official_syllabus_2016,2,全国大学英语四、六级考试大纲（2016年修订版）词表；未加★为四级词。
learn,,,,cet4,official_syllabus_2016,2,全国大学英语四、六级考试大纲（2016年修订版）词表；未加★为四级词。
learned,,,,cet4,official_syllabus_2016,2,全国大学英语四、六级考试大纲（2016年修订版）词表；未加★为四级词。
learning,,,,cet4,official_syllabus_2016,2,全国大学英语四、六级考试大纲（2016年修订版）词表；未加★为四级词。
learner,,,,cet4,official_syllabus_2016,2,全国大学英语四、六级考试大纲（2016年修订版）词表；未加★为四级词。
lease,,,,cet4,official_syllabus_2016,2,全国大学英语四、六级考试大纲（2016年修订版）词表；未加★为四级词。
least,,,,cet4,official_syllabus_2016,2,全国大学英语四、六级考试大纲（2016年修订版）词表；未加★为四级词。
leather,,,,cet4,official_syllabus_2016,2,全国大学英语四、六级考试大纲（2016年修订版）词表；未加★为四级词。
leave,,,,cet4,official_syllabus_2016,2,全国大学英语四、六级考试大纲（2016年修订版）词表；未加★为四级词。
lecture,,,,cet4,official_syllabus_2016,2,全国大学英语四、六级考试大纲（2016年修订版）词表；未加★为四级词。
lecturer,,,,cet4,official_syllabus_2016,2,全国大学英语四、六级考试大纲（2016年修订版）词表；未加★为四级词。
left,,,,cet4,official_syllabus_2016,2,全国大学英语四、六级考试大纲（2016年修订版）词表；未加★为四级词。
leftist,,,,cet4,official_syllabus_2016,2,全国大学英语四、六级考试大纲（2016年修订版）词表；未加★为四级词。
leg,,,,cet4,official_syllabus_2016,2,全国大学英语四、六级考试大纲（2016年修订版）词表；未加★为四级词。
legal,,,,cet4,official_syllabus_2016,2,全国大学英语四、六级考试大纲（2016年修订版）词表；未加★为四级词。
legend,,,,cet4,official_syllabus_2016,2,全国大学英语四、六级考试大纲（2016年修订版）词表；未加★为四级词。
legendary,,,,cet4,official_syllabus_2016,2,全国大学英语四、六级考试大纲（2016年修订版）词表；未加★为四级词。
legislate,,,,cet4,official_syllabus_2016,2,全国大学英语四、六级考试大纲（2016年修订版）词表；未加★为四级词。
legislation,,,,cet4,official_syllabus_2016,2,全国大学英语四、六级考试大纲（2016年修订版）词表；未加★为四级词。
legislative,,,,cet4,official_syllabus_2016,2,全国大学英语四、六级考试大纲（2016年修订版）词表；未加★为四级词。
legislator,,,,cet4,official_syllabus_2016,2,全国大学英语四、六级考试大纲（2016年修订版）词表；未加★为四级词。
legitimacy,,,,cet4,official_syllabus_2016,2,全国大学英语四、六级考试大纲（2016年修订版）词表；未加★为四级词。
leisure,,,,cet4,official_syllabus_2016,2,全国大学英语四、六级考试大纲（2016年修订版）词表；未加★为四级词。
leisurely,,,,cet4,official_syllabus_2016,2,全国大学英语四、六级考试大纲（2016年修订版）词表；未加★为四级词。
lemon,,,,cet4,official_syllabus_2016,2,全国大学英语四、六级考试大纲（2016年修订版）词表；未加★为四级词。
lemonade,,,,cet4,official_syllabus_2016,2,全国大学英语四、六级考试大纲（2016年修订版）词表；未加★为四级词。
lend,,,,cet4,official_syllabus_2016,2,全国大学英语四、六级考试大纲（2016年修订版）词表；未加★为四级词。
leniency,,,,cet4,official_syllabus_2016,2,全国大学英语四、六级考试大纲（2016年修订版）词表；未加★为四级词。
lens,,,,cet4,official_syllabus_2016,2,全国大学英语四、六级考试大纲（2016年修订版）词表；未加★为四级词。
less,,,,cet4,official_syllabus_2016,2,全国大学英语四、六级考试大纲（2016年修订版）词表；未加★为四级词。
lesson,,,,cet4,official_syllabus_2016,2,全国大学英语四、六级考试大纲（2016年修订版）词表；未加★为四级词。
lest,,,,cet4,official_syllabus_2016,2,全国大学英语四、六级考试大纲（2016年修订版）词表；未加★为四级词。
let,,,,cet4,official_syllabus_2016,2,全国大学英语四、六级考试大纲（2016年修订版）词表；未加★为四级词。
letter,,,,cet4,official_syllabus_2016,2,全国大学英语四、六级考试大纲（2016年修订版）词表；未加★为四级词。
level,,,,cet4,official_syllabus_2016,2,全国大学英语四、六级考试大纲（2016年修订版）词表；未加★为四级词。
leverage,,,,cet4,official_syllabus_2016,2,全国大学英语四、六级考试大纲（2016年修订版）词表；未加★为四级词。
liable,,,,cet4,official_syllabus_2016,2,全国大学英语四、六级考试大纲（2016年修订版）词表；未加★为四级词。
liability,,,,cet4,official_syllabus_2016,2,全国大学英语四、六级考试大纲（2016年修订版）词表；未加★为四级词。
liberal,,,,cet4,official_syllabus_2016,2,全国大学英语四、六级考试大纲（2016年修订版）词表；未加★为四级词。
liberate,,,,cet4,official_syllabus_2016,2,全国大学英语四、六级考试大纲（2016年修订版）词表；未加★为四级词。
liberation,,,,cet4,official_syllabus_2016,2,全国大学英语四、六级考试大纲（2016年修订版）词表；未加★为四级词。
liberty,,,,cet4,official_syllabus_2016,2,全国大学英语四、六级考试大纲（2016年修订版）词表；未加★为四级词。
library,,,,cet4,official_syllabus_2016,2,全国大学英语四、六级考试大纲（2016年修订版）词表；未加★为四级词。
librarian,,,,cet4,official_syllabus_2016,2,全国大学英语四、六级考试大纲（2016年修订版）词表；未加★为四级词。
lick,,,,cet4,official_syllabus_2016,2,全国大学英语四、六级考试大纲（2016年修订版）词表；未加★为四级词。
lid,,,,cet4,official_syllabus_2016,2,全国大学英语四、六级考试大纲（2016年修订版）词表；未加★为四级词。
lie,,,,cet4,official_syllabus_2016,2,全国大学英语四、六级考试大纲（2016年修订版）词表；未加★为四级词。
liar,,,,cet4,official_syllabus_2016,2,全国大学英语四、六级考试大纲（2016年修订版）词表；未加★为四级词。
life,,,,cet4,official_syllabus_2016,2,全国大学英语四、六级考试大纲（2016年修订版）词表；未加★为四级词。
lift,,,,cet4,official_syllabus_2016,2,全国大学英语四、六级考试大纲（2016年修订版）词表；未加★为四级词。
light,,,,cet4,official_syllabus_2016,2,全国大学英语四、六级考试大纲（2016年修订版）词表；未加★为四级词。
lighting,,,,cet4,official_syllabus_2016,2,全国大学英语四、六级考试大纲（2016年修订版）词表；未加★为四级词。
lightning,,,,cet4,official_syllabus_2016,2,全国大学英语四、六级考试大纲（2016年修订版）词表；未加★为四级词。
like,,,,cet4,official_syllabus_2016,2,全国大学英语四、六级考试大纲（2016年修订版）词表；未加★为四级词。
likely,,,,cet4,official_syllabus_2016,2,全国大学英语四、六级考试大纲（2016年修订版）词表；未加★为四级词。
likelihood,,,,cet4,official_syllabus_2016,2,全国大学英语四、六级考试大纲（2016年修订版）词表；未加★为四级词。
likewise,,,,cet4,official_syllabus_2016,2,全国大学英语四、六级考试大纲（2016年修订版）词表；未加★为四级词。
lily,,,,cet4,official_syllabus_2016,2,全国大学英语四、六级考试大纲（2016年修订版）词表；未加★为四级词。
limb,,,,cet4,official_syllabus_2016,2,全国大学英语四、六级考试大纲（2016年修订版）词表；未加★为四级词。
limit,,,,cet4,official_syllabus_2016,2,全国大学英语四、六级考试大纲（2016年修订版）词表；未加★为四级词。
limitation,,,,cet4,official_syllabus_2016,2,全国大学英语四、六级考试大纲（2016年修订版）词表；未加★为四级词。
limited,,,,cet4,official_syllabus_2016,2,全国大学英语四、六级考试大纲（2016年修订版）词表；未加★为四级词。
line,,,,cet4,official_syllabus_2016,2,全国大学英语四、六级考试大纲（2016年修订版）词表；未加★为四级词。
linear,,,,cet4,official_syllabus_2016,2,全国大学英语四、六级考试大纲（2016年修订版）词表；未加★为四级词。
linguistics,,,,cet4,official_syllabus_2016,2,全国大学英语四、六级考试大纲（2016年修订版）词表；未加★为四级词。
link,,,,cet4,official_syllabus_2016,2,全国大学英语四、六级考试大纲（2016年修订版）词表；未加★为四级词。
linkage,,,,cet4,official_syllabus_2016,2,全国大学英语四、六级考试大纲（2016年修订版）词表；未加★为四级词。
lion,,,,cet4,official_syllabus_2016,2,全国大学英语四、六级考试大纲（2016年修订版）词表；未加★为四级词。
lioness,,,,cet4,official_syllabus_2016,2,全国大学英语四、六级考试大纲（2016年修订版）词表；未加★为四级词。
lip,,,,cet4,official_syllabus_2016,2,全国大学英语四、六级考试大纲（2016年修订版）词表；未加★为四级词。
liquid,,,,cet4,official_syllabus_2016,2,全国大学英语四、六级考试大纲（2016年修订版）词表；未加★为四级词。
liquor,,,,cet4,official_syllabus_2016,2,全国大学英语四、六级考试大纲（2016年修订版）词表；未加★为四级词。
list,,,,cet4,official_syllabus_2016,2,全国大学英语四、六级考试大纲（2016年修订版）词表；未加★为四级词。
listen,,,,cet4,official_syllabus_2016,2,全国大学英语四、六级考试大纲（2016年修订版）词表；未加★为四级词。
listener,,,,cet4,official_syllabus_2016,2,全国大学英语四、六级考试大纲（2016年修订版）词表；未加★为四级词。
literal,,,,cet4,official_syllabus_2016,2,全国大学英语四、六级考试大纲（2016年修订版）词表；未加★为四级词。
literally,,,,cet4,official_syllabus_2016,2,全国大学英语四、六级考试大纲（2016年修订版）词表；未加★为四级词。
literary,,,,cet4,official_syllabus_2016,2,全国大学英语四、六级考试大纲（2016年修订版）词表；未加★为四级词。
literature,,,,cet4,official_syllabus_2016,2,全国大学英语四、六级考试大纲（2016年修订版）词表；未加★为四级词。
literate,,,,cet4,official_syllabus_2016,2,全国大学英语四、六级考试大纲（2016年修订版）词表；未加★为四级词。
literacy,,,,cet4,official_syllabus_2016,2,全国大学英语四、六级考试大纲（2016年修订版）词表；未加★为四级词。
litter,,,,cet4,official_syllabus_2016,2,全国大学英语四、六级考试大纲（2016年修订版）词表；未加★为四级词。
little,,,,cet4,official_syllabus_2016,2,全国大学英语四、六级考试大纲（2016年修订版）词表；未加★为四级词。
live,,,,cet4,official_syllabus_2016,2,全国大学英语四、六级考试大纲（2016年修订版）词表；未加★为四级词。
living,,,,cet4,official_syllabus_2016,2,全国大学英语四、六级考试大纲（2016年修订版）词表；未加★为四级词。
livelihood,,,,cet4,official_syllabus_2016,2,全国大学英语四、六级考试大纲（2016年修订版）词表；未加★为四级词。
lively,,,,cet4,official_syllabus_2016,2,全国大学英语四、六级考试大纲（2016年修订版）词表；未加★为四级词。
liver,,,,cet4,official_syllabus_2016,2,全国大学英语四、六级考试大纲（2016年修订版）词表；未加★为四级词。
load,,,,cet4,official_syllabus_2016,2,全国大学英语四、六级考试大纲（2016年修订版）词表；未加★为四级词。
loaf,,,,cet4,official_syllabus_2016,2,全国大学英语四、六级考试大纲（2016年修订版）词表；未加★为四级词。
loan,,,,cet4,official_syllabus_2016,2,全国大学英语四、六级考试大纲（2016年修订版）词表；未加★为四级词。
lobby,,,,cet4,official_syllabus_2016,2,全国大学英语四、六级考试大纲（2016年修订版）词表；未加★为四级词。
lobbyist,,,,cet4,official_syllabus_2016,2,全国大学英语四、六级考试大纲（2016年修订版）词表；未加★为四级词。
local,,,,cet4,official_syllabus_2016,2,全国大学英语四、六级考试大纲（2016年修订版）词表；未加★为四级词。
locality,,,,cet4,official_syllabus_2016,2,全国大学英语四、六级考试大纲（2016年修订版）词表；未加★为四级词。
locate,,,,cet4,official_syllabus_2016,2,全国大学英语四、六级考试大纲（2016年修订版）词表；未加★为四级词。
location,,,,cet4,official_syllabus_2016,2,全国大学英语四、六级考试大纲（2016年修订版）词表；未加★为四级词。
lock,,,,cet4,official_syllabus_2016,2,全国大学英语四、六级考试大纲（2016年修订版）词表；未加★为四级词。
locker,,,,cet4,official_syllabus_2016,2,全国大学英语四、六级考试大纲（2016年修订版）词表；未加★为四级词。
lodge,,,,cet4,official_syllabus_2016,2,全国大学英语四、六级考试大纲（2016年修订版）词表；未加★为四级词。
lodging,,,,cet4,official_syllabus_2016,2,全国大学英语四、六级考试大纲（2016年修订版）词表；未加★为四级词。
log,,,,cet4,official_syllabus_2016,2,全国大学英语四、六级考试大纲（2016年修订版）词表；未加★为四级词。
logic,,,,cet4,official_syllabus_2016,2,全国大学英语四、六级考试大纲（2016年修订版）词表；未加★为四级词。
logical,,,,cet4,official_syllabus_2016,2,全国大学英语四、六级考试大纲（2016年修订版）词表；未加★为四级词。
logistic(al),,,,cet4,official_syllabus_2016,2,全国大学英语四、六级考试大纲（2016年修订版）词表；未加★为四级词。
logo,,,,cet4,official_syllabus_2016,2,全国大学英语四、六级考试大纲（2016年修订版）词表；未加★为四级词。
lonely,,,,cet4,official_syllabus_2016,2,全国大学英语四、六级考试大纲（2016年修订版）词表；未加★为四级词。
loneliness,,,,cet4,official_syllabus_2016,2,全国大学英语四、六级考试大纲（2016年修订版）词表；未加★为四级词。
long,,,,cet4,official_syllabus_2016,2,全国大学英语四、六级考试大纲（2016年修订版）词表；未加★为四级词。
length,,,,cet4,official_syllabus_2016,2,全国大学英语四、六级考试大纲（2016年修订版）词表；未加★为四级词。
lengthy,,,,cet4,official_syllabus_2016,2,全国大学英语四、六级考试大纲（2016年修订版）词表；未加★为四级词。
longitudinal,,,,cet4,official_syllabus_2016,2,全国大学英语四、六级考试大纲（2016年修订版）词表；未加★为四级词。
look,,,,cet4,official_syllabus_2016,2,全国大学英语四、六级考试大纲（2016年修订版）词表；未加★为四级词。
loophole,,,,cet4,official_syllabus_2016,2,全国大学英语四、六级考试大纲（2016年修订版）词表；未加★为四级词。
loose,,,,cet4,official_syllabus_2016,2,全国大学英语四、六级考试大纲（2016年修订版）词表；未加★为四级词。
loosen,,,,cet4,official_syllabus_2016,2,全国大学英语四、六级考试大纲（2016年修订版）词表；未加★为四级词。
lord,,,,cet4,official_syllabus_2016,2,全国大学英语四、六级考试大纲（2016年修订版）词表；未加★为四级词。
lorry,,,,cet4,official_syllabus_2016,2,全国大学英语四、六级考试大纲（2016年修订版）词表；未加★为四级词。
lose,,,,cet4,official_syllabus_2016,2,全国大学英语四、六级考试大纲（2016年修订版）词表；未加★为四级词。
loss,,,,cet4,official_syllabus_2016,2,全国大学英语四、六级考试大纲（2016年修订版）词表；未加★为四级词。
lot,,,,cet4,official_syllabus_2016,2,全国大学英语四、六级考试大纲（2016年修订版）词表；未加★为四级词。
loud,,,,cet4,official_syllabus_2016,2,全国大学英语四、六级考试大纲（2016年修订版）词表；未加★为四级词。
loudly,,,,cet4,official_syllabus_2016,2,全国大学英语四、六级考试大纲（2016年修订版）词表；未加★为四级词。
love,,,,cet4,official_syllabus_2016,2,全国大学英语四、六级考试大纲（2016年修订版）词表；未加★为四级词。
lovely,,,,cet4,official_syllabus_2016,2,全国大学英语四、六级考试大纲（2016年修订版）词表；未加★为四级词。
lover,,,,cet4,official_syllabus_2016,2,全国大学英语四、六级考试大纲（2016年修订版）词表；未加★为四级词。
low,,,,cet4,official_syllabus_2016,2,全国大学英语四、六级考试大纲（2016年修订版）词表；未加★为四级词。
lower,,,,cet4,official_syllabus_2016,2,全国大学英语四、六级考试大纲（2016年修订版）词表；未加★为四级词。
loyal,,,,cet4,official_syllabus_2016,2,全国大学英语四、六级考试大纲（2016年修订版）词表；未加★为四级词。
loyalty,,,,cet4,official_syllabus_2016,2,全国大学英语四、六级考试大纲（2016年修订版）词表；未加★为四级词。
lubrication,,,,cet4,official_syllabus_2016,2,全国大学英语四、六级考试大纲（2016年修订版）词表；未加★为四级词。
luck,,,,cet4,official_syllabus_2016,2,全国大学英语四、六级考试大纲（2016年修订版）词表；未加★为四级词。
lucky,,,,cet4,official_syllabus_2016,2,全国大学英语四、六级考试大纲（2016年修订版）词表；未加★为四级词。
luggage,,,,cet4,official_syllabus_2016,2,全国大学英语四、六级考试大纲（2016年修订版）词表；未加★为四级词。
lump,,,,cet4,official_syllabus_2016,2,全国大学英语四、六级考试大纲（2016年修订版）词表；未加★为四级词。
lunar,,,,cet4,official_syllabus_2016,2,全国大学英语四、六级考试大纲（2016年修订版）词表；未加★为四级词。
lunch,,,,cet4,official_syllabus_2016,2,全国大学英语四、六级考试大纲（2016年修订版）词表；未加★为四级词。
luncheon,,,,cet4,official_syllabus_2016,2,全国大学英语四、六级考试大纲（2016年修订版）词表；未加★为四级词。
lung,,,,cet4,official_syllabus_2016,2,全国大学英语四、六级考试大纲（2016年修订版）词表；未加★为四级词。
luxury,,,,cet4,official_syllabus_2016,2,全国大学英语四、六级考试大纲（2016年修订版）词表；未加★为四级词。
luxurious,,,,cet4,official_syllabus_2016,2,全国大学英语四、六级考试大纲（2016年修订版）词表；未加★为四级词。
lyrical,,,,cet4,official_syllabus_2016,2,全国大学英语四、六级考试大纲（2016年修订版）词表；未加★为四级词。
machine,,,,cet4,official_syllabus_2016,2,全国大学英语四、六级考试大纲（2016年修订版）词表；未加★为四级词。
machinery,,,,cet4,official_syllabus_2016,2,全国大学英语四、六级考试大纲（2016年修订版）词表；未加★为四级词。
mad,,,,cet4,official_syllabus_2016,2,全国大学英语四、六级考试大纲（2016年修订版）词表；未加★为四级词。
madden,,,,cet4,official_syllabus_2016,2,全国大学英语四、六级考试大纲（2016年修订版）词表；未加★为四级词。
madam,,,,cet4,official_syllabus_2016,2,全国大学英语四、六级考试大纲（2016年修订版）词表；未加★为四级词。
magazine,,,,cet4,official_syllabus_2016,2,全国大学英语四、六级考试大纲（2016年修订版）词表；未加★为四级词。
magic,,,,cet4,official_syllabus_2016,2,全国大学英语四、六级考试大纲（2016年修订版）词表；未加★为四级词。
magical,,,,cet4,official_syllabus_2016,2,全国大学英语四、六级考试大纲（2016年修订版）词表；未加★为四级词。
magnet,,,,cet4,official_syllabus_2016,2,全国大学英语四、六级考试大纲（2016年修订版）词表；未加★为四级词。
magnetic,,,,cet4,official_syllabus_2016,2,全国大学英语四、六级考试大纲（2016年修订版）词表；未加★为四级词。
magnificent,,,,cet4,official_syllabus_2016,2,全国大学英语四、六级考试大纲（2016年修订版）词表；未加★为四级词。
magnificence,,,,cet4,official_syllabus_2016,2,全国大学英语四、六级考试大纲（2016年修订版）词表；未加★为四级词。
maid,,,,cet4,official_syllabus_2016,2,全国大学英语四、六级考试大纲（2016年修订版）词表；未加★为四级词。
maiden,,,,cet4,official_syllabus_2016,2,全国大学英语四、六级考试大纲（2016年修订版）词表；未加★为四级词。
mail,,,,cet4,official_syllabus_2016,2,全国大学英语四、六级考试大纲（2016年修订版）词表；未加★为四级词。
main,,,,cet4,official_syllabus_2016,2,全国大学英语四、六级考试大纲（2016年修订版）词表；未加★为四级词。
mainland,,,,cet4,official_syllabus_2016,2,全国大学英语四、六级考试大纲（2016年修订版）词表；未加★为四级词。
mainstream,,,,cet4,official_syllabus_2016,2,全国大学英语四、六级考试大纲（2016年修订版）词表；未加★为四级词。
maintain,,,,cet4,official_syllabus_2016,2,全国大学英语四、六级考试大纲（2016年修订版）词表；未加★为四级词。
maintenance,,,,cet4,official_syllabus_2016,2,全国大学英语四、六级考试大纲（2016年修订版）词表；未加★为四级词。
majestic,,,,cet4,official_syllabus_2016,2,全国大学英语四、六级考试大纲（2016年修订版）词表；未加★为四级词。
major,,,,cet4,official_syllabus_2016,2,全国大学英语四、六级考试大纲（2016年修订版）词表；未加★为四级词。
majority,,,,cet4,official_syllabus_2016,2,全国大学英语四、六级考试大纲（2016年修订版）词表；未加★为四级词。
make,,,,cet4,official_syllabus_2016,2,全国大学英语四、六级考试大纲（2016年修订版）词表；未加★为四级词。
makeup,,,,cet4,official_syllabus_2016,2,全国大学英语四、六级考试大纲（2016年修订版）词表；未加★为四级词。
male,,,,cet4,official_syllabus_2016,2,全国大学英语四、六级考试大纲（2016年修订版）词表；未加★为四级词。
malicious,,,,cet4,official_syllabus_2016,2,全国大学英语四、六级考试大纲（2016年修订版）词表；未加★为四级词。
mall,,,,cet4,official_syllabus_2016,2,全国大学英语四、六级考试大纲（2016年修订版）词表；未加★为四级词。
mammal,,,,cet4,official_syllabus_2016,2,全国大学英语四、六级考试大纲（2016年修订版）词表；未加★为四级词。
man,,,,cet4,official_syllabus_2016,2,全国大学英语四、六级考试大纲（2016年修订版）词表；未加★为四级词。
manly,,,,cet4,official_syllabus_2016,2,全国大学英语四、六级考试大纲（2016年修订版）词表；未加★为四级词。
manhood,,,,cet4,official_syllabus_2016,2,全国大学英语四、六级考试大纲（2016年修订版）词表；未加★为四级词。
manage,,,,cet4,official_syllabus_2016,2,全国大学英语四、六级考试大纲（2016年修订版）词表；未加★为四级词。
management,,,,cet4,official_syllabus_2016,2,全国大学英语四、六级考试大纲（2016年修订版）词表；未加★为四级词。
manager,,,,cet4,official_syllabus_2016,2,全国大学英语四、六级考试大纲（2016年修订版）词表；未加★为四级词。
managerial,,,,cet4,official_syllabus_2016,2,全国大学英语四、六级考试大纲（2016年修订版）词表；未加★为四级词。
mandatory,,,,cet4,official_syllabus_2016,2,全国大学英语四、六级考试大纲（2016年修订版）词表；未加★为四级词。
manifestation,,,,cet4,official_syllabus_2016,2,全国大学英语四、六级考试大纲（2016年修订版）词表；未加★为四级词。
manipulate,,,,cet4,official_syllabus_2016,2,全国大学英语四、六级考试大纲（2016年修订版）词表；未加★为四级词。
manipulation,,,,cet4,official_syllabus_2016,2,全国大学英语四、六级考试大纲（2016年修订版）词表；未加★为四级词。
manipulative,,,,cet4,official_syllabus_2016,2,全国大学英语四、六级考试大纲（2016年修订版）词表；未加★为四级词。
mankind,,,,cet4,official_syllabus_2016,2,全国大学英语四、六级考试大纲（2016年修订版）词表；未加★为四级词。
manner,,,,cet4,official_syllabus_2016,2,全国大学英语四、六级考试大纲（2016年修订版）词表；未加★为四级词。
manual,,,,cet4,official_syllabus_2016,2,全国大学英语四、六级考试大纲（2016年修订版）词表；未加★为四级词。
manufacture,,,,cet4,official_syllabus_2016,2,全国大学英语四、六级考试大纲（2016年修订版）词表；未加★为四级词。
manufacturer,,,,cet4,official_syllabus_2016,2,全国大学英语四、六级考试大纲（2016年修订版）词表；未加★为四级词。
many,,,,cet4,official_syllabus_2016,2,全国大学英语四、六级考试大纲（2016年修订版）词表；未加★为四级词。
map,,,,cet4,official_syllabus_2016,2,全国大学英语四、六级考试大纲（2016年修订版）词表；未加★为四级词。
marathon,,,,cet4,official_syllabus_2016,2,全国大学英语四、六级考试大纲（2016年修订版）词表；未加★为四级词。
March,,,,cet4,official_syllabus_2016,2,全国大学英语四、六级考试大纲（2016年修订版）词表；未加★为四级词。
margin,,,,cet4,official_syllabus_2016,2,全国大学英语四、六级考试大纲（2016年修订版）词表；未加★为四级词。
marginal,,,,cet4,official_syllabus_2016,2,全国大学英语四、六级考试大纲（2016年修订版）词表；未加★为四级词。
marine,,,,cet4,official_syllabus_2016,2,全国大学英语四、六级考试大纲（2016年修订版）词表；未加★为四级词。
mark,,,,cet4,official_syllabus_2016,2,全国大学英语四、六级考试大纲（2016年修订版）词表；未加★为四级词。
market,,,,cet4,official_syllabus_2016,2,全国大学英语四、六级考试大纲（2016年修订版）词表；未加★为四级词。
marketing,,,,cet4,official_syllabus_2016,2,全国大学英语四、六级考试大纲（2016年修订版）词表；未加★为四级词。
marry,,,,cet4,official_syllabus_2016,2,全国大学英语四、六级考试大纲（2016年修订版）词表；未加★为四级词。
marriage,,,,cet4,official_syllabus_2016,2,全国大学英语四、六级考试大纲（2016年修订版）词表；未加★为四级词。
marital,,,,cet4,official_syllabus_2016,2,全国大学英语四、六级考试大纲（2016年修订版）词表；未加★为四级词。
marsh,,,,cet4,official_syllabus_2016,2,全国大学英语四、六级考试大纲（2016年修订版）词表；未加★为四级词。
marshal,,,,cet4,official_syllabus_2016,2,全国大学英语四、六级考试大纲（2016年修订版）词表；未加★为四级词。
martyrdom,,,,cet4,official_syllabus_2016,2,全国大学英语四、六级考试大纲（2016年修订版）词表；未加★为四级词。
marvel,,,,cet4,official_syllabus_2016,2,全国大学英语四、六级考试大纲（2016年修订版）词表；未加★为四级词。
marvel(,,,,cet4,official_syllabus_2016,2,全国大学英语四、六级考试大纲（2016年修订版）词表；未加★为四级词。
l)ous,,,,cet4,official_syllabus_2016,2,全国大学英语四、六级考试大纲（2016年修订版）词表；未加★为四级词。
Marxism,,,,cet4,official_syllabus_2016,2,全国大学英语四、六级考试大纲（2016年修订版）词表；未加★为四级词。
Marxist,,,,cet4,official_syllabus_2016,2,全国大学英语四、六级考试大纲（2016年修订版）词表；未加★为四级词。
masculinity,,,,cet4,official_syllabus_2016,2,全国大学英语四、六级考试大纲（2016年修订版）词表；未加★为四级词。
mask,,,,cet4,official_syllabus_2016,2,全国大学英语四、六级考试大纲（2016年修订版）词表；未加★为四级词。
mass,,,,cet4,official_syllabus_2016,2,全国大学英语四、六级考试大纲（2016年修订版）词表；未加★为四级词。
massive,,,,cet4,official_syllabus_2016,2,全国大学英语四、六级考试大纲（2016年修订版）词表；未加★为四级词。
massage,,,,cet4,official_syllabus_2016,2,全国大学英语四、六级考试大纲（2016年修订版）词表；未加★为四级词。
master,,,,cet4,official_syllabus_2016,2,全国大学英语四、六级考试大纲（2016年修订版）词表；未加★为四级词。
mastery,,,,cet4,official_syllabus_2016,2,全国大学英语四、六级考试大纲（2016年修订版）词表；未加★为四级词。
masterpiece,,,,cet4,official_syllabus_2016,2,全国大学英语四、六级考试大纲（2016年修订版）词表；未加★为四级词。
mat,,,,cet4,official_syllabus_2016,2,全国大学英语四、六级考试大纲（2016年修订版）词表；未加★为四级词。
match,,,,cet4,official_syllabus_2016,2,全国大学英语四、六级考试大纲（2016年修订版）词表；未加★为四级词。
mate,,,,cet4,official_syllabus_2016,2,全国大学英语四、六级考试大纲（2016年修订版）词表；未加★为四级词。
material,,,,cet4,official_syllabus_2016,2,全国大学英语四、六级考试大纲（2016年修订版）词表；未加★为四级词。
materialism,,,,cet4,official_syllabus_2016,2,全国大学英语四、六级考试大纲（2016年修订版）词表；未加★为四级词。
materialist,,,,cet4,official_syllabus_2016,2,全国大学英语四、六级考试大纲（2016年修订版）词表；未加★为四级词。
maternity,,,,cet4,official_syllabus_2016,2,全国大学英语四、六级考试大纲（2016年修订版）词表；未加★为四级词。
math(ematics)/maths,,,,cet4,official_syllabus_2016,2,全国大学英语四、六级考试大纲（2016年修订版）词表；未加★为四级词。
mathematical,,,,cet4,official_syllabus_2016,2,全国大学英语四、六级考试大纲（2016年修订版）词表；未加★为四级词。
matter,,,,cet4,official_syllabus_2016,2,全国大学英语四、六级考试大纲（2016年修订版）词表；未加★为四级词。
mature,,,,cet4,official_syllabus_2016,2,全国大学英语四、六级考试大纲（2016年修订版）词表；未加★为四级词。
maturity,,,,cet4,official_syllabus_2016,2,全国大学英语四、六级考试大纲（2016年修订版）词表；未加★为四级词。
maximum,,,,cet4,official_syllabus_2016,2,全国大学英语四、六级考试大纲（2016年修订版）词表；未加★为四级词。
maximal,,,,cet4,official_syllabus_2016,2,全国大学英语四、六级考试大纲（2016年修订版）词表；未加★为四级词。
May,,,,cet4,official_syllabus_2016,2,全国大学英语四、六级考试大纲（2016年修订版）词表；未加★为四级词。
maybe,,,,cet4,official_syllabus_2016,2,全国大学英语四、六级考试大纲（2016年修订版）词表；未加★为四级词。
mayor,,,,cet4,official_syllabus_2016,2,全国大学英语四、六级考试大纲（2016年修订版）词表；未加★为四级词。
me,,,,cet4,official_syllabus_2016,2,全国大学英语四、六级考试大纲（2016年修订版）词表；未加★为四级词。
meal,,,,cet4,official_syllabus_2016,2,全国大学英语四、六级考试大纲（2016年修订版）词表；未加★为四级词。
mean,,,,cet4,official_syllabus_2016,2,全国大学英语四、六级考试大纲（2016年修订版）词表；未加★为四级词。
meaning,,,,cet4,official_syllabus_2016,2,全国大学英语四、六级考试大纲（2016年修订版）词表；未加★为四级词。
meaningful,,,,cet4,official_syllabus_2016,2,全国大学英语四、六级考试大纲（2016年修订版）词表；未加★为四级词。
means,,,,cet4,official_syllabus_2016,2,全国大学英语四、六级考试大纲（2016年修订版）词表；未加★为四级词。
meantime,,,,cet4,official_syllabus_2016,2,全国大学英语四、六级考试大纲（2016年修订版）词表；未加★为四级词。
meanwhile,,,,cet4,official_syllabus_2016,2,全国大学英语四、六级考试大纲（2016年修订版）词表；未加★为四级词。
measure,,,,cet4,official_syllabus_2016,2,全国大学英语四、六级考试大纲（2016年修订版）词表；未加★为四级词。
measurement,,,,cet4,official_syllabus_2016,2,全国大学英语四、六级考试大纲（2016年修订版）词表；未加★为四级词。
measurable,,,,cet4,official_syllabus_2016,2,全国大学英语四、六级考试大纲（2016年修订版）词表；未加★为四级词。
meat,,,,cet4,official_syllabus_2016,2,全国大学英语四、六级考试大纲（2016年修订版）词表；未加★为四级词。
meaty,,,,cet4,official_syllabus_2016,2,全国大学英语四、六级考试大纲（2016年修订版）词表；未加★为四级词。
mechanic,,,,cet4,official_syllabus_2016,2,全国大学英语四、六级考试大纲（2016年修订版）词表；未加★为四级词。
mechanical,,,,cet4,official_syllabus_2016,2,全国大学英语四、六级考试大纲（2016年修订版）词表；未加★为四级词。
mechanics,,,,cet4,official_syllabus_2016,2,全国大学英语四、六级考试大纲（2016年修订版）词表；未加★为四级词。
mechanism,,,,cet4,official_syllabus_2016,2,全国大学英语四、六级考试大纲（2016年修订版）词表；未加★为四级词。
medal,,,,cet4,official_syllabus_2016,2,全国大学英语四、六级考试大纲（2016年修订版）词表；未加★为四级词。
mediation,,,,cet4,official_syllabus_2016,2,全国大学英语四、六级考试大纲（2016年修订版）词表；未加★为四级词。
mediator,,,,cet4,official_syllabus_2016,2,全国大学英语四、六级考试大纲（2016年修订版）词表；未加★为四级词。
medical,,,,cet4,official_syllabus_2016,2,全国大学英语四、六级考试大纲（2016年修订版）词表；未加★为四级词。
Medicare,,,,cet4,official_syllabus_2016,2,全国大学英语四、六级考试大纲（2016年修订版）词表；未加★为四级词。
medicine,,,,cet4,official_syllabus_2016,2,全国大学英语四、六级考试大纲（2016年修订版）词表；未加★为四级词。
medicinal,,,,cet4,official_syllabus_2016,2,全国大学英语四、六级考试大纲（2016年修订版）词表；未加★为四级词。
medium,,,,cet4,official_syllabus_2016,2,全国大学英语四、六级考试大纲（2016年修订版）词表；未加★为四级词。
media,,,,cet4,official_syllabus_2016,2,全国大学英语四、六级考试大纲（2016年修订版）词表；未加★为四级词。
meet,,,,cet4,official_syllabus_2016,2,全国大学英语四、六级考试大纲（2016年修订版）词表；未加★为四级词。
meeting,,,,cet4,official_syllabus_2016,2,全国大学英语四、六级考试大纲（2016年修订版）词表；未加★为四级词。
melodious,,,,cet4,official_syllabus_2016,2,全国大学英语四、六级考试大纲（2016年修订版）词表；未加★为四级词。
melon,,,,cet4,official_syllabus_2016,2,全国大学英语四、六级考试大纲（2016年修订版）词表；未加★为四级词。
melt,,,,cet4,official_syllabus_2016,2,全国大学英语四、六级考试大纲（2016年修订版）词表；未加★为四级词。
member,,,,cet4,official_syllabus_2016,2,全国大学英语四、六级考试大纲（2016年修订版）词表；未加★为四级词。
membership,,,,cet4,official_syllabus_2016,2,全国大学英语四、六级考试大纲（2016年修订版）词表；未加★为四级词。
memorandum/memo,,,,cet4,official_syllabus_2016,2,全国大学英语四、六级考试大纲（2016年修订版）词表；未加★为四级词。
memorial,,,,cet4,official_syllabus_2016,2,全国大学英语四、六级考试大纲（2016年修订版）词表；未加★为四级词。
memory,,,,cet4,official_syllabus_2016,2,全国大学英语四、六级考试大纲（2016年修订版）词表；未加★为四级词。
mend,,,,cet4,official_syllabus_2016,2,全国大学英语四、六级考试大纲（2016年修订版）词表；未加★为四级词。
mental,,,,cet4,official_syllabus_2016,2,全国大学英语四、六级考试大纲（2016年修订版）词表；未加★为四级词。
mentality,,,,cet4,official_syllabus_2016,2,全国大学英语四、六级考试大纲（2016年修订版）词表；未加★为四级词。
mention,,,,cet4,official_syllabus_2016,2,全国大学英语四、六级考试大纲（2016年修订版）词表；未加★为四级词。
menu,,,,cet4,official_syllabus_2016,2,全国大学英语四、六级考试大纲（2016年修订版）词表；未加★为四级词。
merchant,,,,cet4,official_syllabus_2016,2,全国大学英语四、六级考试大纲（2016年修订版）词表；未加★为四级词。
mercy,,,,cet4,official_syllabus_2016,2,全国大学英语四、六级考试大纲（2016年修订版）词表；未加★为四级词。
merciful,,,,cet4,official_syllabus_2016,2,全国大学英语四、六级考试大纲（2016年修订版）词表；未加★为四级词。
mere,,,,cet4,official_syllabus_2016,2,全国大学英语四、六级考试大纲（2016年修订版）词表；未加★为四级词。
merely,,,,cet4,official_syllabus_2016,2,全国大学英语四、六级考试大纲（2016年修订版）词表；未加★为四级词。
merger,,,,cet4,official_syllabus_2016,2,全国大学英语四、六级考试大纲（2016年修订版）词表；未加★为四级词。
merit,,,,cet4,official_syllabus_2016,2,全国大学英语四、六级考试大纲（2016年修订版）词表；未加★为四级词。
meritorious,,,,cet4,official_syllabus_2016,2,全国大学英语四、六级考试大纲（2016年修订版）词表；未加★为四级词。
merry,,,,cet4,official_syllabus_2016,2,全国大学英语四、六级考试大纲（2016年修订版）词表；未加★为四级词。
merriment,,,,cet4,official_syllabus_2016,2,全国大学英语四、六级考试大纲（2016年修订版）词表；未加★为四级词。
mess,,,,cet4,official_syllabus_2016,2,全国大学英语四、六级考试大纲（2016年修订版）词表；未加★为四级词。
messy,,,,cet4,official_syllabus_2016,2,全国大学英语四、六级考试大纲（2016年修订版）词表；未加★为四级词。
message,,,,cet4,official_syllabus_2016,2,全国大学英语四、六级考试大纲（2016年修订版）词表；未加★为四级词。
messenger,,,,cet4,official_syllabus_2016,2,全国大学英语四、六级考试大纲（2016年修订版）词表；未加★为四级词。
metabolic,,,,cet4,official_syllabus_2016,2,全国大学英语四、六级考试大纲（2016年修订版）词表；未加★为四级词。
metal,,,,cet4,official_syllabus_2016,2,全国大学英语四、六级考试大纲（2016年修订版）词表；未加★为四级词。
metallic,,,,cet4,official_syllabus_2016,2,全国大学英语四、六级考试大纲（2016年修订版）词表；未加★为四级词。
metaphorical,,,,cet4,official_syllabus_2016,2,全国大学英语四、六级考试大纲（2016年修订版）词表；未加★为四级词。
metric,,,,cet4,official_syllabus_2016,2,全国大学英语四、六级考试大纲（2016年修订版）词表；未加★为四级词。
method,,,,cet4,official_syllabus_2016,2,全国大学英语四、六级考试大纲（2016年修订版）词表；未加★为四级词。
methodical,,,,cet4,official_syllabus_2016,2,全国大学英语四、六级考试大纲（2016年修订版）词表；未加★为四级词。
methodology,,,,cet4,official_syllabus_2016,2,全国大学英语四、六级考试大纲（2016年修订版）词表；未加★为四级词。
metro,,,,cet4,official_syllabus_2016,2,全国大学英语四、六级考试大纲（2016年修订版）词表；未加★为四级词。
microphone,,,,cet4,official_syllabus_2016,2,全国大学英语四、六级考试大纲（2016年修订版）词表；未加★为四级词。
microscope,,,,cet4,official_syllabus_2016,2,全国大学英语四、六级考试大纲（2016年修订版）词表；未加★为四级词。
microscopic,,,,cet4,official_syllabus_2016,2,全国大学英语四、六级考试大纲（2016年修订版）词表；未加★为四级词。
microwave,,,,cet4,official_syllabus_2016,2,全国大学英语四、六级考试大纲（2016年修订版）词表；未加★为四级词。
microwavable,,,,cet4,official_syllabus_2016,2,全国大学英语四、六级考试大纲（2016年修订版）词表；未加★为四级词。
midday,,,,cet4,official_syllabus_2016,2,全国大学英语四、六级考试大纲（2016年修订版）词表；未加★为四级词。
middle,,,,cet4,official_syllabus_2016,2,全国大学英语四、六级考试大纲（2016年修订版）词表；未加★为四级词。
midnight,,,,cet4,official_syllabus_2016,2,全国大学英语四、六级考试大纲（2016年修订版）词表；未加★为四级词。
might,,,,cet4,official_syllabus_2016,2,全国大学英语四、六级考试大纲（2016年修订版）词表；未加★为四级词。
mighty,,,,cet4,official_syllabus_2016,2,全国大学英语四、六级考试大纲（2016年修订版）词表；未加★为四级词。
migrate,,,,cet4,official_syllabus_2016,2,全国大学英语四、六级考试大纲（2016年修订版）词表；未加★为四级词。
migration,,,,cet4,official_syllabus_2016,2,全国大学英语四、六级考试大纲（2016年修订版）词表；未加★为四级词。
migrant,,,,cet4,official_syllabus_2016,2,全国大学英语四、六级考试大纲（2016年修订版）词表；未加★为四级词。
mild,,,,cet4,official_syllabus_2016,2,全国大学英语四、六级考试大纲（2016年修订版）词表；未加★为四级词。
mile,,,,cet4,official_syllabus_2016,2,全国大学英语四、六级考试大纲（2016年修订版）词表；未加★为四级词。
mileage,,,,cet4,official_syllabus_2016,2,全国大学英语四、六级考试大纲（2016年修订版）词表；未加★为四级词。
militancy,,,,cet4,official_syllabus_2016,2,全国大学英语四、六级考试大纲（2016年修订版）词表；未加★为四级词。
military,,,,cet4,official_syllabus_2016,2,全国大学英语四、六级考试大纲（2016年修订版）词表；未加★为四级词。
milk,,,,cet4,official_syllabus_2016,2,全国大学英语四、六级考试大纲（2016年修订版）词表；未加★为四级词。
milky,,,,cet4,official_syllabus_2016,2,全国大学英语四、六级考试大纲（2016年修订版）词表；未加★为四级词。
mill,,,,cet4,official_syllabus_2016,2,全国大学英语四、六级考试大纲（2016年修订版）词表；未加★为四级词。
million,,,,cet4,official_syllabus_2016,2,全国大学英语四、六级考试大纲（2016年修订版）词表；未加★为四级词。
millionaire,,,,cet4,official_syllabus_2016,2,全国大学英语四、六级考试大纲（2016年修订版）词表；未加★为四级词。
mind,,,,cet4,official_syllabus_2016,2,全国大学英语四、六级考试大纲（2016年修订版）词表；未加★为四级词。
mine,,,,cet4,official_syllabus_2016,2,全国大学英语四、六级考试大纲（2016年修订版）词表；未加★为四级词。
mineral,,,,cet4,official_syllabus_2016,2,全国大学英语四、六级考试大纲（2016年修订版）词表；未加★为四级词。
mining,,,,cet4,official_syllabus_2016,2,全国大学英语四、六级考试大纲（2016年修订版）词表；未加★为四级词。
minimum,,,,cet4,official_syllabus_2016,2,全国大学英语四、六级考试大纲（2016年修订版）词表；未加★为四级词。
minimal,,,,cet4,official_syllabus_2016,2,全国大学英语四、六级考试大纲（2016年修订版）词表；未加★为四级词。
minister,,,,cet4,official_syllabus_2016,2,全国大学英语四、六级考试大纲（2016年修订版）词表；未加★为四级词。
ministry,,,,cet4,official_syllabus_2016,2,全国大学英语四、六级考试大纲（2016年修订版）词表；未加★为四级词。
ministerial,,,,cet4,official_syllabus_2016,2,全国大学英语四、六级考试大纲（2016年修订版）词表；未加★为四级词。
minor,,,,cet4,official_syllabus_2016,2,全国大学英语四、六级考试大纲（2016年修订版）词表；未加★为四级词。
minority,,,,cet4,official_syllabus_2016,2,全国大学英语四、六级考试大纲（2016年修订版）词表；未加★为四级词。
minus,,,,cet4,official_syllabus_2016,2,全国大学英语四、六级考试大纲（2016年修订版）词表；未加★为四级词。
minute,,,,cet4,official_syllabus_2016,2,全国大学英语四、六级考试大纲（2016年修订版）词表；未加★为四级词。
miracle,,,,cet4,official_syllabus_2016,2,全国大学英语四、六级考试大纲（2016年修订版）词表；未加★为四级词。
miraculous,,,,cet4,official_syllabus_2016,2,全国大学英语四、六级考试大纲（2016年修订版）词表；未加★为四级词。
mirror,,,,cet4,official_syllabus_2016,2,全国大学英语四、六级考试大纲（2016年修订版）词表；未加★为四级词。
miserable,,,,cet4,official_syllabus_2016,2,全国大学英语四、六级考试大纲（2016年修订版）词表；未加★为四级词。
misery,,,,cet4,official_syllabus_2016,2,全国大学英语四、六级考试大纲（2016年修订版）词表；未加★为四级词。
misfortune,,,,cet4,official_syllabus_2016,2,全国大学英语四、六级考试大纲（2016年修订版）词表；未加★为四级词。
mislead,,,,cet4,official_syllabus_2016,2,全国大学英语四、六级考试大纲（2016年修订版）词表；未加★为四级词。
misleading,,,,cet4,official_syllabus_2016,2,全国大学英语四、六级考试大纲（2016年修订版）词表；未加★为四级词。
miss,,,,cet4,official_syllabus_2016,2,全国大学英语四、六级考试大纲（2016年修订版）词表；未加★为四级词。
missile,,,,cet4,official_syllabus_2016,2,全国大学英语四、六级考试大纲（2016年修订版）词表；未加★为四级词。
missing,,,,cet4,official_syllabus_2016,2,全国大学英语四、六级考试大纲（2016年修订版）词表；未加★为四级词。
mission,,,,cet4,official_syllabus_2016,2,全国大学英语四、六级考试大纲（2016年修订版）词表；未加★为四级词。
mist,,,,cet4,official_syllabus_2016,2,全国大学英语四、六级考试大纲（2016年修订版）词表；未加★为四级词。
misty,,,,cet4,official_syllabus_2016,2,全国大学英语四、六级考试大纲（2016年修订版）词表；未加★为四级词。
mistake,,,,cet4,official_syllabus_2016,2,全国大学英语四、六级考试大纲（2016年修订版）词表；未加★为四级词。
mistaken,,,,cet4,official_syllabus_2016,2,全国大学英语四、六级考试大纲（2016年修订版）词表；未加★为四级词。
mister,,,,cet4,official_syllabus_2016,2,全国大学英语四、六级考试大纲（2016年修订版）词表；未加★为四级词。
mistress,,,,cet4,official_syllabus_2016,2,全国大学英语四、六级考试大纲（2016年修订版）词表；未加★为四级词。
misunderstand,,,,cet4,official_syllabus_2016,2,全国大学英语四、六级考试大纲（2016年修订版）词表；未加★为四级词。
misunderstanding,,,,cet4,official_syllabus_2016,2,全国大学英语四、六级考试大纲（2016年修订版）词表；未加★为四级词。
mix,,,,cet4,official_syllabus_2016,2,全国大学英语四、六级考试大纲（2016年修订版）词表；未加★为四级词。
mixture,,,,cet4,official_syllabus_2016,2,全国大学英语四、六级考试大纲（2016年修订版）词表；未加★为四级词。
mixer,,,,cet4,official_syllabus_2016,2,全国大学英语四、六级考试大纲（2016年修订版）词表；未加★为四级词。
mobile,,,,cet4,official_syllabus_2016,2,全国大学英语四、六级考试大纲（2016年修订版）词表；未加★为四级词。
mode,,,,cet4,official_syllabus_2016,2,全国大学英语四、六级考试大纲（2016年修订版）词表；未加★为四级词。
model,,,,cet4,official_syllabus_2016,2,全国大学英语四、六级考试大纲（2016年修订版）词表；未加★为四级词。
moderate,,,,cet4,official_syllabus_2016,2,全国大学英语四、六级考试大纲（2016年修订版）词表；未加★为四级词。
moderation,,,,cet4,official_syllabus_2016,2,全国大学英语四、六级考试大纲（2016年修订版）词表；未加★为四级词。
moderator,,,,cet4,official_syllabus_2016,2,全国大学英语四、六级考试大纲（2016年修订版）词表；未加★为四级词。
modern,,,,cet4,official_syllabus_2016,2,全国大学英语四、六级考试大纲（2016年修订版）词表；未加★为四级词。
modest,,,,cet4,official_syllabus_2016,2,全国大学英语四、六级考试大纲（2016年修订版）词表；未加★为四级词。
modesty,,,,cet4,official_syllabus_2016,2,全国大学英语四、六级考试大纲（2016年修订版）词表；未加★为四级词。
modify,,,,cet4,official_syllabus_2016,2,全国大学英语四、六级考试大纲（2016年修订版）词表；未加★为四级词。
modification,,,,cet4,official_syllabus_2016,2,全国大学英语四、六级考试大纲（2016年修订版）词表；未加★为四级词。
modifier,,,,cet4,official_syllabus_2016,2,全国大学英语四、六级考试大纲（2016年修订版）词表；未加★为四级词。
moist,,,,cet4,official_syllabus_2016,2,全国大学英语四、六级考试大纲（2016年修订版）词表；未加★为四级词。
moisture,,,,cet4,official_syllabus_2016,2,全国大学英语四、六级考试大纲（2016年修订版）词表；未加★为四级词。
mo(u),,,,cet4,official_syllabus_2016,2,全国大学英语四、六级考试大纲（2016年修订版）词表；未加★为四级词。
ld,,,,cet4,official_syllabus_2016,2,全国大学英语四、六级考试大纲（2016年修订版）词表；未加★为四级词。
mo(u)ldy,,,,cet4,official_syllabus_2016,2,全国大学英语四、六级考试大纲（2016年修订版）词表；未加★为四级词。
molecular,,,,cet4,official_syllabus_2016,2,全国大学英语四、六级考试大纲（2016年修订版）词表；未加★为四级词。
mom(my),,,,cet4,official_syllabus_2016,2,全国大学英语四、六级考试大纲（2016年修订版）词表；未加★为四级词。
moment,,,,cet4,official_syllabus_2016,2,全国大学英语四、六级考试大纲（2016年修订版）词表；未加★为四级词。
momentary,,,,cet4,official_syllabus_2016,2,全国大学英语四、六级考试大纲（2016年修订版）词表；未加★为四级词。
momentarily,,,,cet4,official_syllabus_2016,2,全国大学英语四、六级考试大纲（2016年修订版）词表；未加★为四级词。
momentous,,,,cet4,official_syllabus_2016,2,全国大学英语四、六级考试大纲（2016年修订版）词表；未加★为四级词。
monarch,,,,cet4,official_syllabus_2016,2,全国大学英语四、六级考试大纲（2016年修订版）词表；未加★为四级词。
Monday,,,,cet4,official_syllabus_2016,2,全国大学英语四、六级考试大纲（2016年修订版）词表；未加★为四级词。
money,,,,cet4,official_syllabus_2016,2,全国大学英语四、六级考试大纲（2016年修订版）词表；未加★为四级词。
monetary,,,,cet4,official_syllabus_2016,2,全国大学英语四、六级考试大纲（2016年修订版）词表；未加★为四级词。
monitor,,,,cet4,official_syllabus_2016,2,全国大学英语四、六级考试大纲（2016年修订版）词表；未加★为四级词。
monkey,,,,cet4,official_syllabus_2016,2,全国大学英语四、六级考试大纲（2016年修订版）词表；未加★为四级词。
monotonous,,,,cet4,official_syllabus_2016,2,全国大学英语四、六级考试大纲（2016年修订版）词表；未加★为四级词。
monster,,,,cet4,official_syllabus_2016,2,全国大学英语四、六级考试大纲（2016年修订版）词表；未加★为四级词。
monstrous,,,,cet4,official_syllabus_2016,2,全国大学英语四、六级考试大纲（2016年修订版）词表；未加★为四级词。
month,,,,cet4,official_syllabus_2016,2,全国大学英语四、六级考试大纲（2016年修订版）词表；未加★为四级词。
monthly,,,,cet4,official_syllabus_2016,2,全国大学英语四、六级考试大纲（2016年修订版）词表；未加★为四级词。
monument,,,,cet4,official_syllabus_2016,2,全国大学英语四、六级考试大纲（2016年修订版）词表；未加★为四级词。
monumental,,,,cet4,official_syllabus_2016,2,全国大学英语四、六级考试大纲（2016年修订版）词表；未加★为四级词。
mood,,,,cet4,official_syllabus_2016,2,全国大学英语四、六级考试大纲（2016年修订版）词表；未加★为四级词。
moody,,,,cet4,official_syllabus_2016,2,全国大学英语四、六级考试大纲（2016年修订版）词表；未加★为四级词。
moon,,,,cet4,official_syllabus_2016,2,全国大学英语四、六级考试大纲（2016年修订版）词表；未加★为四级词。
mop,,,,cet4,official_syllabus_2016,2,全国大学英语四、六级考试大纲（2016年修订版）词表；未加★为四级词。
moral,,,,cet4,official_syllabus_2016,2,全国大学英语四、六级考试大纲（2016年修订版）词表；未加★为四级词。
morality,,,,cet4,official_syllabus_2016,2,全国大学英语四、六级考试大纲（2016年修订版）词表；未加★为四级词。
more,,,,cet4,official_syllabus_2016,2,全国大学英语四、六级考试大纲（2016年修订版）词表；未加★为四级词。
moreover,,,,cet4,official_syllabus_2016,2,全国大学英语四、六级考试大纲（2016年修订版）词表；未加★为四级词。
morning,,,,cet4,official_syllabus_2016,2,全国大学英语四、六级考试大纲（2016年修订版）词表；未加★为四级词。
mortality,,,,cet4,official_syllabus_2016,2,全国大学英语四、六级考试大纲（2016年修订版）词表；未加★为四级词。
mortgage,,,,cet4,official_syllabus_2016,2,全国大学英语四、六级考试大纲（2016年修订版）词表；未加★为四级词。
most,,,,cet4,official_syllabus_2016,2,全国大学英语四、六级考试大纲（2016年修订版）词表；未加★为四级词。
mostly,,,,cet4,official_syllabus_2016,2,全国大学英语四、六级考试大纲（2016年修订版）词表；未加★为四级词。
motel,,,,cet4,official_syllabus_2016,2,全国大学英语四、六级考试大纲（2016年修订版）词表；未加★为四级词。
mother,,,,cet4,official_syllabus_2016,2,全国大学英语四、六级考试大纲（2016年修订版）词表；未加★为四级词。
motherly,,,,cet4,official_syllabus_2016,2,全国大学英语四、六级考试大纲（2016年修订版）词表；未加★为四级词。
motion,,,,cet4,official_syllabus_2016,2,全国大学英语四、六级考试大纲（2016年修订版）词表；未加★为四级词。
motivate,,,,cet4,official_syllabus_2016,2,全国大学英语四、六级考试大纲（2016年修订版）词表；未加★为四级词。
motivation,,,,cet4,official_syllabus_2016,2,全国大学英语四、六级考试大纲（2016年修订版）词表；未加★为四级词。
motive,,,,cet4,official_syllabus_2016,2,全国大学英语四、六级考试大纲（2016年修订版）词表；未加★为四级词。
motor,,,,cet4,official_syllabus_2016,2,全国大学英语四、六级考试大纲（2016年修订版）词表；未加★为四级词。
motorway,,,,cet4,official_syllabus_2016,2,全国大学英语四、六级考试大纲（2016年修订版）词表；未加★为四级词。
mount,,,,cet4,official_syllabus_2016,2,全国大学英语四、六级考试大纲（2016年修订版）词表；未加★为四级词。
mounting,,,,cet4,official_syllabus_2016,2,全国大学英语四、六级考试大纲（2016年修订版）词表；未加★为四级词。
mountain,,,,cet4,official_syllabus_2016,2,全国大学英语四、六级考试大纲（2016年修订版）词表；未加★为四级词。
mountainous,,,,cet4,official_syllabus_2016,2,全国大学英语四、六级考试大纲（2016年修订版）词表；未加★为四级词。
mourning,,,,cet4,official_syllabus_2016,2,全国大学英语四、六级考试大纲（2016年修订版）词表；未加★为四级词。
mouse,,,,cet4,official_syllabus_2016,2,全国大学英语四、六级考试大纲（2016年修订版）词表；未加★为四级词。
mouth,,,,cet4,official_syllabus_2016,2,全国大学英语四、六级考试大纲（2016年修订版）词表；未加★为四级词。
mouthful,,,,cet4,official_syllabus_2016,2,全国大学英语四、六级考试大纲（2016年修订版）词表；未加★为四级词。
move,,,,cet4,official_syllabus_2016,2,全国大学英语四、六级考试大纲（2016年修订版）词表；未加★为四级词。
movement,,,,cet4,official_syllabus_2016,2,全国大学英语四、六级考试大纲（2016年修订版）词表；未加★为四级词。
movie,,,,cet4,official_syllabus_2016,2,全国大学英语四、六级考试大纲（2016年修订版）词表；未加★为四级词。
much,,,,cet4,official_syllabus_2016,2,全国大学英语四、六级考试大纲（2016年修订版）词表；未加★为四级词。
mud,,,,cet4,official_syllabus_2016,2,全国大学英语四、六级考试大纲（2016年修订版）词表；未加★为四级词。
muddy,,,,cet4,official_syllabus_2016,2,全国大学英语四、六级考试大纲（2016年修订版）词表；未加★为四级词。
mug,,,,cet4,official_syllabus_2016,2,全国大学英语四、六级考试大纲（2016年修订版）词表；未加★为四级词。
mule,,,,cet4,official_syllabus_2016,2,全国大学英语四、六级考试大纲（2016年修订版）词表；未加★为四级词。
multiple,,,,cet4,official_syllabus_2016,2,全国大学英语四、六级考试大纲（2016年修订版）词表；未加★为四级词。
multiply,,,,cet4,official_syllabus_2016,2,全国大学英语四、六级考试大纲（2016年修订版）词表；未加★为四级词。
multiplication,,,,cet4,official_syllabus_2016,2,全国大学英语四、六级考试大纲（2016年修订版）词表；未加★为四级词。
municipal,,,,cet4,official_syllabus_2016,2,全国大学英语四、六级考试大纲（2016年修订版）词表；未加★为四级词。
municipality,,,,cet4,official_syllabus_2016,2,全国大学英语四、六级考试大纲（2016年修订版）词表；未加★为四级词。
murder,,,,cet4,official_syllabus_2016,2,全国大学英语四、六级考试大纲（2016年修订版）词表；未加★为四级词。
murderous,,,,cet4,official_syllabus_2016,2,全国大学英语四、六级考试大纲（2016年修订版）词表；未加★为四级词。
muscle,,,,cet4,official_syllabus_2016,2,全国大学英语四、六级考试大纲（2016年修订版）词表；未加★为四级词。
muscular,,,,cet4,official_syllabus_2016,2,全国大学英语四、六级考试大纲（2016年修订版）词表；未加★为四级词。
museum,,,,cet4,official_syllabus_2016,2,全国大学英语四、六级考试大纲（2016年修订版）词表；未加★为四级词。
mushroom,,,,cet4,official_syllabus_2016,2,全国大学英语四、六级考试大纲（2016年修订版）词表；未加★为四级词。
music,,,,cet4,official_syllabus_2016,2,全国大学英语四、六级考试大纲（2016年修订版）词表；未加★为四级词。
musical,,,,cet4,official_syllabus_2016,2,全国大学英语四、六级考试大纲（2016年修订版）词表；未加★为四级词。
musician,,,,cet4,official_syllabus_2016,2,全国大学英语四、六级考试大纲（2016年修订版）词表；未加★为四级词。
must,,,,cet4,official_syllabus_2016,2,全国大学英语四、六级考试大纲（2016年修订版）词表；未加★为四级词。
mutual,,,,cet4,official_syllabus_2016,2,全国大学英语四、六级考试大纲（2016年修订版）词表；未加★为四级词。
my,,,,cet4,official_syllabus_2016,2,全国大学英语四、六级考试大纲（2016年修订版）词表；未加★为四级词。
myself,,,,cet4,official_syllabus_2016,2,全国大学英语四、六级考试大纲（2016年修订版）词表；未加★为四级词。
mystery,,,,cet4,official_syllabus_2016,2,全国大学英语四、六级考试大纲（2016年修订版）词表；未加★为四级词。
mysterious,,,,cet4,official_syllabus_2016,2,全国大学英语四、六级考试大纲（2016年修订版）词表；未加★为四级词。
myth,,,,cet4,official_syllabus_2016,2,全国大学英语四、六级考试大纲（2016年修订版）词表；未加★为四级词。
mythical,,,,cet4,official_syllabus_2016,2,全国大学英语四、六级考试大纲（2016年修订版）词表；未加★为四级词。
mythology,,,,cet4,official_syllabus_2016,2,全国大学英语四、六级考试大纲（2016年修订版）词表；未加★为四级词。
nail,,,,cet4,official_syllabus_2016,2,全国大学英语四、六级考试大纲（2016年修订版）词表；未加★为四级词。
naivety,,,,cet4,official_syllabus_2016,2,全国大学英语四、六级考试大纲（2016年修订版）词表；未加★为四级词。
naked,,,,cet4,official_syllabus_2016,2,全国大学英语四、六级考试大纲（2016年修订版）词表；未加★为四级词。
name,,,,cet4,official_syllabus_2016,2,全国大学英语四、六级考试大纲（2016年修订版）词表；未加★为四级词。
namely,,,,cet4,official_syllabus_2016,2,全国大学英语四、六级考试大纲（2016年修订版）词表；未加★为四级词。
nap,,,,cet4,official_syllabus_2016,2,全国大学英语四、六级考试大纲（2016年修订版）词表；未加★为四级词。
napkin,,,,cet4,official_syllabus_2016,2,全国大学英语四、六级考试大纲（2016年修订版）词表；未加★为四级词。
narrate,,,,cet4,official_syllabus_2016,2,全国大学英语四、六级考试大纲（2016年修订版）词表；未加★为四级词。
narration,,,,cet4,official_syllabus_2016,2,全国大学英语四、六级考试大纲（2016年修订版）词表；未加★为四级词。
narrative,,,,cet4,official_syllabus_2016,2,全国大学英语四、六级考试大纲（2016年修订版）词表；未加★为四级词。
narrator,,,,cet4,official_syllabus_2016,2,全国大学英语四、六级考试大纲（2016年修订版）词表；未加★为四级词。
narrow,,,,cet4,official_syllabus_2016,2,全国大学英语四、六级考试大纲（2016年修订版）词表；未加★为四级词。
narrowly,,,,cet4,official_syllabus_2016,2,全国大学英语四、六级考试大纲（2016年修订版）词表；未加★为四级词。
nasty,,,,cet4,official_syllabus_2016,2,全国大学英语四、六级考试大纲（2016年修订版）词表；未加★为四级词。
nation,,,,cet4,official_syllabus_2016,2,全国大学英语四、六级考试大纲（2016年修订版）词表；未加★为四级词。
national,,,,cet4,official_syllabus_2016,2,全国大学英语四、六级考试大纲（2016年修订版）词表；未加★为四级词。
nationality,,,,cet4,official_syllabus_2016,2,全国大学英语四、六级考试大纲（2016年修订版）词表；未加★为四级词。
nationalist,,,,cet4,official_syllabus_2016,2,全国大学英语四、六级考试大纲（2016年修订版）词表；未加★为四级词。
nationalism,,,,cet4,official_syllabus_2016,2,全国大学英语四、六级考试大纲（2016年修订版）词表；未加★为四级词。
nationwide,,,,cet4,official_syllabus_2016,2,全国大学英语四、六级考试大纲（2016年修订版）词表；未加★为四级词。
native,,,,cet4,official_syllabus_2016,2,全国大学英语四、六级考试大纲（2016年修订版）词表；未加★为四级词。
nature,,,,cet4,official_syllabus_2016,2,全国大学英语四、六级考试大纲（2016年修订版）词表；未加★为四级词。
natural,,,,cet4,official_syllabus_2016,2,全国大学英语四、六级考试大纲（2016年修订版）词表；未加★为四级词。
naturally,,,,cet4,official_syllabus_2016,2,全国大学英语四、六级考试大纲（2016年修订版）词表；未加★为四级词。
naughty,,,,cet4,official_syllabus_2016,2,全国大学英语四、六级考试大纲（2016年修订版）词表；未加★为四级词。
navigation,,,,cet4,official_syllabus_2016,2,全国大学英语四、六级考试大纲（2016年修订版）词表；未加★为四级词。
navy,,,,cet4,official_syllabus_2016,2,全国大学英语四、六级考试大纲（2016年修订版）词表；未加★为四级词。
naval,,,,cet4,official_syllabus_2016,2,全国大学英语四、六级考试大纲（2016年修订版）词表；未加★为四级词。
near,,,,cet4,official_syllabus_2016,2,全国大学英语四、六级考试大纲（2016年修订版）词表；未加★为四级词。
nearly,,,,cet4,official_syllabus_2016,2,全国大学英语四、六级考试大纲（2016年修订版）词表；未加★为四级词。
nearby,,,,cet4,official_syllabus_2016,2,全国大学英语四、六级考试大纲（2016年修订版）词表；未加★为四级词。
neat,,,,cet4,official_syllabus_2016,2,全国大学英语四、六级考试大纲（2016年修订版）词表；未加★为四级词。
necessary,,,,cet4,official_syllabus_2016,2,全国大学英语四、六级考试大纲（2016年修订版）词表；未加★为四级词。
necessarily,,,,cet4,official_syllabus_2016,2,全国大学英语四、六级考试大纲（2016年修订版）词表；未加★为四级词。
necessity,,,,cet4,official_syllabus_2016,2,全国大学英语四、六级考试大纲（2016年修订版）词表；未加★为四级词。
necessitate,,,,cet4,official_syllabus_2016,2,全国大学英语四、六级考试大纲（2016年修订版）词表；未加★为四级词。
neck,,,,cet4,official_syllabus_2016,2,全国大学英语四、六级考试大纲（2016年修订版）词表；未加★为四级词。
necklace,,,,cet4,official_syllabus_2016,2,全国大学英语四、六级考试大纲（2016年修订版）词表；未加★为四级词。
need,,,,cet4,official_syllabus_2016,2,全国大学英语四、六级考试大纲（2016年修订版）词表；未加★为四级词。
needy,,,,cet4,official_syllabus_2016,2,全国大学英语四、六级考试大纲（2016年修订版）词表；未加★为四级词。
needle,,,,cet4,official_syllabus_2016,2,全国大学英语四、六级考试大纲（2016年修订版）词表；未加★为四级词。
negate,,,,cet4,official_syllabus_2016,2,全国大学英语四、六级考试大纲（2016年修订版）词表；未加★为四级词。
negation,,,,cet4,official_syllabus_2016,2,全国大学英语四、六级考试大纲（2016年修订版）词表；未加★为四级词。
negative,,,,cet4,official_syllabus_2016,2,全国大学英语四、六级考试大纲（2016年修订版）词表；未加★为四级词。
neglect,,,,cet4,official_syllabus_2016,2,全国大学英语四、六级考试大纲（2016年修订版）词表；未加★为四级词。
neglectful,,,,cet4,official_syllabus_2016,2,全国大学英语四、六级考试大纲（2016年修订版）词表；未加★为四级词。
negligence,,,,cet4,official_syllabus_2016,2,全国大学英语四、六级考试大纲（2016年修订版）词表；未加★为四级词。
negotiate,,,,cet4,official_syllabus_2016,2,全国大学英语四、六级考试大纲（2016年修订版）词表；未加★为四级词。
negotiation,,,,cet4,official_syllabus_2016,2,全国大学英语四、六级考试大纲（2016年修订版）词表；未加★为四级词。
negotiable,,,,cet4,official_syllabus_2016,2,全国大学英语四、六级考试大纲（2016年修订版）词表；未加★为四级词。
neighbo(u)r,,,,cet4,official_syllabus_2016,2,全国大学英语四、六级考试大纲（2016年修订版）词表；未加★为四级词。
neighbo(u)rhood,,,,cet4,official_syllabus_2016,2,全国大学英语四、六级考试大纲（2016年修订版）词表；未加★为四级词。
neither,,,,cet4,official_syllabus_2016,2,全国大学英语四、六级考试大纲（2016年修订版）词表；未加★为四级词。
nephew,,,,cet4,official_syllabus_2016,2,全国大学英语四、六级考试大纲（2016年修订版）词表；未加★为四级词。
nerve,,,,cet4,official_syllabus_2016,2,全国大学英语四、六级考试大纲（2016年修订版）词表；未加★为四级词。
nervous,,,,cet4,official_syllabus_2016,2,全国大学英语四、六级考试大纲（2016年修订版）词表；未加★为四级词。
nest,,,,cet4,official_syllabus_2016,2,全国大学英语四、六级考试大纲（2016年修订版）词表；未加★为四级词。
net,,,,cet4,official_syllabus_2016,2,全国大学英语四、六级考试大纲（2016年修订版）词表；未加★为四级词。
network,,,,cet4,official_syllabus_2016,2,全国大学英语四、六级考试大纲（2016年修订版）词表；未加★为四级词。
networking,,,,cet4,official_syllabus_2016,2,全国大学英语四、六级考试大纲（2016年修订版）词表；未加★为四级词。
neutral,,,,cet4,official_syllabus_2016,2,全国大学英语四、六级考试大纲（2016年修订版）词表；未加★为四级词。
neutrality,,,,cet4,official_syllabus_2016,2,全国大学英语四、六级考试大纲（2016年修订版）词表；未加★为四级词。
never,,,,cet4,official_syllabus_2016,2,全国大学英语四、六级考试大纲（2016年修订版）词表；未加★为四级词。
nevertheless,,,,cet4,official_syllabus_2016,2,全国大学英语四、六级考试大纲（2016年修订版）词表；未加★为四级词。
new,,,,cet4,official_syllabus_2016,2,全国大学英语四、六级考试大纲（2016年修订版）词表；未加★为四级词。
news,,,,cet4,official_syllabus_2016,2,全国大学英语四、六级考试大纲（2016年修订版）词表；未加★为四级词。
newspaper,,,,cet4,official_syllabus_2016,2,全国大学英语四、六级考试大纲（2016年修订版）词表；未加★为四级词。
next,,,,cet4,official_syllabus_2016,2,全国大学英语四、六级考试大纲（2016年修订版）词表；未加★为四级词。
nice,,,,cet4,official_syllabus_2016,2,全国大学英语四、六级考试大纲（2016年修订版）词表；未加★为四级词。
nicety,,,,cet4,official_syllabus_2016,2,全国大学英语四、六级考试大纲（2016年修订版）词表；未加★为四级词。
nickel,,,,cet4,official_syllabus_2016,2,全国大学英语四、六级考试大纲（2016年修订版）词表；未加★为四级词。
niece,,,,cet4,official_syllabus_2016,2,全国大学英语四、六级考试大纲（2016年修订版）词表；未加★为四级词。
night,,,,cet4,official_syllabus_2016,2,全国大学英语四、六级考试大纲（2016年修订版）词表；未加★为四级词。
nightly,,,,cet4,official_syllabus_2016,2,全国大学英语四、六级考试大纲（2016年修订版）词表；未加★为四级词。
nightmare,,,,cet4,official_syllabus_2016,2,全国大学英语四、六级考试大纲（2016年修订版）词表；未加★为四级词。
nine,,,,cet4,official_syllabus_2016,2,全国大学英语四、六级考试大纲（2016年修订版）词表；未加★为四级词。
nineteen,,,,cet4,official_syllabus_2016,2,全国大学英语四、六级考试大纲（2016年修订版）词表；未加★为四级词。
ninety,,,,cet4,official_syllabus_2016,2,全国大学英语四、六级考试大纲（2016年修订版）词表；未加★为四级词。
ninth,,,,cet4,official_syllabus_2016,2,全国大学英语四、六级考试大纲（2016年修订版）词表；未加★为四级词。
no,,,,cet4,official_syllabus_2016,2,全国大学英语四、六级考试大纲（2016年修订版）词表；未加★为四级词。
noble,,,,cet4,official_syllabus_2016,2,全国大学英语四、六级考试大纲（2016年修订版）词表；未加★为四级词。
nobility,,,,cet4,official_syllabus_2016,2,全国大学英语四、六级考试大纲（2016年修订版）词表；未加★为四级词。
nobody,,,,cet4,official_syllabus_2016,2,全国大学英语四、六级考试大纲（2016年修订版）词表；未加★为四级词。
nod,,,,cet4,official_syllabus_2016,2,全国大学英语四、六级考试大纲（2016年修订版）词表；未加★为四级词。
noise,,,,cet4,official_syllabus_2016,2,全国大学英语四、六级考试大纲（2016年修订版）词表；未加★为四级词。
noisy,,,,cet4,official_syllabus_2016,2,全国大学英语四、六级考试大纲（2016年修订版）词表；未加★为四级词。
nomination,,,,cet4,official_syllabus_2016,2,全国大学英语四、六级考试大纲（2016年修订版）词表；未加★为四级词。
nominee,,,,cet4,official_syllabus_2016,2,全国大学英语四、六级考试大纲（2016年修订版）词表；未加★为四级词。
none,,,,cet4,official_syllabus_2016,2,全国大学英语四、六级考试大纲（2016年修订版）词表；未加★为四级词。
nonsense,,,,cet4,official_syllabus_2016,2,全国大学英语四、六级考试大纲（2016年修订版）词表；未加★为四级词。
noodle,,,,cet4,official_syllabus_2016,2,全国大学英语四、六级考试大纲（2016年修订版）词表；未加★为四级词。
noon,,,,cet4,official_syllabus_2016,2,全国大学英语四、六级考试大纲（2016年修订版）词表；未加★为四级词。
nor,,,,cet4,official_syllabus_2016,2,全国大学英语四、六级考试大纲（2016年修订版）词表；未加★为四级词。
norm,,,,cet4,official_syllabus_2016,2,全国大学英语四、六级考试大纲（2016年修订版）词表；未加★为四级词。
normal,,,,cet4,official_syllabus_2016,2,全国大学英语四、六级考试大纲（2016年修订版）词表；未加★为四级词。
normally,,,,cet4,official_syllabus_2016,2,全国大学英语四、六级考试大纲（2016年修订版）词表；未加★为四级词。
north,,,,cet4,official_syllabus_2016,2,全国大学英语四、六级考试大纲（2016年修订版）词表；未加★为四级词。
northern,,,,cet4,official_syllabus_2016,2,全国大学英语四、六级考试大纲（2016年修订版）词表；未加★为四级词。
northeast,,,,cet4,official_syllabus_2016,2,全国大学英语四、六级考试大纲（2016年修订版）词表；未加★为四级词。
northeastern,,,,cet4,official_syllabus_2016,2,全国大学英语四、六级考试大纲（2016年修订版）词表；未加★为四级词。
northwest,,,,cet4,official_syllabus_2016,2,全国大学英语四、六级考试大纲（2016年修订版）词表；未加★为四级词。
northwestern,,,,cet4,official_syllabus_2016,2,全国大学英语四、六级考试大纲（2016年修订版）词表；未加★为四级词。
nose,,,,cet4,official_syllabus_2016,2,全国大学英语四、六级考试大纲（2016年修订版）词表；未加★为四级词。
nosy,,,,cet4,official_syllabus_2016,2,全国大学英语四、六级考试大纲（2016年修订版）词表；未加★为四级词。
not,,,,cet4,official_syllabus_2016,2,全国大学英语四、六级考试大纲（2016年修订版）词表；未加★为四级词。
note,,,,cet4,official_syllabus_2016,2,全国大学英语四、六级考试大纲（2016年修订版）词表；未加★为四级词。
notation,,,,cet4,official_syllabus_2016,2,全国大学英语四、六级考试大纲（2016年修订版）词表；未加★为四级词。
notable,,,,cet4,official_syllabus_2016,2,全国大学英语四、六级考试大纲（2016年修订版）词表；未加★为四级词。
notebook,,,,cet4,official_syllabus_2016,2,全国大学英语四、六级考试大纲（2016年修订版）词表；未加★为四级词。
nothing,,,,cet4,official_syllabus_2016,2,全国大学英语四、六级考试大纲（2016年修订版）词表；未加★为四级词。
notice,,,,cet4,official_syllabus_2016,2,全国大学英语四、六级考试大纲（2016年修订版）词表；未加★为四级词。
noticeable,,,,cet4,official_syllabus_2016,2,全国大学英语四、六级考试大纲（2016年修订版）词表；未加★为四级词。
notify,,,,cet4,official_syllabus_2016,2,全国大学英语四、六级考试大纲（2016年修订版）词表；未加★为四级词。
notification,,,,cet4,official_syllabus_2016,2,全国大学英语四、六级考试大纲（2016年修订版）词表；未加★为四级词。
notion,,,,cet4,official_syllabus_2016,2,全国大学英语四、六级考试大纲（2016年修订版）词表；未加★为四级词。
notional,,,,cet4,official_syllabus_2016,2,全国大学英语四、六级考试大纲（2016年修订版）词表；未加★为四级词。
notoriety,,,,cet4,official_syllabus_2016,2,全国大学英语四、六级考试大纲（2016年修订版）词表；未加★为四级词。
noun,,,,cet4,official_syllabus_2016,2,全国大学英语四、六级考试大纲（2016年修订版）词表；未加★为四级词。
nourish,,,,cet4,official_syllabus_2016,2,全国大学英语四、六级考试大纲（2016年修订版）词表；未加★为四级词。
nourishment,,,,cet4,official_syllabus_2016,2,全国大学英语四、六级考试大纲（2016年修订版）词表；未加★为四级词。
novel,,,,cet4,official_syllabus_2016,2,全国大学英语四、六级考试大纲（2016年修订版）词表；未加★为四级词。
novelist,,,,cet4,official_syllabus_2016,2,全国大学英语四、六级考试大纲（2016年修订版）词表；未加★为四级词。
novelty,,,,cet4,official_syllabus_2016,2,全国大学英语四、六级考试大纲（2016年修订版）词表；未加★为四级词。
November,,,,cet4,official_syllabus_2016,2,全国大学英语四、六级考试大纲（2016年修订版）词表；未加★为四级词。
now,,,,cet4,official_syllabus_2016,2,全国大学英语四、六级考试大纲（2016年修订版）词表；未加★为四级词。
nowadays,,,,cet4,official_syllabus_2016,2,全国大学英语四、六级考试大纲（2016年修订版）词表；未加★为四级词。
nowhere,,,,cet4,official_syllabus_2016,2,全国大学英语四、六级考试大纲（2016年修订版）词表；未加★为四级词。
nuclear,,,,cet4,official_syllabus_2016,2,全国大学英语四、六级考试大纲（2016年修订版）词表；未加★为四级词。
nucleus,,,,cet4,official_syllabus_2016,2,全国大学英语四、六级考试大纲（2016年修订版）词表；未加★为四级词。
nude,,,,cet4,official_syllabus_2016,2,全国大学英语四、六级考试大纲（2016年修订版）词表；未加★为四级词。
nudity,,,,cet4,official_syllabus_2016,2,全国大学英语四、六级考试大纲（2016年修订版）词表；未加★为四级词。
nuisance,,,,cet4,official_syllabus_2016,2,全国大学英语四、六级考试大纲（2016年修订版）词表；未加★为四级词。
number,,,,cet4,official_syllabus_2016,2,全国大学英语四、六级考试大纲（2016年修订版）词表；未加★为四级词。
numerous,,,,cet4,official_syllabus_2016,2,全国大学英语四、六级考试大纲（2016年修订版）词表；未加★为四级词。
nurse,,,,cet4,official_syllabus_2016,2,全国大学英语四、六级考试大纲（2016年修订版）词表；未加★为四级词。
nursery,,,,cet4,official_syllabus_2016,2,全国大学英语四、六级考试大纲（2016年修订版）词表；未加★为四级词。
nut,,,,cet4,official_syllabus_2016,2,全国大学英语四、六级考试大纲（2016年修订版）词表；未加★为四级词。
nutrition,,,,cet4,official_syllabus_2016,2,全国大学英语四、六级考试大纲（2016年修订版）词表；未加★为四级词。
nutrient,,,,cet4,official_syllabus_2016,2,全国大学英语四、六级考试大纲（2016年修订版）词表；未加★为四级词。
obese,,,,cet4,official_syllabus_2016,2,全国大学英语四、六级考试大纲（2016年修订版）词表；未加★为四级词。
obesity,,,,cet4,official_syllabus_2016,2,全国大学英语四、六级考试大纲（2016年修订版）词表；未加★为四级词。
obey,,,,cet4,official_syllabus_2016,2,全国大学英语四、六级考试大纲（2016年修订版）词表；未加★为四级词。
obedient,,,,cet4,official_syllabus_2016,2,全国大学英语四、六级考试大纲（2016年修订版）词表；未加★为四级词。
obedience,,,,cet4,official_syllabus_2016,2,全国大学英语四、六级考试大纲（2016年修订版）词表；未加★为四级词。
object,,,,cet4,official_syllabus_2016,2,全国大学英语四、六级考试大纲（2016年修订版）词表；未加★为四级词。
objection,,,,cet4,official_syllabus_2016,2,全国大学英语四、六级考试大纲（2016年修订版）词表；未加★为四级词。
objective,,,,cet4,official_syllabus_2016,2,全国大学英语四、六级考试大纲（2016年修订版）词表；未加★为四级词。
oblige,,,,cet4,official_syllabus_2016,2,全国大学英语四、六级考试大纲（2016年修订版）词表；未加★为四级词。
obligation,,,,cet4,official_syllabus_2016,2,全国大学英语四、六级考试大纲（2016年修订版）词表；未加★为四级词。
obliged,,,,cet4,official_syllabus_2016,2,全国大学英语四、六级考试大纲（2016年修订版）词表；未加★为四级词。
obligatory,,,,cet4,official_syllabus_2016,2,全国大学英语四、六级考试大纲（2016年修订版）词表；未加★为四级词。
obscenity,,,,cet4,official_syllabus_2016,2,全国大学英语四、六级考试大纲（2016年修订版）词表；未加★为四级词。
obscurity,,,,cet4,official_syllabus_2016,2,全国大学英语四、六级考试大纲（2016年修订版）词表；未加★为四级词。
observe,,,,cet4,official_syllabus_2016,2,全国大学英语四、六级考试大纲（2016年修订版）词表；未加★为四级词。
observation,,,,cet4,official_syllabus_2016,2,全国大学英语四、六级考试大纲（2016年修订版）词表；未加★为四级词。
observer,,,,cet4,official_syllabus_2016,2,全国大学英语四、六级考试大纲（2016年修订版）词表；未加★为四级词。
observant,,,,cet4,official_syllabus_2016,2,全国大学英语四、六级考试大纲（2016年修订版）词表；未加★为四级词。
obsession,,,,cet4,official_syllabus_2016,2,全国大学英语四、六级考试大纲（2016年修订版）词表；未加★为四级词。
obsessive,,,,cet4,official_syllabus_2016,2,全国大学英语四、六级考试大纲（2016年修订版）词表；未加★为四级词。
obstacle,,,,cet4,official_syllabus_2016,2,全国大学英语四、六级考试大纲（2016年修订版）词表；未加★为四级词。
obstruction,,,,cet4,official_syllabus_2016,2,全国大学英语四、六级考试大纲（2016年修订版）词表；未加★为四级词。
obtain,,,,cet4,official_syllabus_2016,2,全国大学英语四、六级考试大纲（2016年修订版）词表；未加★为四级词。
obtainment,,,,cet4,official_syllabus_2016,2,全国大学英语四、六级考试大纲（2016年修订版）词表；未加★为四级词。
obvious,,,,cet4,official_syllabus_2016,2,全国大学英语四、六级考试大纲（2016年修订版）词表；未加★为四级词。
obviously,,,,cet4,official_syllabus_2016,2,全国大学英语四、六级考试大纲（2016年修订版）词表；未加★为四级词。
occasion,,,,cet4,official_syllabus_2016,2,全国大学英语四、六级考试大纲（2016年修订版）词表；未加★为四级词。
occasional,,,,cet4,official_syllabus_2016,2,全国大学英语四、六级考试大纲（2016年修订版）词表；未加★为四级词。
occasionally,,,,cet4,official_syllabus_2016,2,全国大学英语四、六级考试大纲（2016年修订版）词表；未加★为四级词。
occupation,,,,cet4,official_syllabus_2016,2,全国大学英语四、六级考试大纲（2016年修订版）词表；未加★为四级词。
occupational,,,,cet4,official_syllabus_2016,2,全国大学英语四、六级考试大纲（2016年修订版）词表；未加★为四级词。
occupy,,,,cet4,official_syllabus_2016,2,全国大学英语四、六级考试大纲（2016年修订版）词表；未加★为四级词。
occupancy,,,,cet4,official_syllabus_2016,2,全国大学英语四、六级考试大纲（2016年修订版）词表；未加★为四级词。
occupant,,,,cet4,official_syllabus_2016,2,全国大学英语四、六级考试大纲（2016年修订版）词表；未加★为四级词。
occur,,,,cet4,official_syllabus_2016,2,全国大学英语四、六级考试大纲（2016年修订版）词表；未加★为四级词。
occurrence,,,,cet4,official_syllabus_2016,2,全国大学英语四、六级考试大纲（2016年修订版）词表；未加★为四级词。
ocean,,,,cet4,official_syllabus_2016,2,全国大学英语四、六级考试大纲（2016年修订版）词表；未加★为四级词。
oceanic,,,,cet4,official_syllabus_2016,2,全国大学英语四、六级考试大纲（2016年修订版）词表；未加★为四级词。
o'clock,,,,cet4,official_syllabus_2016,2,全国大学英语四、六级考试大纲（2016年修订版）词表；未加★为四级词。
October,,,,cet4,official_syllabus_2016,2,全国大学英语四、六级考试大纲（2016年修订版）词表；未加★为四级词。
odd,,,,cet4,official_syllabus_2016,2,全国大学英语四、六级考试大纲（2016年修订版）词表；未加★为四级词。
oddity,,,,cet4,official_syllabus_2016,2,全国大学英语四、六级考试大纲（2016年修订版）词表；未加★为四级词。
odds,,,,cet4,official_syllabus_2016,2,全国大学英语四、六级考试大纲（2016年修订版）词表；未加★为四级词。
odo(u)r,,,,cet4,official_syllabus_2016,2,全国大学英语四、六级考试大纲（2016年修订版）词表；未加★为四级词。
odorous,,,,cet4,official_syllabus_2016,2,全国大学英语四、六级考试大纲（2016年修订版）词表；未加★为四级词。
of,,,,cet4,official_syllabus_2016,2,全国大学英语四、六级考试大纲（2016年修订版）词表；未加★为四级词。
off,,,,cet4,official_syllabus_2016,2,全国大学英语四、六级考试大纲（2016年修订版）词表；未加★为四级词。
offend,,,,cet4,official_syllabus_2016,2,全国大学英语四、六级考试大纲（2016年修订版）词表；未加★为四级词。
offensive,,,,cet4,official_syllabus_2016,2,全国大学英语四、六级考试大纲（2016年修订版）词表；未加★为四级词。
offender,,,,cet4,official_syllabus_2016,2,全国大学英语四、六级考试大纲（2016年修订版）词表；未加★为四级词。
offer,,,,cet4,official_syllabus_2016,2,全国大学英语四、六级考试大纲（2016年修订版）词表；未加★为四级词。
offering,,,,cet4,official_syllabus_2016,2,全国大学英语四、六级考试大纲（2016年修订版）词表；未加★为四级词。
office,,,,cet4,official_syllabus_2016,2,全国大学英语四、六级考试大纲（2016年修订版）词表；未加★为四级词。
officer,,,,cet4,official_syllabus_2016,2,全国大学英语四、六级考试大纲（2016年修订版）词表；未加★为四级词。
official,,,,cet4,official_syllabus_2016,2,全国大学英语四、六级考试大纲（2016年修订版）词表；未加★为四级词。
often/oftentimes,,,,cet4,official_syllabus_2016,2,全国大学英语四、六级考试大纲（2016年修订版）词表；未加★为四级词。
oil,,,,cet4,official_syllabus_2016,2,全国大学英语四、六级考试大纲（2016年修订版）词表；未加★为四级词。
oily,,,,cet4,official_syllabus_2016,2,全国大学英语四、六级考试大纲（2016年修订版）词表；未加★为四级词。
okay,,,,cet4,official_syllabus_2016,2,全国大学英语四、六级考试大纲（2016年修订版）词表；未加★为四级词。
old,,,,cet4,official_syllabus_2016,2,全国大学英语四、六级考试大纲（2016年修订版）词表；未加★为四级词。
Olympic,,,,cet4,official_syllabus_2016,2,全国大学英语四、六级考试大纲（2016年修订版）词表；未加★为四级词。
Olympics,,,,cet4,official_syllabus_2016,2,全国大学英语四、六级考试大纲（2016年修订版）词表；未加★为四级词。
Olympiad,,,,cet4,official_syllabus_2016,2,全国大学英语四、六级考试大纲（2016年修订版）词表；未加★为四级词。
omit,,,,cet4,official_syllabus_2016,2,全国大学英语四、六级考试大纲（2016年修订版）词表；未加★为四级词。
omission,,,,cet4,official_syllabus_2016,2,全国大学英语四、六级考试大纲（2016年修订版）词表；未加★为四级词。
on,,,,cet4,official_syllabus_2016,2,全国大学英语四、六级考试大纲（2016年修订版）词表；未加★为四级词。
once,,,,cet4,official_syllabus_2016,2,全国大学英语四、六级考试大纲（2016年修订版）词表；未加★为四级词。
one,,,,cet4,official_syllabus_2016,2,全国大学英语四、六级考试大纲（2016年修订版）词表；未加★为四级词。
oneself,,,,cet4,official_syllabus_2016,2,全国大学英语四、六级考试大纲（2016年修订版）词表；未加★为四级词。
ongoing,,,,cet4,official_syllabus_2016,2,全国大学英语四、六级考试大纲（2016年修订版）词表；未加★为四级词。
onion,,,,cet4,official_syllabus_2016,2,全国大学英语四、六级考试大纲（2016年修订版）词表；未加★为四级词。
online,,,,cet4,official_syllabus_2016,2,全国大学英语四、六级考试大纲（2016年修订版）词表；未加★为四级词。
only,,,,cet4,official_syllabus_2016,2,全国大学英语四、六级考试大纲（2016年修订版）词表；未加★为四级词。
onto,,,,cet4,official_syllabus_2016,2,全国大学英语四、六级考试大纲（2016年修订版）词表；未加★为四级词。
onward,,,,cet4,official_syllabus_2016,2,全国大学英语四、六级考试大纲（2016年修订版）词表；未加★为四级词。
open,,,,cet4,official_syllabus_2016,2,全国大学英语四、六级考试大纲（2016年修订版）词表；未加★为四级词。
opener,,,,cet4,official_syllabus_2016,2,全国大学英语四、六级考试大纲（2016年修订版）词表；未加★为四级词。
opening,,,,cet4,official_syllabus_2016,2,全国大学英语四、六级考试大纲（2016年修订版）词表；未加★为四级词。
openly,,,,cet4,official_syllabus_2016,2,全国大学英语四、六级考试大纲（2016年修订版）词表；未加★为四级词。
opera,,,,cet4,official_syllabus_2016,2,全国大学英语四、六级考试大纲（2016年修订版）词表；未加★为四级词。
operate,,,,cet4,official_syllabus_2016,2,全国大学英语四、六级考试大纲（2016年修订版）词表；未加★为四级词。
operation,,,,cet4,official_syllabus_2016,2,全国大学英语四、六级考试大纲（2016年修订版）词表；未加★为四级词。
operational,,,,cet4,official_syllabus_2016,2,全国大学英语四、六级考试大纲（2016年修订版）词表；未加★为四级词。
operator,,,,cet4,official_syllabus_2016,2,全国大学英语四、六级考试大纲（2016年修订版）词表；未加★为四级词。
opinion,,,,cet4,official_syllabus_2016,2,全国大学英语四、六级考试大纲（2016年修订版）词表；未加★为四级词。
opportunity,,,,cet4,official_syllabus_2016,2,全国大学英语四、六级考试大纲（2016年修订版）词表；未加★为四级词。
oppose,,,,cet4,official_syllabus_2016,2,全国大学英语四、六级考试大纲（2016年修订版）词表；未加★为四级词。
opposition,,,,cet4,official_syllabus_2016,2,全国大学英语四、六级考试大纲（2016年修订版）词表；未加★为四级词。
opponent,,,,cet4,official_syllabus_2016,2,全国大学英语四、六级考试大纲（2016年修订版）词表；未加★为四级词。
opposite,,,,cet4,official_syllabus_2016,2,全国大学英语四、六级考试大纲（2016年修订版）词表；未加★为四级词。
oppression,,,,cet4,official_syllabus_2016,2,全国大学英语四、六级考试大纲（2016年修订版）词表；未加★为四级词。
oppressive,,,,cet4,official_syllabus_2016,2,全国大学英语四、六级考试大纲（2016年修订版）词表；未加★为四级词。
opt,,,,cet4,official_syllabus_2016,2,全国大学英语四、六级考试大纲（2016年修订版）词表；未加★为四级词。
option,,,,cet4,official_syllabus_2016,2,全国大学英语四、六级考试大纲（2016年修订版）词表；未加★为四级词。
optional,,,,cet4,official_syllabus_2016,2,全国大学英语四、六级考试大纲（2016年修订版）词表；未加★为四级词。
optical,,,,cet4,official_syllabus_2016,2,全国大学英语四、六级考试大纲（2016年修订版）词表；未加★为四级词。
optimism,,,,cet4,official_syllabus_2016,2,全国大学英语四、六级考试大纲（2016年修订版）词表；未加★为四级词。
optimistic,,,,cet4,official_syllabus_2016,2,全国大学英语四、六级考试大纲（2016年修订版）词表；未加★为四级词。
optimist,,,,cet4,official_syllabus_2016,2,全国大学英语四、六级考试大纲（2016年修订版）词表；未加★为四级词。
optimal,,,,cet4,official_syllabus_2016,2,全国大学英语四、六级考试大纲（2016年修订版）词表；未加★为四级词。
or,,,,cet4,official_syllabus_2016,2,全国大学英语四、六级考试大纲（2016年修订版）词表；未加★为四级词。
oral,,,,cet4,official_syllabus_2016,2,全国大学英语四、六级考试大纲（2016年修订版）词表；未加★为四级词。
orange,,,,cet4,official_syllabus_2016,2,全国大学英语四、六级考试大纲（2016年修订版）词表；未加★为四级词。
orbit,,,,cet4,official_syllabus_2016,2,全国大学英语四、六级考试大纲（2016年修订版）词表；未加★为四级词。
orbital,,,,cet4,official_syllabus_2016,2,全国大学英语四、六级考试大纲（2016年修订版）词表；未加★为四级词。
orchestra,,,,cet4,official_syllabus_2016,2,全国大学英语四、六级考试大纲（2016年修订版）词表；未加★为四级词。
order,,,,cet4,official_syllabus_2016,2,全国大学英语四、六级考试大纲（2016年修订版）词表；未加★为四级词。
orderly,,,,cet4,official_syllabus_2016,2,全国大学英语四、六级考试大纲（2016年修订版）词表；未加★为四级词。
ordinary,,,,cet4,official_syllabus_2016,2,全国大学英语四、六级考试大纲（2016年修订版）词表；未加★为四级词。
ore,,,,cet4,official_syllabus_2016,2,全国大学英语四、六级考试大纲（2016年修订版）词表；未加★为四级词。
organ,,,,cet4,official_syllabus_2016,2,全国大学英语四、六级考试大纲（2016年修订版）词表；未加★为四级词。
organic,,,,cet4,official_syllabus_2016,2,全国大学英语四、六级考试大纲（2016年修订版）词表；未加★为四级词。
organism,,,,cet4,official_syllabus_2016,2,全国大学英语四、六级考试大纲（2016年修订版）词表；未加★为四级词。
orient,,,,cet4,official_syllabus_2016,2,全国大学英语四、六级考试大纲（2016年修订版）词表；未加★为四级词。
orientation,,,,cet4,official_syllabus_2016,2,全国大学英语四、六级考试大纲（2016年修订版）词表；未加★为四级词。
oriental,,,,cet4,official_syllabus_2016,2,全国大学英语四、六级考试大纲（2016年修订版）词表；未加★为四级词。
origin,,,,cet4,official_syllabus_2016,2,全国大学英语四、六级考试大纲（2016年修订版）词表；未加★为四级词。
original,,,,cet4,official_syllabus_2016,2,全国大学英语四、六级考试大纲（2016年修订版）词表；未加★为四级词。
originality,,,,cet4,official_syllabus_2016,2,全国大学英语四、六级考试大纲（2016年修订版）词表；未加★为四级词。
originate,,,,cet4,official_syllabus_2016,2,全国大学英语四、六级考试大纲（2016年修订版）词表；未加★为四级词。
ornament,,,,cet4,official_syllabus_2016,2,全国大学英语四、六级考试大纲（2016年修订版）词表；未加★为四级词。
ornamental,,,,cet4,official_syllabus_2016,2,全国大学英语四、六级考试大纲（2016年修订版）词表；未加★为四级词。
orphan,,,,cet4,official_syllabus_2016,2,全国大学英语四、六级考试大纲（2016年修订版）词表；未加★为四级词。
orphanage,,,,cet4,official_syllabus_2016,2,全国大学英语四、六级考试大纲（2016年修订版）词表；未加★为四级词。
other,,,,cet4,official_syllabus_2016,2,全国大学英语四、六级考试大纲（2016年修订版）词表；未加★为四级词。
otherwise,,,,cet4,official_syllabus_2016,2,全国大学英语四、六级考试大纲（2016年修订版）词表；未加★为四级词。
oughtto,,,,cet4,official_syllabus_2016,2,全国大学英语四、六级考试大纲（2016年修订版）词表；未加★为四级词。
ounce,,,,cet4,official_syllabus_2016,2,全国大学英语四、六级考试大纲（2016年修订版）词表；未加★为四级词。
our,,,,cet4,official_syllabus_2016,2,全国大学英语四、六级考试大纲（2016年修订版）词表；未加★为四级词。
ours,,,,cet4,official_syllabus_2016,2,全国大学英语四、六级考试大纲（2016年修订版）词表；未加★为四级词。
ourselves,,,,cet4,official_syllabus_2016,2,全国大学英语四、六级考试大纲（2016年修订版）词表；未加★为四级词。
out,,,,cet4,official_syllabus_2016,2,全国大学英语四、六级考试大纲（2016年修订版）词表；未加★为四级词。
outbreak,,,,cet4,official_syllabus_2016,2,全国大学英语四、六级考试大纲（2016年修订版）词表；未加★为四级词。
outcome,,,,cet4,official_syllabus_2016,2,全国大学英语四、六级考试大纲（2016年修订版）词表；未加★为四级词。
outdated,,,,cet4,official_syllabus_2016,2,全国大学英语四、六级考试大纲（2016年修订版）词表；未加★为四级词。
outdoor,,,,cet4,official_syllabus_2016,2,全国大学英语四、六级考试大纲（2016年修订版）词表；未加★为四级词。
outdoors,,,,cet4,official_syllabus_2016,2,全国大学英语四、六级考试大纲（2016年修订版）词表；未加★为四级词。
outer,,,,cet4,official_syllabus_2016,2,全国大学英语四、六级考试大纲（2016年修订版）词表；未加★为四级词。
outgoing,,,,cet4,official_syllabus_2016,2,全国大学英语四、六级考试大纲（2016年修订版）词表；未加★为四级词。
outing,,,,cet4,official_syllabus_2016,2,全国大学英语四、六级考试大纲（2016年修订版）词表；未加★为四级词。
outlet,,,,cet4,official_syllabus_2016,2,全国大学英语四、六级考试大纲（2016年修订版）词表；未加★为四级词。
outline,,,,cet4,official_syllabus_2016,2,全国大学英语四、六级考试大纲（2016年修订版）词表；未加★为四级词。
outlook,,,,cet4,official_syllabus_2016,2,全国大学英语四、六级考试大纲（2016年修订版）词表；未加★为四级词。
output,,,,cet4,official_syllabus_2016,2,全国大学英语四、六级考试大纲（2016年修订版）词表；未加★为四级词。
outrageous,,,,cet4,official_syllabus_2016,2,全国大学英语四、六级考试大纲（2016年修订版）词表；未加★为四级词。
outset,,,,cet4,official_syllabus_2016,2,全国大学英语四、六级考试大纲（2016年修订版）词表；未加★为四级词。
outside,,,,cet4,official_syllabus_2016,2,全国大学英语四、六级考试大纲（2016年修订版）词表；未加★为四级词。
outsider,,,,cet4,official_syllabus_2016,2,全国大学英语四、六级考试大纲（2016年修订版）词表；未加★为四级词。
outskirts,,,,cet4,official_syllabus_2016,2,全国大学英语四、六级考试大纲（2016年修订版）词表；未加★为四级词。
outstanding,,,,cet4,official_syllabus_2016,2,全国大学英语四、六级考试大纲（2016年修订版）词表；未加★为四级词。
outward,,,,cet4,official_syllabus_2016,2,全国大学英语四、六级考试大纲（2016年修订版）词表；未加★为四级词。
outwards,,,,cet4,official_syllabus_2016,2,全国大学英语四、六级考试大纲（2016年修订版）词表；未加★为四级词。
oval,,,,cet4,official_syllabus_2016,2,全国大学英语四、六级考试大纲（2016年修订版）词表；未加★为四级词。
oven,,,,cet4,official_syllabus_2016,2,全国大学英语四、六级考试大纲（2016年修订版）词表；未加★为四级词。
over,,,,cet4,official_syllabus_2016,2,全国大学英语四、六级考试大纲（2016年修订版）词表；未加★为四级词。
overall,,,,cet4,official_syllabus_2016,2,全国大学英语四、六级考试大纲（2016年修订版）词表；未加★为四级词。
overcoat,,,,cet4,official_syllabus_2016,2,全国大学英语四、六级考试大纲（2016年修订版）词表；未加★为四级词。
overcome,,,,cet4,official_syllabus_2016,2,全国大学英语四、六级考试大纲（2016年修订版）词表；未加★为四级词。
overdue,,,,cet4,official_syllabus_2016,2,全国大学英语四、六级考试大纲（2016年修订版）词表；未加★为四级词。
overhead,,,,cet4,official_syllabus_2016,2,全国大学英语四、六级考试大纲（2016年修订版）词表；未加★为四级词。
overhear,,,,cet4,official_syllabus_2016,2,全国大学英语四、六级考试大纲（2016年修订版）词表；未加★为四级词。
overlook,,,,cet4,official_syllabus_2016,2,全国大学英语四、六级考试大纲（2016年修订版）词表；未加★为四级词。
overnight,,,,cet4,official_syllabus_2016,2,全国大学英语四、六级考试大纲（2016年修订版）词表；未加★为四级词。
overseas,,,,cet4,official_syllabus_2016,2,全国大学英语四、六级考试大纲（2016年修订版）词表；未加★为四级词。
oversee,,,,cet4,official_syllabus_2016,2,全国大学英语四、六级考试大纲（2016年修订版）词表；未加★为四级词。
oversight,,,,cet4,official_syllabus_2016,2,全国大学英语四、六级考试大纲（2016年修订版）词表；未加★为四级词。
overtake,,,,cet4,official_syllabus_2016,2,全国大学英语四、六级考试大纲（2016年修订版）词表；未加★为四级词。
overthrow,,,,cet4,official_syllabus_2016,2,全国大学英语四、六级考试大纲（2016年修订版）词表；未加★为四级词。
overtime,,,,cet4,official_syllabus_2016,2,全国大学英语四、六级考试大纲（2016年修订版）词表；未加★为四级词。
overwhelm,,,,cet4,official_syllabus_2016,2,全国大学英语四、六级考试大纲（2016年修订版）词表；未加★为四级词。
overwhelming,,,,cet4,official_syllabus_2016,2,全国大学英语四、六级考试大纲（2016年修订版）词表；未加★为四级词。
overwhelmingly,,,,cet4,official_syllabus_2016,2,全国大学英语四、六级考试大纲（2016年修订版）词表；未加★为四级词。
owe,,,,cet4,official_syllabus_2016,2,全国大学英语四、六级考试大纲（2016年修订版）词表；未加★为四级词。
owingto,,,,cet4,official_syllabus_2016,2,全国大学英语四、六级考试大纲（2016年修订版）词表；未加★为四级词。
own,,,,cet4,official_syllabus_2016,2,全国大学英语四、六级考试大纲（2016年修订版）词表；未加★为四级词。
owner,,,,cet4,official_syllabus_2016,2,全国大学英语四、六级考试大纲（2016年修订版）词表；未加★为四级词。
ownership,,,,cet4,official_syllabus_2016,2,全国大学英语四、六级考试大纲（2016年修订版）词表；未加★为四级词。
ox,,,,cet4,official_syllabus_2016,2,全国大学英语四、六级考试大纲（2016年修订版）词表；未加★为四级词。
oxygen,,,,cet4,official_syllabus_2016,2,全国大学英语四、六级考试大纲（2016年修订版）词表；未加★为四级词。
ozone,,,,cet4,official_syllabus_2016,2,全国大学英语四、六级考试大纲（2016年修订版）词表；未加★为四级词。
pace,,,,cet4,official_syllabus_2016,2,全国大学英语四、六级考试大纲（2016年修订版）词表；未加★为四级词。
pack,,,,cet4,official_syllabus_2016,2,全国大学英语四、六级考试大纲（2016年修订版）词表；未加★为四级词。
package,,,,cet4,official_syllabus_2016,2,全国大学英语四、六级考试大纲（2016年修订版）词表；未加★为四级词。
packet,,,,cet4,official_syllabus_2016,2,全国大学英语四、六级考试大纲（2016年修订版）词表；未加★为四级词。
pad,,,,cet4,official_syllabus_2016,2,全国大学英语四、六级考试大纲（2016年修订版）词表；未加★为四级词。
paddy,,,,cet4,official_syllabus_2016,2,全国大学英语四、六级考试大纲（2016年修订版）词表；未加★为四级词。
page,,,,cet4,official_syllabus_2016,2,全国大学英语四、六级考试大纲（2016年修订版）词表；未加★为四级词。
pain,,,,cet4,official_syllabus_2016,2,全国大学英语四、六级考试大纲（2016年修订版）词表；未加★为四级词。
painful,,,,cet4,official_syllabus_2016,2,全国大学英语四、六级考试大纲（2016年修订版）词表；未加★为四级词。
paint,,,,cet4,official_syllabus_2016,2,全国大学英语四、六级考试大纲（2016年修订版）词表；未加★为四级词。
painting,,,,cet4,official_syllabus_2016,2,全国大学英语四、六级考试大纲（2016年修订版）词表；未加★为四级词。
painter,,,,cet4,official_syllabus_2016,2,全国大学英语四、六级考试大纲（2016年修订版）词表；未加★为四级词。
pair,,,,cet4,official_syllabus_2016,2,全国大学英语四、六级考试大纲（2016年修订版）词表；未加★为四级词。
palace,,,,cet4,official_syllabus_2016,2,全国大学英语四、六级考试大纲（2016年修订版）词表；未加★为四级词。
pale,,,,cet4,official_syllabus_2016,2,全国大学英语四、六级考试大纲（2016年修订版）词表；未加★为四级词。
palm,,,,cet4,official_syllabus_2016,2,全国大学英语四、六级考试大纲（2016年修订版）词表；未加★为四级词。
pan,,,,cet4,official_syllabus_2016,2,全国大学英语四、六级考试大纲（2016年修订版）词表；未加★为四级词。
panda,,,,cet4,official_syllabus_2016,2,全国大学英语四、六级考试大纲（2016年修订版）词表；未加★为四级词。
panel,,,,cet4,official_syllabus_2016,2,全国大学英语四、六级考试大纲（2016年修订版）词表；未加★为四级词。
panic,,,,cet4,official_syllabus_2016,2,全国大学英语四、六级考试大纲（2016年修订版）词表；未加★为四级词。
panoramic,,,,cet4,official_syllabus_2016,2,全国大学英语四、六级考试大纲（2016年修订版）词表；未加★为四级词。
pants,,,,cet4,official_syllabus_2016,2,全国大学英语四、六级考试大纲（2016年修订版）词表；未加★为四级词。
paper,,,,cet4,official_syllabus_2016,2,全国大学英语四、六级考试大纲（2016年修订版）词表；未加★为四级词。
paperback,,,,cet4,official_syllabus_2016,2,全国大学英语四、六级考试大纲（2016年修订版）词表；未加★为四级词。
parade,,,,cet4,official_syllabus_2016,2,全国大学英语四、六级考试大纲（2016年修订版）词表；未加★为四级词。
paradox,,,,cet4,official_syllabus_2016,2,全国大学英语四、六级考试大纲（2016年修订版）词表；未加★为四级词。
paradoxical,,,,cet4,official_syllabus_2016,2,全国大学英语四、六级考试大纲（2016年修订版）词表；未加★为四级词。
paragraph,,,,cet4,official_syllabus_2016,2,全国大学英语四、六级考试大纲（2016年修订版）词表；未加★为四级词。
parallel,,,,cet4,official_syllabus_2016,2,全国大学英语四、六级考试大纲（2016年修订版）词表；未加★为四级词。
paralysis,,,,cet4,official_syllabus_2016,2,全国大学英语四、六级考试大纲（2016年修订版）词表；未加★为四级词。
parcel,,,,cet4,official_syllabus_2016,2,全国大学英语四、六级考试大纲（2016年修订版）词表；未加★为四级词。
pardon,,,,cet4,official_syllabus_2016,2,全国大学英语四、六级考试大纲（2016年修订版）词表；未加★为四级词。
parent,,,,cet4,official_syllabus_2016,2,全国大学英语四、六级考试大纲（2016年修订版）词表；未加★为四级词。
parental,,,,cet4,official_syllabus_2016,2,全国大学英语四、六级考试大纲（2016年修订版）词表；未加★为四级词。
parenting,,,,cet4,official_syllabus_2016,2,全国大学英语四、六级考试大纲（2016年修订版）词表；未加★为四级词。
park,,,,cet4,official_syllabus_2016,2,全国大学英语四、六级考试大纲（2016年修订版）词表；未加★为四级词。
parking,,,,cet4,official_syllabus_2016,2,全国大学英语四、六级考试大纲（2016年修订版）词表；未加★为四级词。
parliament,,,,cet4,official_syllabus_2016,2,全国大学英语四、六级考试大纲（2016年修订版）词表；未加★为四级词。
parliamentary,,,,cet4,official_syllabus_2016,2,全国大学英语四、六级考试大纲（2016年修订版）词表；未加★为四级词。
part,,,,cet4,official_syllabus_2016,2,全国大学英语四、六级考试大纲（2016年修订版）词表；未加★为四级词。
partial,,,,cet4,official_syllabus_2016,2,全国大学英语四、六级考试大纲（2016年修订版）词表；未加★为四级词。
partially,,,,cet4,official_syllabus_2016,2,全国大学英语四、六级考试大纲（2016年修订版）词表；未加★为四级词。
participate,,,,cet4,official_syllabus_2016,2,全国大学英语四、六级考试大纲（2016年修订版）词表；未加★为四级词。
participation,,,,cet4,official_syllabus_2016,2,全国大学英语四、六级考试大纲（2016年修订版）词表；未加★为四级词。
participant,,,,cet4,official_syllabus_2016,2,全国大学英语四、六级考试大纲（2016年修订版）词表；未加★为四级词。
particle,,,,cet4,official_syllabus_2016,2,全国大学英语四、六级考试大纲（2016年修订版）词表；未加★为四级词。
particular,,,,cet4,official_syllabus_2016,2,全国大学英语四、六级考试大纲（2016年修订版）词表；未加★为四级词。
particularly,,,,cet4,official_syllabus_2016,2,全国大学英语四、六级考试大纲（2016年修订版）词表；未加★为四级词。
partly,,,,cet4,official_syllabus_2016,2,全国大学英语四、六级考试大纲（2016年修订版）词表；未加★为四级词。
partner,,,,cet4,official_syllabus_2016,2,全国大学英语四、六级考试大纲（2016年修订版）词表；未加★为四级词。
partnership,,,,cet4,official_syllabus_2016,2,全国大学英语四、六级考试大纲（2016年修订版）词表；未加★为四级词。
party,,,,cet4,official_syllabus_2016,2,全国大学英语四、六级考试大纲（2016年修订版）词表；未加★为四级词。
pass,,,,cet4,official_syllabus_2016,2,全国大学英语四、六级考试大纲（2016年修订版）词表；未加★为四级词。
passage,,,,cet4,official_syllabus_2016,2,全国大学英语四、六级考试大纲（2016年修订版）词表；未加★为四级词。
passenger,,,,cet4,official_syllabus_2016,2,全国大学英语四、六级考试大纲（2016年修订版）词表；未加★为四级词。
passion,,,,cet4,official_syllabus_2016,2,全国大学英语四、六级考试大纲（2016年修订版）词表；未加★为四级词。
passionate,,,,cet4,official_syllabus_2016,2,全国大学英语四、六级考试大纲（2016年修订版）词表；未加★为四级词。
passive,,,,cet4,official_syllabus_2016,2,全国大学英语四、六级考试大纲（2016年修订版）词表；未加★为四级词。
passport,,,,cet4,official_syllabus_2016,2,全国大学英语四、六级考试大纲（2016年修订版）词表；未加★为四级词。
password,,,,cet4,official_syllabus_2016,2,全国大学英语四、六级考试大纲（2016年修订版）词表；未加★为四级词。
past,,,,cet4,official_syllabus_2016,2,全国大学英语四、六级考试大纲（2016年修订版）词表；未加★为四级词。
paste,,,,cet4,official_syllabus_2016,2,全国大学英语四、六级考试大纲（2016年修订版）词表；未加★为四级词。
pastime,,,,cet4,official_syllabus_2016,2,全国大学英语四、六级考试大纲（2016年修订版）词表；未加★为四级词。
pat,,,,cet4,official_syllabus_2016,2,全国大学英语四、六级考试大纲（2016年修订版）词表；未加★为四级词。
patch,,,,cet4,official_syllabus_2016,2,全国大学英语四、六级考试大纲（2016年修订版）词表；未加★为四级词。
patent,,,,cet4,official_syllabus_2016,2,全国大学英语四、六级考试大纲（2016年修订版）词表；未加★为四级词。
path,,,,cet4,official_syllabus_2016,2,全国大学英语四、六级考试大纲（2016年修订版）词表；未加★为四级词。
patient,,,,cet4,official_syllabus_2016,2,全国大学英语四、六级考试大纲（2016年修订版）词表；未加★为四级词。
patience,,,,cet4,official_syllabus_2016,2,全国大学英语四、六级考试大纲（2016年修订版）词表；未加★为四级词。
patriotic,,,,cet4,official_syllabus_2016,2,全国大学英语四、六级考试大纲（2016年修订版）词表；未加★为四级词。
patriotism,,,,cet4,official_syllabus_2016,2,全国大学英语四、六级考试大纲（2016年修订版）词表；未加★为四级词。
patronage,,,,cet4,official_syllabus_2016,2,全国大学英语四、六级考试大纲（2016年修订版）词表；未加★为四级词。
pattern,,,,cet4,official_syllabus_2016,2,全国大学英语四、六级考试大纲（2016年修订版）词表；未加★为四级词。
pause,,,,cet4,official_syllabus_2016,2,全国大学英语四、六级考试大纲（2016年修订版）词表；未加★为四级词。
pave,,,,cet4,official_syllabus_2016,2,全国大学英语四、六级考试大纲（2016年修订版）词表；未加★为四级词。
pavement,,,,cet4,official_syllabus_2016,2,全国大学英语四、六级考试大纲（2016年修订版）词表；未加★为四级词。
paw,,,,cet4,official_syllabus_2016,2,全国大学英语四、六级考试大纲（2016年修订版）词表；未加★为四级词。
pay,,,,cet4,official_syllabus_2016,2,全国大学英语四、六级考试大纲（2016年修订版）词表；未加★为四级词。
payment,,,,cet4,official_syllabus_2016,2,全国大学英语四、六级考试大纲（2016年修订版）词表；未加★为四级词。
payroll,,,,cet4,official_syllabus_2016,2,全国大学英语四、六级考试大纲（2016年修订版）词表；未加★为四级词。
pea,,,,cet4,official_syllabus_2016,2,全国大学英语四、六级考试大纲（2016年修订版）词表；未加★为四级词。
peace,,,,cet4,official_syllabus_2016,2,全国大学英语四、六级考试大纲（2016年修订版）词表；未加★为四级词。
peaceful,,,,cet4,official_syllabus_2016,2,全国大学英语四、六级考试大纲（2016年修订版）词表；未加★为四级词。
peach,,,,cet4,official_syllabus_2016,2,全国大学英语四、六级考试大纲（2016年修订版）词表；未加★为四级词。
peak,,,,cet4,official_syllabus_2016,2,全国大学英语四、六级考试大纲（2016年修订版）词表；未加★为四级词。
peanut,,,,cet4,official_syllabus_2016,2,全国大学英语四、六级考试大纲（2016年修订版）词表；未加★为四级词。
pear,,,,cet4,official_syllabus_2016,2,全国大学英语四、六级考试大纲（2016年修订版）词表；未加★为四级词。
pearl,,,,cet4,official_syllabus_2016,2,全国大学英语四、六级考试大纲（2016年修订版）词表；未加★为四级词。
peasant,,,,cet4,official_syllabus_2016,2,全国大学英语四、六级考试大纲（2016年修订版）词表；未加★为四级词。
peculiar,,,,cet4,official_syllabus_2016,2,全国大学英语四、六级考试大纲（2016年修订版）词表；未加★为四级词。
peculiarity,,,,cet4,official_syllabus_2016,2,全国大学英语四、六级考试大纲（2016年修订版）词表；未加★为四级词。
pedestrian,,,,cet4,official_syllabus_2016,2,全国大学英语四、六级考试大纲（2016年修订版）词表；未加★为四级词。
peer,,,,cet4,official_syllabus_2016,2,全国大学英语四、六级考试大纲（2016年修订版）词表；未加★为四级词。
pen,,,,cet4,official_syllabus_2016,2,全国大学英语四、六级考试大纲（2016年修订版）词表；未加★为四级词。
penalty,,,,cet4,official_syllabus_2016,2,全国大学英语四、六级考试大纲（2016年修订版）词表；未加★为四级词。
pencil,,,,cet4,official_syllabus_2016,2,全国大学英语四、六级考试大纲（2016年修订版）词表；未加★为四级词。
penetrate,,,,cet4,official_syllabus_2016,2,全国大学英语四、六级考试大纲（2016年修订版）词表；未加★为四级词。
penetration,,,,cet4,official_syllabus_2016,2,全国大学英语四、六级考试大纲（2016年修订版）词表；未加★为四级词。
penny,,,,cet4,official_syllabus_2016,2,全国大学英语四、六级考试大纲（2016年修订版）词表；未加★为四级词。
pension,,,,cet4,official_syllabus_2016,2,全国大学英语四、六级考试大纲（2016年修订版）词表；未加★为四级词。
pensioner,,,,cet4,official_syllabus_2016,2,全国大学英语四、六级考试大纲（2016年修订版）词表；未加★为四级词。
people,,,,cet4,official_syllabus_2016,2,全国大学英语四、六级考试大纲（2016年修订版）词表；未加★为四级词。
pepper,,,,cet4,official_syllabus_2016,2,全国大学英语四、六级考试大纲（2016年修订版）词表；未加★为四级词。
per,,,,cet4,official_syllabus_2016,2,全国大学英语四、六级考试大纲（2016年修订版）词表；未加★为四级词。
perceive,,,,cet4,official_syllabus_2016,2,全国大学英语四、六级考试大纲（2016年修订版）词表；未加★为四级词。
perception,,,,cet4,official_syllabus_2016,2,全国大学英语四、六级考试大纲（2016年修订版）词表；未加★为四级词。
perceptive,,,,cet4,official_syllabus_2016,2,全国大学英语四、六级考试大纲（2016年修订版）词表；未加★为四级词。
percent,,,,cet4,official_syllabus_2016,2,全国大学英语四、六级考试大纲（2016年修订版）词表；未加★为四级词。
percentage,,,,cet4,official_syllabus_2016,2,全国大学英语四、六级考试大纲（2016年修订版）词表；未加★为四级词。
perfect,,,,cet4,official_syllabus_2016,2,全国大学英语四、六级考试大纲（2016年修订版）词表；未加★为四级词。
perfection,,,,cet4,official_syllabus_2016,2,全国大学英语四、六级考试大纲（2016年修订版）词表；未加★为四级词。
perform,,,,cet4,official_syllabus_2016,2,全国大学英语四、六级考试大纲（2016年修订版）词表；未加★为四级词。
performance,,,,cet4,official_syllabus_2016,2,全国大学英语四、六级考试大纲（2016年修订版）词表；未加★为四级词。
performer,,,,cet4,official_syllabus_2016,2,全国大学英语四、六级考试大纲（2016年修订版）词表；未加★为四级词。
perhaps,,,,cet4,official_syllabus_2016,2,全国大学英语四、六级考试大纲（2016年修订版）词表；未加★为四级词。
peril,,,,cet4,official_syllabus_2016,2,全国大学英语四、六级考试大纲（2016年修订版）词表；未加★为四级词。
perilous,,,,cet4,official_syllabus_2016,2,全国大学英语四、六级考试大纲（2016年修订版）词表；未加★为四级词。
period,,,,cet4,official_syllabus_2016,2,全国大学英语四、六级考试大纲（2016年修订版）词表；未加★为四级词。
periodic,,,,cet4,official_syllabus_2016,2,全国大学英语四、六级考试大纲（2016年修订版）词表；未加★为四级词。
periodical,,,,cet4,official_syllabus_2016,2,全国大学英语四、六级考试大纲（2016年修订版）词表；未加★为四级词。
permanent,,,,cet4,official_syllabus_2016,2,全国大学英语四、六级考试大纲（2016年修订版）词表；未加★为四级词。
permanence,,,,cet4,official_syllabus_2016,2,全国大学英语四、六级考试大纲（2016年修订版）词表；未加★为四级词。
permeation,,,,cet4,official_syllabus_2016,2,全国大学英语四、六级考试大纲（2016年修订版）词表；未加★为四级词。
permit,,,,cet4,official_syllabus_2016,2,全国大学英语四、六级考试大纲（2016年修订版）词表；未加★为四级词。
permission,,,,cet4,official_syllabus_2016,2,全国大学英语四、六级考试大纲（2016年修订版）词表；未加★为四级词。
permissible,,,,cet4,official_syllabus_2016,2,全国大学英语四、六级考试大纲（2016年修订版）词表；未加★为四级词。
permissive,,,,cet4,official_syllabus_2016,2,全国大学英语四、六级考试大纲（2016年修订版）词表；未加★为四级词。
perpetuate,,,,cet4,official_syllabus_2016,2,全国大学英语四、六级考试大纲（2016年修订版）词表；未加★为四级词。
perplexity,,,,cet4,official_syllabus_2016,2,全国大学英语四、六级考试大纲（2016年修订版）词表；未加★为四级词。
persecution,,,,cet4,official_syllabus_2016,2,全国大学英语四、六级考试大纲（2016年修订版）词表；未加★为四级词。
persevere,,,,cet4,official_syllabus_2016,2,全国大学英语四、六级考试大纲（2016年修订版）词表；未加★为四级词。
perseverance,,,,cet4,official_syllabus_2016,2,全国大学英语四、六级考试大纲（2016年修订版）词表；未加★为四级词。
persist,,,,cet4,official_syllabus_2016,2,全国大学英语四、六级考试大纲（2016年修订版）词表；未加★为四级词。
persistent,,,,cet4,official_syllabus_2016,2,全国大学英语四、六级考试大纲（2016年修订版）词表；未加★为四级词。
persistence,,,,cet4,official_syllabus_2016,2,全国大学英语四、六级考试大纲（2016年修订版）词表；未加★为四级词。
person,,,,cet4,official_syllabus_2016,2,全国大学英语四、六级考试大纲（2016年修订版）词表；未加★为四级词。
personal,,,,cet4,official_syllabus_2016,2,全国大学英语四、六级考试大纲（2016年修订版）词表；未加★为四级词。
personally,,,,cet4,official_syllabus_2016,2,全国大学英语四、六级考试大纲（2016年修订版）词表；未加★为四级词。
personality,,,,cet4,official_syllabus_2016,2,全国大学英语四、六级考试大纲（2016年修订版）词表；未加★为四级词。
personnel,,,,cet4,official_syllabus_2016,2,全国大学英语四、六级考试大纲（2016年修订版）词表；未加★为四级词。
perspective,,,,cet4,official_syllabus_2016,2,全国大学英语四、六级考试大纲（2016年修订版）词表；未加★为四级词。
persuade,,,,cet4,official_syllabus_2016,2,全国大学英语四、六级考试大纲（2016年修订版）词表；未加★为四级词。
persuasion,,,,cet4,official_syllabus_2016,2,全国大学英语四、六级考试大纲（2016年修订版）词表；未加★为四级词。
persuasive,,,,cet4,official_syllabus_2016,2,全国大学英语四、六级考试大纲（2016年修订版）词表；未加★为四级词。
pessimism,,,,cet4,official_syllabus_2016,2,全国大学英语四、六级考试大纲（2016年修订版）词表；未加★为四级词。
pessimistic,,,,cet4,official_syllabus_2016,2,全国大学英语四、六级考试大纲（2016年修订版）词表；未加★为四级词。
pessimist,,,,cet4,official_syllabus_2016,2,全国大学英语四、六级考试大纲（2016年修订版）词表；未加★为四级词。
pet,,,,cet4,official_syllabus_2016,2,全国大学英语四、六级考试大纲（2016年修订版）词表；未加★为四级词。
petitioner,,,,cet4,official_syllabus_2016,2,全国大学英语四、六级考试大纲（2016年修订版）词表；未加★为四级词。
petrol,,,,cet4,official_syllabus_2016,2,全国大学英语四、六级考试大纲（2016年修订版）词表；未加★为四级词。
petroleum,,,,cet4,official_syllabus_2016,2,全国大学英语四、六级考试大纲（2016年修订版）词表；未加★为四级词。
petty,,,,cet4,official_syllabus_2016,2,全国大学英语四、六级考试大纲（2016年修订版）词表；未加★为四级词。
pharmaceutical,,,,cet4,official_syllabus_2016,2,全国大学英语四、六级考试大纲（2016年修订版）词表；未加★为四级词。
phase,,,,cet4,official_syllabus_2016,2,全国大学英语四、六级考试大纲（2016年修订版）词表；未加★为四级词。
phenomenon,,,,cet4,official_syllabus_2016,2,全国大学英语四、六级考试大纲（2016年修订版）词表；未加★为四级词。
philosophy,,,,cet4,official_syllabus_2016,2,全国大学英语四、六级考试大纲（2016年修订版）词表；未加★为四级词。
philosophical,,,,cet4,official_syllabus_2016,2,全国大学英语四、六级考试大纲（2016年修订版）词表；未加★为四级词。
philosopher,,,,cet4,official_syllabus_2016,2,全国大学英语四、六级考试大纲（2016年修订版）词表；未加★为四级词。
photo(graph),,,,cet4,official_syllabus_2016,2,全国大学英语四、六级考试大纲（2016年修订版）词表；未加★为四级词。
photographic,,,,cet4,official_syllabus_2016,2,全国大学英语四、六级考试大纲（2016年修订版）词表；未加★为四级词。
photographer,,,,cet4,official_syllabus_2016,2,全国大学英语四、六级考试大纲（2016年修订版）词表；未加★为四级词。
photography,,,,cet4,official_syllabus_2016,2,全国大学英语四、六级考试大纲（2016年修订版）词表；未加★为四级词。
phrase,,,,cet4,official_syllabus_2016,2,全国大学英语四、六级考试大纲（2016年修订版）词表；未加★为四级词。
phrasal,,,,cet4,official_syllabus_2016,2,全国大学英语四、六级考试大纲（2016年修订版）词表；未加★为四级词。
physical,,,,cet4,official_syllabus_2016,2,全国大学英语四、六级考试大纲（2016年修订版）词表；未加★为四级词。
physician,,,,cet4,official_syllabus_2016,2,全国大学英语四、六级考试大纲（2016年修订版）词表；未加★为四级词。
physics,,,,cet4,official_syllabus_2016,2,全国大学英语四、六级考试大纲（2016年修订版）词表；未加★为四级词。
physicist,,,,cet4,official_syllabus_2016,2,全国大学英语四、六级考试大纲（2016年修订版）词表；未加★为四级词。
piano,,,,cet4,official_syllabus_2016,2,全国大学英语四、六级考试大纲（2016年修订版）词表；未加★为四级词。
pianist,,,,cet4,official_syllabus_2016,2,全国大学英语四、六级考试大纲（2016年修订版）词表；未加★为四级词。
pick,,,,cet4,official_syllabus_2016,2,全国大学英语四、六级考试大纲（2016年修订版）词表；未加★为四级词。
picky,,,,cet4,official_syllabus_2016,2,全国大学英语四、六级考试大纲（2016年修订版）词表；未加★为四级词。
picnic,,,,cet4,official_syllabus_2016,2,全国大学英语四、六级考试大纲（2016年修订版）词表；未加★为四级词。
picture,,,,cet4,official_syllabus_2016,2,全国大学英语四、六级考试大纲（2016年修订版）词表；未加★为四级词。
picturesque,,,,cet4,official_syllabus_2016,2,全国大学英语四、六级考试大纲（2016年修订版）词表；未加★为四级词。
pie,,,,cet4,official_syllabus_2016,2,全国大学英语四、六级考试大纲（2016年修订版）词表；未加★为四级词。
piece,,,,cet4,official_syllabus_2016,2,全国大学英语四、六级考试大纲（2016年修订版）词表；未加★为四级词。
pierce,,,,cet4,official_syllabus_2016,2,全国大学英语四、六级考试大纲（2016年修订版）词表；未加★为四级词。
pig,,,,cet4,official_syllabus_2016,2,全国大学英语四、六级考试大纲（2016年修订版）词表；未加★为四级词。
pigeon,,,,cet4,official_syllabus_2016,2,全国大学英语四、六级考试大纲（2016年修订版）词表；未加★为四级词。
pile,,,,cet4,official_syllabus_2016,2,全国大学英语四、六级考试大纲（2016年修订版）词表；未加★为四级词。
pilgrimage,,,,cet4,official_syllabus_2016,2,全国大学英语四、六级考试大纲（2016年修订版）词表；未加★为四级词。
pill,,,,cet4,official_syllabus_2016,2,全国大学英语四、六级考试大纲（2016年修订版）词表；未加★为四级词。
pillar,,,,cet4,official_syllabus_2016,2,全国大学英语四、六级考试大纲（2016年修订版）词表；未加★为四级词。
pillow,,,,cet4,official_syllabus_2016,2,全国大学英语四、六级考试大纲（2016年修订版）词表；未加★为四级词。
pilot,,,,cet4,official_syllabus_2016,2,全国大学英语四、六级考试大纲（2016年修订版）词表；未加★为四级词。
pin,,,,cet4,official_syllabus_2016,2,全国大学英语四、六级考试大纲（2016年修订版）词表；未加★为四级词。
pinch,,,,cet4,official_syllabus_2016,2,全国大学英语四、六级考试大纲（2016年修订版）词表；未加★为四级词。
pine,,,,cet4,official_syllabus_2016,2,全国大学英语四、六级考试大纲（2016年修订版）词表；未加★为四级词。
pink,,,,cet4,official_syllabus_2016,2,全国大学英语四、六级考试大纲（2016年修订版）词表；未加★为四级词。
pint,,,,cet4,official_syllabus_2016,2,全国大学英语四、六级考试大纲（2016年修订版）词表；未加★为四级词。
pioneer,,,,cet4,official_syllabus_2016,2,全国大学英语四、六级考试大纲（2016年修订版）词表；未加★为四级词。
pipe,,,,cet4,official_syllabus_2016,2,全国大学英语四、六级考试大纲（2016年修订版）词表；未加★为四级词。
pirate,,,,cet4,official_syllabus_2016,2,全国大学英语四、六级考试大纲（2016年修订版）词表；未加★为四级词。
piracy,,,,cet4,official_syllabus_2016,2,全国大学英语四、六级考试大纲（2016年修订版）词表；未加★为四级词。
pistol,,,,cet4,official_syllabus_2016,2,全国大学英语四、六级考试大纲（2016年修订版）词表；未加★为四级词。
pit,,,,cet4,official_syllabus_2016,2,全国大学英语四、六级考试大纲（2016年修订版）词表；未加★为四级词。
pitch,,,,cet4,official_syllabus_2016,2,全国大学英语四、六级考试大纲（2016年修订版）词表；未加★为四级词。
pity,,,,cet4,official_syllabus_2016,2,全国大学英语四、六级考试大纲（2016年修订版）词表；未加★为四级词。
pizza,,,,cet4,official_syllabus_2016,2,全国大学英语四、六级考试大纲（2016年修订版）词表；未加★为四级词。
place,,,,cet4,official_syllabus_2016,2,全国大学英语四、六级考试大纲（2016年修订版）词表；未加★为四级词。
placement,,,,cet4,official_syllabus_2016,2,全国大学英语四、六级考试大纲（2016年修订版）词表；未加★为四级词。
plague,,,,cet4,official_syllabus_2016,2,全国大学英语四、六级考试大纲（2016年修订版）词表；未加★为四级词。
plain,,,,cet4,official_syllabus_2016,2,全国大学英语四、六级考试大纲（2016年修订版）词表；未加★为四级词。
plan,,,,cet4,official_syllabus_2016,2,全国大学英语四、六级考试大纲（2016年修订版）词表；未加★为四级词。
planning,,,,cet4,official_syllabus_2016,2,全国大学英语四、六级考试大纲（2016年修订版）词表；未加★为四级词。
planner,,,,cet4,official_syllabus_2016,2,全国大学英语四、六级考试大纲（2016年修订版）词表；未加★为四级词。
plane,,,,cet4,official_syllabus_2016,2,全国大学英语四、六级考试大纲（2016年修订版）词表；未加★为四级词。
planet,,,,cet4,official_syllabus_2016,2,全国大学英语四、六级考试大纲（2016年修订版）词表；未加★为四级词。
planetary,,,,cet4,official_syllabus_2016,2,全国大学英语四、六级考试大纲（2016年修订版）词表；未加★为四级词。
plant,,,,cet4,official_syllabus_2016,2,全国大学英语四、六级考试大纲（2016年修订版）词表；未加★为四级词。
plantation,,,,cet4,official_syllabus_2016,2,全国大学英语四、六级考试大纲（2016年修订版）词表；未加★为四级词。
plastic,,,,cet4,official_syllabus_2016,2,全国大学英语四、六级考试大纲（2016年修订版）词表；未加★为四级词。
plate,,,,cet4,official_syllabus_2016,2,全国大学英语四、六级考试大纲（2016年修订版）词表；未加★为四级词。
platform,,,,cet4,official_syllabus_2016,2,全国大学英语四、六级考试大纲（2016年修订版）词表；未加★为四级词。
play,,,,cet4,official_syllabus_2016,2,全国大学英语四、六级考试大纲（2016年修订版）词表；未加★为四级词。
player,,,,cet4,official_syllabus_2016,2,全国大学英语四、六级考试大纲（2016年修订版）词表；未加★为四级词。
playground,,,,cet4,official_syllabus_2016,2,全国大学英语四、六级考试大纲（2016年修订版）词表；未加★为四级词。
please,,,,cet4,official_syllabus_2016,2,全国大学英语四、六级考试大纲（2016年修订版）词表；未加★为四级词。
pleasure,,,,cet4,official_syllabus_2016,2,全国大学英语四、六级考试大纲（2016年修订版）词表；未加★为四级词。
pleasant,,,,cet4,official_syllabus_2016,2,全国大学英语四、六级考试大纲（2016年修订版）词表；未加★为四级词。
pleasing,,,,cet4,official_syllabus_2016,2,全国大学英语四、六级考试大纲（2016年修订版）词表；未加★为四级词。
pledge,,,,cet4,official_syllabus_2016,2,全国大学英语四、六级考试大纲（2016年修订版）词表；未加★为四级词。
plenty,,,,cet4,official_syllabus_2016,2,全国大学英语四、六级考试大纲（2016年修订版）词表；未加★为四级词。
plentiful,,,,cet4,official_syllabus_2016,2,全国大学英语四、六级考试大纲（2016年修订版）词表；未加★为四级词。
plot,,,,cet4,official_syllabus_2016,2,全国大学英语四、六级考试大纲（2016年修订版）词表；未加★为四级词。
plough/plow,,,,cet4,official_syllabus_2016,2,全国大学英语四、六级考试大纲（2016年修订版）词表；未加★为四级词。
plug,,,,cet4,official_syllabus_2016,2,全国大学英语四、六级考试大纲（2016年修订版）词表；未加★为四级词。
plunge,,,,cet4,official_syllabus_2016,2,全国大学英语四、六级考试大纲（2016年修订版）词表；未加★为四级词。
plural,,,,cet4,official_syllabus_2016,2,全国大学英语四、六级考试大纲（2016年修订版）词表；未加★为四级词。
plus,,,,cet4,official_syllabus_2016,2,全国大学英语四、六级考试大纲（2016年修订版）词表；未加★为四级词。
pocket,,,,cet4,official_syllabus_2016,2,全国大学英语四、六级考试大纲（2016年修订版）词表；未加★为四级词。
podcast,,,,cet4,official_syllabus_2016,2,全国大学英语四、六级考试大纲（2016年修订版）词表；未加★为四级词。
poem,,,,cet4,official_syllabus_2016,2,全国大学英语四、六级考试大纲（2016年修订版）词表；未加★为四级词。
poetry,,,,cet4,official_syllabus_2016,2,全国大学英语四、六级考试大纲（2016年修订版）词表；未加★为四级词。
poet,,,,cet4,official_syllabus_2016,2,全国大学英语四、六级考试大纲（2016年修订版）词表；未加★为四级词。
poetic,,,,cet4,official_syllabus_2016,2,全国大学英语四、六级考试大纲（2016年修订版）词表；未加★为四级词。
point,,,,cet4,official_syllabus_2016,2,全国大学英语四、六级考试大纲（2016年修订版）词表；未加★为四级词。
pointless,,,,cet4,official_syllabus_2016,2,全国大学英语四、六级考试大纲（2016年修订版）词表；未加★为四级词。
poised,,,,cet4,official_syllabus_2016,2,全国大学英语四、六级考试大纲（2016年修订版）词表；未加★为四级词。
poison,,,,cet4,official_syllabus_2016,2,全国大学英语四、六级考试大纲（2016年修订版）词表；未加★为四级词。
poisonous,,,,cet4,official_syllabus_2016,2,全国大学英语四、六级考试大纲（2016年修订版）词表；未加★为四级词。
pole,,,,cet4,official_syllabus_2016,2,全国大学英语四、六级考试大纲（2016年修订版）词表；未加★为四级词。
polar,,,,cet4,official_syllabus_2016,2,全国大学英语四、六级考试大纲（2016年修订版）词表；未加★为四级词。
police,,,,cet4,official_syllabus_2016,2,全国大学英语四、六级考试大纲（2016年修订版）词表；未加★为四级词。
policeman,,,,cet4,official_syllabus_2016,2,全国大学英语四、六级考试大纲（2016年修订版）词表；未加★为四级词。
policy,,,,cet4,official_syllabus_2016,2,全国大学英语四、六级考试大纲（2016年修订版）词表；未加★为四级词。
polish,,,,cet4,official_syllabus_2016,2,全国大学英语四、六级考试大纲（2016年修订版）词表；未加★为四级词。
polite,,,,cet4,official_syllabus_2016,2,全国大学英语四、六级考试大纲（2016年修订版）词表；未加★为四级词。
politeness,,,,cet4,official_syllabus_2016,2,全国大学英语四、六级考试大纲（2016年修订版）词表；未加★为四级词。
politics,,,,cet4,official_syllabus_2016,2,全国大学英语四、六级考试大纲（2016年修订版）词表；未加★为四级词。
political,,,,cet4,official_syllabus_2016,2,全国大学英语四、六级考试大纲（2016年修订版）词表；未加★为四级词。
politician,,,,cet4,official_syllabus_2016,2,全国大学英语四、六级考试大纲（2016年修订版）词表；未加★为四级词。
poll,,,,cet4,official_syllabus_2016,2,全国大学英语四、六级考试大纲（2016年修订版）词表；未加★为四级词。
pollster,,,,cet4,official_syllabus_2016,2,全国大学英语四、六级考试大纲（2016年修订版）词表；未加★为四级词。
pollute,,,,cet4,official_syllabus_2016,2,全国大学英语四、六级考试大纲（2016年修订版）词表；未加★为四级词。
pollution,,,,cet4,official_syllabus_2016,2,全国大学英语四、六级考试大纲（2016年修订版）词表；未加★为四级词。
pollutant,,,,cet4,official_syllabus_2016,2,全国大学英语四、六级考试大纲（2016年修订版）词表；未加★为四级词。
pond,,,,cet4,official_syllabus_2016,2,全国大学英语四、六级考试大纲（2016年修订版）词表；未加★为四级词。
pool,,,,cet4,official_syllabus_2016,2,全国大学英语四、六级考试大纲（2016年修订版）词表；未加★为四级词。
poor,,,,cet4,official_syllabus_2016,2,全国大学英语四、六级考试大纲（2016年修订版）词表；未加★为四级词。
poverty,,,,cet4,official_syllabus_2016,2,全国大学英语四、六级考试大纲（2016年修订版）词表；未加★为四级词。
pop,,,,cet4,official_syllabus_2016,2,全国大学英语四、六级考试大纲（2016年修订版）词表；未加★为四级词。
popular,,,,cet4,official_syllabus_2016,2,全国大学英语四、六级考试大纲（2016年修订版）词表；未加★为四级词。
popularity,,,,cet4,official_syllabus_2016,2,全国大学英语四、六级考试大纲（2016年修订版）词表；未加★为四级词。
population,,,,cet4,official_syllabus_2016,2,全国大学英语四、六级考试大纲（2016年修订版）词表；未加★为四级词。
populous,,,,cet4,official_syllabus_2016,2,全国大学英语四、六级考试大纲（2016年修订版）词表；未加★为四级词。
populate,,,,cet4,official_syllabus_2016,2,全国大学英语四、六级考试大纲（2016年修订版）词表；未加★为四级词。
pork,,,,cet4,official_syllabus_2016,2,全国大学英语四、六级考试大纲（2016年修订版）词表；未加★为四级词。
port,,,,cet4,official_syllabus_2016,2,全国大学英语四、六级考试大纲（2016年修订版）词表；未加★为四级词。
portable,,,,cet4,official_syllabus_2016,2,全国大学英语四、六级考试大纲（2016年修订版）词表；未加★为四级词。
porter,,,,cet4,official_syllabus_2016,2,全国大学英语四、六级考试大纲（2016年修订版）词表；未加★为四级词。
portion,,,,cet4,official_syllabus_2016,2,全国大学英语四、六级考试大纲（2016年修订版）词表；未加★为四级词。
portrayal,,,,cet4,official_syllabus_2016,2,全国大学英语四、六级考试大纲（2016年修订版）词表；未加★为四级词。
portrait,,,,cet4,official_syllabus_2016,2,全国大学英语四、六级考试大纲（2016年修订版）词表；未加★为四级词。
pose,,,,cet4,official_syllabus_2016,2,全国大学英语四、六级考试大纲（2016年修订版）词表；未加★为四级词。
posture,,,,cet4,official_syllabus_2016,2,全国大学英语四、六级考试大纲（2016年修订版）词表；未加★为四级词。
position,,,,cet4,official_syllabus_2016,2,全国大学英语四、六级考试大纲（2016年修订版）词表；未加★为四级词。
positive,,,,cet4,official_syllabus_2016,2,全国大学英语四、六级考试大纲（2016年修订版）词表；未加★为四级词。
possess,,,,cet4,official_syllabus_2016,2,全国大学英语四、六级考试大纲（2016年修订版）词表；未加★为四级词。
possession,,,,cet4,official_syllabus_2016,2,全国大学英语四、六级考试大纲（2016年修订版）词表；未加★为四级词。
possessive,,,,cet4,official_syllabus_2016,2,全国大学英语四、六级考试大纲（2016年修订版）词表；未加★为四级词。
possible,,,,cet4,official_syllabus_2016,2,全国大学英语四、六级考试大纲（2016年修订版）词表；未加★为四级词。
possibility,,,,cet4,official_syllabus_2016,2,全国大学英语四、六级考试大纲（2016年修订版）词表；未加★为四级词。
possibly,,,,cet4,official_syllabus_2016,2,全国大学英语四、六级考试大纲（2016年修订版）词表；未加★为四级词。
post,,,,cet4,official_syllabus_2016,2,全国大学英语四、六级考试大纲（2016年修订版）词表；未加★为四级词。
postage,,,,cet4,official_syllabus_2016,2,全国大学英语四、六级考试大纲（2016年修订版）词表；未加★为四级词。
postman,,,,cet4,official_syllabus_2016,2,全国大学英语四、六级考试大纲（2016年修订版）词表；未加★为四级词。
postcard,,,,cet4,official_syllabus_2016,2,全国大学英语四、六级考试大纲（2016年修订版）词表；未加★为四级词。
poster,,,,cet4,official_syllabus_2016,2,全国大学英语四、六级考试大纲（2016年修订版）词表；未加★为四级词。
postpone,,,,cet4,official_syllabus_2016,2,全国大学英语四、六级考试大纲（2016年修订版）词表；未加★为四级词。
postponement,,,,cet4,official_syllabus_2016,2,全国大学英语四、六级考试大纲（2016年修订版）词表；未加★为四级词。
pot,,,,cet4,official_syllabus_2016,2,全国大学英语四、六级考试大纲（2016年修订版）词表；未加★为四级词。
potato,,,,cet4,official_syllabus_2016,2,全国大学英语四、六级考试大纲（2016年修订版）词表；未加★为四级词。
potential,,,,cet4,official_syllabus_2016,2,全国大学英语四、六级考试大纲（2016年修订版）词表；未加★为四级词。
potentiality,,,,cet4,official_syllabus_2016,2,全国大学英语四、六级考试大纲（2016年修订版）词表；未加★为四级词。
pound,,,,cet4,official_syllabus_2016,2,全国大学英语四、六级考试大纲（2016年修订版）词表；未加★为四级词。
pour,,,,cet4,official_syllabus_2016,2,全国大学英语四、六级考试大纲（2016年修订版）词表；未加★为四级词。
powder,,,,cet4,official_syllabus_2016,2,全国大学英语四、六级考试大纲（2016年修订版）词表；未加★为四级词。
power,,,,cet4,official_syllabus_2016,2,全国大学英语四、六级考试大纲（2016年修订版）词表；未加★为四级词。
powerful,,,,cet4,official_syllabus_2016,2,全国大学英语四、六级考试大纲（2016年修订版）词表；未加★为四级词。
practicable,,,,cet4,official_syllabus_2016,2,全国大学英语四、六级考试大纲（2016年修订版）词表；未加★为四级词。
practical,,,,cet4,official_syllabus_2016,2,全国大学英语四、六级考试大纲（2016年修订版）词表；未加★为四级词。
practicality,,,,cet4,official_syllabus_2016,2,全国大学英语四、六级考试大纲（2016年修订版）词表；未加★为四级词。
praise,,,,cet4,official_syllabus_2016,2,全国大学英语四、六级考试大纲（2016年修订版）词表；未加★为四级词。
pray,,,,cet4,official_syllabus_2016,2,全国大学英语四、六级考试大纲（2016年修订版）词表；未加★为四级词。
prayer,,,,cet4,official_syllabus_2016,2,全国大学英语四、六级考试大纲（2016年修订版）词表；未加★为四级词。
preach,,,,cet4,official_syllabus_2016,2,全国大学英语四、六级考试大纲（2016年修订版）词表；未加★为四级词。
preacher,,,,cet4,official_syllabus_2016,2,全国大学英语四、六级考试大纲（2016年修订版）词表；未加★为四级词。
precaution,,,,cet4,official_syllabus_2016,2,全国大学英语四、六级考试大纲（2016年修订版）词表；未加★为四级词。
precautionary,,,,cet4,official_syllabus_2016,2,全国大学英语四、六级考试大纲（2016年修订版）词表；未加★为四级词。
preceding,,,,cet4,official_syllabus_2016,2,全国大学英语四、六级考试大纲（2016年修订版）词表；未加★为四级词。
precedent,,,,cet4,official_syllabus_2016,2,全国大学英语四、六级考试大纲（2016年修订版）词表；未加★为四级词。
precious,,,,cet4,official_syllabus_2016,2,全国大学英语四、六级考试大纲（2016年修订版）词表；未加★为四级词。
precise,,,,cet4,official_syllabus_2016,2,全国大学英语四、六级考试大纲（2016年修订版）词表；未加★为四级词。
precision,,,,cet4,official_syllabus_2016,2,全国大学英语四、六级考试大纲（2016年修订版）词表；未加★为四级词。
precisely,,,,cet4,official_syllabus_2016,2,全国大学英语四、六级考试大纲（2016年修订版）词表；未加★为四级词。
predatory,,,,cet4,official_syllabus_2016,2,全国大学英语四、六级考试大纲（2016年修订版）词表；未加★为四级词。
predict,,,,cet4,official_syllabus_2016,2,全国大学英语四、六级考试大纲（2016年修订版）词表；未加★为四级词。
prediction,,,,cet4,official_syllabus_2016,2,全国大学英语四、六级考试大纲（2016年修订版）词表；未加★为四级词。
predictable,,,,cet4,official_syllabus_2016,2,全国大学英语四、六级考试大纲（2016年修订版）词表；未加★为四级词。
predominance,,,,cet4,official_syllabus_2016,2,全国大学英语四、六级考试大纲（2016年修订版）词表；未加★为四级词。
predominant,,,,cet4,official_syllabus_2016,2,全国大学英语四、六级考试大纲（2016年修订版）词表；未加★为四级词。
preface,,,,cet4,official_syllabus_2016,2,全国大学英语四、六级考试大纲（2016年修订版）词表；未加★为四级词。
prefer,,,,cet4,official_syllabus_2016,2,全国大学英语四、六级考试大纲（2016年修订版）词表；未加★为四级词。
preferable,,,,cet4,official_syllabus_2016,2,全国大学英语四、六级考试大纲（2016年修订版）词表；未加★为四级词。
preference,,,,cet4,official_syllabus_2016,2,全国大学英语四、六级考试大纲（2016年修订版）词表；未加★为四级词。
preferential,,,,cet4,official_syllabus_2016,2,全国大学英语四、六级考试大纲（2016年修订版）词表；未加★为四级词。
pregnant,,,,cet4,official_syllabus_2016,2,全国大学英语四、六级考试大纲（2016年修订版）词表；未加★为四级词。
pregnancy,,,,cet4,official_syllabus_2016,2,全国大学英语四、六级考试大纲（2016年修订版）词表；未加★为四级词。
prejudice,,,,cet4,official_syllabus_2016,2,全国大学英语四、六级考试大纲（2016年修订版）词表；未加★为四级词。
preliminary,,,,cet4,official_syllabus_2016,2,全国大学英语四、六级考试大纲（2016年修订版）词表；未加★为四级词。
premier,,,,cet4,official_syllabus_2016,2,全国大学英语四、六级考试大纲（2016年修订版）词表；未加★为四级词。
preoccupied,,,,cet4,official_syllabus_2016,2,全国大学英语四、六级考试大纲（2016年修订版）词表；未加★为四级词。
prepare,,,,cet4,official_syllabus_2016,2,全国大学英语四、六级考试大纲（2016年修订版）词表；未加★为四级词。
preparation,,,,cet4,official_syllabus_2016,2,全国大学英语四、六级考试大纲（2016年修订版）词表；未加★为四级词。
preparatory,,,,cet4,official_syllabus_2016,2,全国大学英语四、六级考试大纲（2016年修订版）词表；未加★为四级词。
preposition,,,,cet4,official_syllabus_2016,2,全国大学英语四、六级考试大纲（2016年修订版）词表；未加★为四级词。
prescribe,,,,cet4,official_syllabus_2016,2,全国大学英语四、六级考试大纲（2016年修订版）词表；未加★为四级词。
prescription,,,,cet4,official_syllabus_2016,2,全国大学英语四、六级考试大纲（2016年修订版）词表；未加★为四级词。
present,,,,cet4,official_syllabus_2016,2,全国大学英语四、六级考试大纲（2016年修订版）词表；未加★为四级词。
presence,,,,cet4,official_syllabus_2016,2,全国大学英语四、六级考试大纲（2016年修订版）词表；未加★为四级词。
presentation,,,,cet4,official_syllabus_2016,2,全国大学英语四、六级考试大纲（2016年修订版）词表；未加★为四级词。
presently,,,,cet4,official_syllabus_2016,2,全国大学英语四、六级考试大纲（2016年修订版）词表；未加★为四级词。
preserve,,,,cet4,official_syllabus_2016,2,全国大学英语四、六级考试大纲（2016年修订版）词表；未加★为四级词。
preservation,,,,cet4,official_syllabus_2016,2,全国大学英语四、六级考试大纲（2016年修订版）词表；未加★为四级词。
preservative,,,,cet4,official_syllabus_2016,2,全国大学英语四、六级考试大纲（2016年修订版）词表；未加★为四级词。
president,,,,cet4,official_syllabus_2016,2,全国大学英语四、六级考试大纲（2016年修订版）词表；未加★为四级词。
presidency,,,,cet4,official_syllabus_2016,2,全国大学英语四、六级考试大纲（2016年修订版）词表；未加★为四级词。
presidential,,,,cet4,official_syllabus_2016,2,全国大学英语四、六级考试大纲（2016年修订版）词表；未加★为四级词。
press,,,,cet4,official_syllabus_2016,2,全国大学英语四、六级考试大纲（2016年修订版）词表；未加★为四级词。
pressure,,,,cet4,official_syllabus_2016,2,全国大学英语四、六级考试大纲（2016年修订版）词表；未加★为四级词。
pressing,,,,cet4,official_syllabus_2016,2,全国大学英语四、六级考试大纲（2016年修订版）词表；未加★为四级词。
prestigious,,,,cet4,official_syllabus_2016,2,全国大学英语四、六级考试大纲（2016年修订版）词表；未加★为四级词。
presumption,,,,cet4,official_syllabus_2016,2,全国大学英语四、六级考试大纲（2016年修订版）词表；未加★为四级词。
presumably,,,,cet4,official_syllabus_2016,2,全国大学英语四、六级考试大纲（2016年修订版）词表；未加★为四级词。
pretend,,,,cet4,official_syllabus_2016,2,全国大学英语四、六级考试大纲（2016年修订版）词表；未加★为四级词。
pretty,,,,cet4,official_syllabus_2016,2,全国大学英语四、六级考试大纲（2016年修订版）词表；未加★为四级词。
prevail,,,,cet4,official_syllabus_2016,2,全国大学英语四、六级考试大纲（2016年修订版）词表；未加★为四级词。
prevalence,,,,cet4,official_syllabus_2016,2,全国大学英语四、六级考试大纲（2016年修订版）词表；未加★为四级词。
prevalent,,,,cet4,official_syllabus_2016,2,全国大学英语四、六级考试大纲（2016年修订版）词表；未加★为四级词。
prevent,,,,cet4,official_syllabus_2016,2,全国大学英语四、六级考试大纲（2016年修订版）词表；未加★为四级词。
prevention,,,,cet4,official_syllabus_2016,2,全国大学英语四、六级考试大纲（2016年修订版）词表；未加★为四级词。
preventive,,,,cet4,official_syllabus_2016,2,全国大学英语四、六级考试大纲（2016年修订版）词表；未加★为四级词。
preview,,,,cet4,official_syllabus_2016,2,全国大学英语四、六级考试大纲（2016年修订版）词表；未加★为四级词。
previous,,,,cet4,official_syllabus_2016,2,全国大学英语四、六级考试大纲（2016年修订版）词表；未加★为四级词。
price,,,,cet4,official_syllabus_2016,2,全国大学英语四、六级考试大纲（2016年修订版）词表；未加★为四级词。
priceless,,,,cet4,official_syllabus_2016,2,全国大学英语四、六级考试大纲（2016年修订版）词表；未加★为四级词。
pride,,,,cet4,official_syllabus_2016,2,全国大学英语四、六级考试大纲（2016年修订版）词表；未加★为四级词。
proud,,,,cet4,official_syllabus_2016,2,全国大学英语四、六级考试大纲（2016年修订版）词表；未加★为四级词。
priest,,,,cet4,official_syllabus_2016,2,全国大学英语四、六级考试大纲（2016年修订版）词表；未加★为四级词。
primary,,,,cet4,official_syllabus_2016,2,全国大学英语四、六级考试大纲（2016年修订版）词表；未加★为四级词。
primarily,,,,cet4,official_syllabus_2016,2,全国大学英语四、六级考试大纲（2016年修订版）词表；未加★为四级词。
prime,,,,cet4,official_syllabus_2016,2,全国大学英语四、六级考试大纲（2016年修订版）词表；未加★为四级词。
primitive,,,,cet4,official_syllabus_2016,2,全国大学英语四、六级考试大纲（2016年修订版）词表；未加★为四级词。
prince/princess,,,,cet4,official_syllabus_2016,2,全国大学英语四、六级考试大纲（2016年修订版）词表；未加★为四级词。
principal,,,,cet4,official_syllabus_2016,2,全国大学英语四、六级考试大纲（2016年修订版）词表；未加★为四级词。
principle,,,,cet4,official_syllabus_2016,2,全国大学英语四、六级考试大纲（2016年修订版）词表；未加★为四级词。
print,,,,cet4,official_syllabus_2016,2,全国大学英语四、六级考试大纲（2016年修订版）词表；未加★为四级词。
printer,,,,cet4,official_syllabus_2016,2,全国大学英语四、六级考试大纲（2016年修订版）词表；未加★为四级词。
printing,,,,cet4,official_syllabus_2016,2,全国大学英语四、六级考试大纲（2016年修订版）词表；未加★为四级词。
prior,,,,cet4,official_syllabus_2016,2,全国大学英语四、六级考试大纲（2016年修订版）词表；未加★为四级词。
priority,,,,cet4,official_syllabus_2016,2,全国大学英语四、六级考试大纲（2016年修订版）词表；未加★为四级词。
prison,,,,cet4,official_syllabus_2016,2,全国大学英语四、六级考试大纲（2016年修订版）词表；未加★为四级词。
prisoner,,,,cet4,official_syllabus_2016,2,全国大学英语四、六级考试大纲（2016年修订版）词表；未加★为四级词。
private,,,,cet4,official_syllabus_2016,2,全国大学英语四、六级考试大纲（2016年修订版）词表；未加★为四级词。
privacy,,,,cet4,official_syllabus_2016,2,全国大学英语四、六级考试大纲（2016年修订版）词表；未加★为四级词。
privilege,,,,cet4,official_syllabus_2016,2,全国大学英语四、六级考试大纲（2016年修订版）词表；未加★为四级词。
privileged,,,,cet4,official_syllabus_2016,2,全国大学英语四、六级考试大纲（2016年修订版）词表；未加★为四级词。
prize,,,,cet4,official_syllabus_2016,2,全国大学英语四、六级考试大纲（2016年修订版）词表；未加★为四级词。
probable,,,,cet4,official_syllabus_2016,2,全国大学英语四、六级考试大纲（2016年修订版）词表；未加★为四级词。
probability,,,,cet4,official_syllabus_2016,2,全国大学英语四、六级考试大纲（2016年修订版）词表；未加★为四级词。
probably,,,,cet4,official_syllabus_2016,2,全国大学英语四、六级考试大纲（2016年修订版）词表；未加★为四级词。
problem,,,,cet4,official_syllabus_2016,2,全国大学英语四、六级考试大纲（2016年修订版）词表；未加★为四级词。
problematic,,,,cet4,official_syllabus_2016,2,全国大学英语四、六级考试大纲（2016年修订版）词表；未加★为四级词。
procedure,,,,cet4,official_syllabus_2016,2,全国大学英语四、六级考试大纲（2016年修订版）词表；未加★为四级词。
proceed,,,,cet4,official_syllabus_2016,2,全国大学英语四、六级考试大纲（2016年修订版）词表；未加★为四级词。
proceedings,,,,cet4,official_syllabus_2016,2,全国大学英语四、六级考试大纲（2016年修订版）词表；未加★为四级词。
process,,,,cet4,official_syllabus_2016,2,全国大学英语四、六级考试大纲（2016年修订版）词表；未加★为四级词。
processor,,,,cet4,official_syllabus_2016,2,全国大学英语四、六级考试大纲（2016年修订版）词表；未加★为四级词。
procession,,,,cet4,official_syllabus_2016,2,全国大学英语四、六级考试大纲（2016年修订版）词表；未加★为四级词。
proclaim,,,,cet4,official_syllabus_2016,2,全国大学英语四、六级考试大纲（2016年修订版）词表；未加★为四级词。
proclamation,,,,cet4,official_syllabus_2016,2,全国大学英语四、六级考试大纲（2016年修订版）词表；未加★为四级词。
produce,,,,cet4,official_syllabus_2016,2,全国大学英语四、六级考试大纲（2016年修订版）词表；未加★为四级词。
production,,,,cet4,official_syllabus_2016,2,全国大学英语四、六级考试大纲（2016年修订版）词表；未加★为四级词。
productive,,,,cet4,official_syllabus_2016,2,全国大学英语四、六级考试大纲（2016年修订版）词表；未加★为四级词。
productivity,,,,cet4,official_syllabus_2016,2,全国大学英语四、六级考试大纲（2016年修订版）词表；未加★为四级词。
product,,,,cet4,official_syllabus_2016,2,全国大学英语四、六级考试大纲（2016年修订版）词表；未加★为四级词。
profession,,,,cet4,official_syllabus_2016,2,全国大学英语四、六级考试大纲（2016年修订版）词表；未加★为四级词。
professional,,,,cet4,official_syllabus_2016,2,全国大学英语四、六级考试大纲（2016年修订版）词表；未加★为四级词。
professor,,,,cet4,official_syllabus_2016,2,全国大学英语四、六级考试大纲（2016年修订版）词表；未加★为四级词。
proficient,,,,cet4,official_syllabus_2016,2,全国大学英语四、六级考试大纲（2016年修订版）词表；未加★为四级词。
proficiency,,,,cet4,official_syllabus_2016,2,全国大学英语四、六级考试大纲（2016年修订版）词表；未加★为四级词。
profit,,,,cet4,official_syllabus_2016,2,全国大学英语四、六级考试大纲（2016年修订版）词表；未加★为四级词。
profitable,,,,cet4,official_syllabus_2016,2,全国大学英语四、六级考试大纲（2016年修订版）词表；未加★为四级词。
profound,,,,cet4,official_syllabus_2016,2,全国大学英语四、六级考试大纲（2016年修订版）词表；未加★为四级词。
program(me),,,,cet4,official_syllabus_2016,2,全国大学英语四、六级考试大纲（2016年修订版）词表；未加★为四级词。
progress,,,,cet4,official_syllabus_2016,2,全国大学英语四、六级考试大纲（2016年修订版）词表；未加★为四级词。
progressive,,,,cet4,official_syllabus_2016,2,全国大学英语四、六级考试大纲（2016年修订版）词表；未加★为四级词。
progression,,,,cet4,official_syllabus_2016,2,全国大学英语四、六级考试大纲（2016年修订版）词表；未加★为四级词。
prohibit,,,,cet4,official_syllabus_2016,2,全国大学英语四、六级考试大纲（2016年修订版）词表；未加★为四级词。
prohibition,,,,cet4,official_syllabus_2016,2,全国大学英语四、六级考试大纲（2016年修订版）词表；未加★为四级词。
prohibitive,,,,cet4,official_syllabus_2016,2,全国大学英语四、六级考试大纲（2016年修订版）词表；未加★为四级词。
project,,,,cet4,official_syllabus_2016,2,全国大学英语四、六级考试大纲（2016年修订版）词表；未加★为四级词。
projector,,,,cet4,official_syllabus_2016,2,全国大学英语四、六级考试大纲（2016年修订版）词表；未加★为四级词。
projection,,,,cet4,official_syllabus_2016,2,全国大学英语四、六级考试大纲（2016年修订版）词表；未加★为四级词。
prominent,,,,cet4,official_syllabus_2016,2,全国大学英语四、六级考试大纲（2016年修订版）词表；未加★为四级词。
prominence,,,,cet4,official_syllabus_2016,2,全国大学英语四、六级考试大纲（2016年修订版）词表；未加★为四级词。
promise,,,,cet4,official_syllabus_2016,2,全国大学英语四、六级考试大纲（2016年修订版）词表；未加★为四级词。
promising,,,,cet4,official_syllabus_2016,2,全国大学英语四、六级考试大纲（2016年修订版）词表；未加★为四级词。
promote,,,,cet4,official_syllabus_2016,2,全国大学英语四、六级考试大纲（2016年修订版）词表；未加★为四级词。
promotion,,,,cet4,official_syllabus_2016,2,全国大学英语四、六级考试大纲（2016年修订版）词表；未加★为四级词。
prompt,,,,cet4,official_syllabus_2016,2,全国大学英语四、六级考试大纲（2016年修订版）词表；未加★为四级词。
pronoun,,,,cet4,official_syllabus_2016,2,全国大学英语四、六级考试大纲（2016年修订版）词表；未加★为四级词。
pronounce,,,,cet4,official_syllabus_2016,2,全国大学英语四、六级考试大纲（2016年修订版）词表；未加★为四级词。
pronunciation,,,,cet4,official_syllabus_2016,2,全国大学英语四、六级考试大纲（2016年修订版）词表；未加★为四级词。
proof,,,,cet4,official_syllabus_2016,2,全国大学英语四、六级考试大纲（2016年修订版）词表；未加★为四级词。
propagation,,,,cet4,official_syllabus_2016,2,全国大学英语四、六级考试大纲（2016年修订版）词表；未加★为四级词。
propeller,,,,cet4,official_syllabus_2016,2,全国大学英语四、六级考试大纲（2016年修订版）词表；未加★为四级词。
proper,,,,cet4,official_syllabus_2016,2,全国大学英语四、六级考试大纲（2016年修订版）词表；未加★为四级词。
property,,,,cet4,official_syllabus_2016,2,全国大学英语四、六级考试大纲（2016年修订版）词表；未加★为四级词。
proportion,,,,cet4,official_syllabus_2016,2,全国大学英语四、六级考试大纲（2016年修订版）词表；未加★为四级词。
proportional,,,,cet4,official_syllabus_2016,2,全国大学英语四、六级考试大纲（2016年修订版）词表；未加★为四级词。
propose,,,,cet4,official_syllabus_2016,2,全国大学英语四、六级考试大纲（2016年修订版）词表；未加★为四级词。
proposal,,,,cet4,official_syllabus_2016,2,全国大学英语四、六级考试大纲（2016年修订版）词表；未加★为四级词。
proposition,,,,cet4,official_syllabus_2016,2,全国大学英语四、六级考试大纲（2016年修订版）词表；未加★为四级词。
prose,,,,cet4,official_syllabus_2016,2,全国大学英语四、六级考试大纲（2016年修订版）词表；未加★为四级词。
prosecution,,,,cet4,official_syllabus_2016,2,全国大学英语四、六级考试大纲（2016年修订版）词表；未加★为四级词。
prospect,,,,cet4,official_syllabus_2016,2,全国大学英语四、六级考试大纲（2016年修订版）词表；未加★为四级词。
prospective,,,,cet4,official_syllabus_2016,2,全国大学英语四、六级考试大纲（2016年修订版）词表；未加★为四级词。
prosperity,,,,cet4,official_syllabus_2016,2,全国大学英语四、六级考试大纲（2016年修订版）词表；未加★为四级词。
prosperous,,,,cet4,official_syllabus_2016,2,全国大学英语四、六级考试大纲（2016年修订版）词表；未加★为四级词。
protect,,,,cet4,official_syllabus_2016,2,全国大学英语四、六级考试大纲（2016年修订版）词表；未加★为四级词。
protection,,,,cet4,official_syllabus_2016,2,全国大学英语四、六级考试大纲（2016年修订版）词表；未加★为四级词。
protective,,,,cet4,official_syllabus_2016,2,全国大学英语四、六级考试大纲（2016年修订版）词表；未加★为四级词。
protein,,,,cet4,official_syllabus_2016,2,全国大学英语四、六级考试大纲（2016年修订版）词表；未加★为四级词。
protest,,,,cet4,official_syllabus_2016,2,全国大学英语四、六级考试大纲（2016年修订版）词表；未加★为四级词。
prove,,,,cet4,official_syllabus_2016,2,全国大学英语四、六级考试大纲（2016年修订版）词表；未加★为四级词。
proverb,,,,cet4,official_syllabus_2016,2,全国大学英语四、六级考试大纲（2016年修订版）词表；未加★为四级词。
proverbial,,,,cet4,official_syllabus_2016,2,全国大学英语四、六级考试大纲（2016年修订版）词表；未加★为四级词。
provide,,,,cet4,official_syllabus_2016,2,全国大学英语四、六级考试大纲（2016年修订版）词表；未加★为四级词。
provision,,,,cet4,official_syllabus_2016,2,全国大学英语四、六级考试大纲（2016年修订版）词表；未加★为四级词。
provided,,,,cet4,official_syllabus_2016,2,全国大学英语四、六级考试大纲（2016年修订版）词表；未加★为四级词。
province,,,,cet4,official_syllabus_2016,2,全国大学英语四、六级考试大纲（2016年修订版）词表；未加★为四级词。
provincial,,,,cet4,official_syllabus_2016,2,全国大学英语四、六级考试大纲（2016年修订版）词表；未加★为四级词。
provoke,,,,cet4,official_syllabus_2016,2,全国大学英语四、六级考试大纲（2016年修订版）词表；未加★为四级词。
provocation,,,,cet4,official_syllabus_2016,2,全国大学英语四、六级考试大纲（2016年修订版）词表；未加★为四级词。
provocative,,,,cet4,official_syllabus_2016,2,全国大学英语四、六级考试大纲（2016年修订版）词表；未加★为四级词。
proximity,,,,cet4,official_syllabus_2016,2,全国大学英语四、六级考试大纲（2016年修订版）词表；未加★为四级词。
psychiatric,,,,cet4,official_syllabus_2016,2,全国大学英语四、六级考试大纲（2016年修订版）词表；未加★为四级词。
psychiatrist,,,,cet4,official_syllabus_2016,2,全国大学英语四、六级考试大纲（2016年修订版）词表；未加★为四级词。
psychology,,,,cet4,official_syllabus_2016,2,全国大学英语四、六级考试大纲（2016年修订版）词表；未加★为四级词。
psychological,,,,cet4,official_syllabus_2016,2,全国大学英语四、六级考试大纲（2016年修订版）词表；未加★为四级词。
psychologist,,,,cet4,official_syllabus_2016,2,全国大学英语四、六级考试大纲（2016年修订版）词表；未加★为四级词。
pub,,,,cet4,official_syllabus_2016,2,全国大学英语四、六级考试大纲（2016年修订版）词表；未加★为四级词。
public,,,,cet4,official_syllabus_2016,2,全国大学英语四、六级考试大纲（2016年修订版）词表；未加★为四级词。
publicity,,,,cet4,official_syllabus_2016,2,全国大学英语四、六级考试大纲（2016年修订版）词表；未加★为四级词。
publicly,,,,cet4,official_syllabus_2016,2,全国大学英语四、六级考试大纲（2016年修订版）词表；未加★为四级词。
publish,,,,cet4,official_syllabus_2016,2,全国大学英语四、六级考试大纲（2016年修订版）词表；未加★为四级词。
publication,,,,cet4,official_syllabus_2016,2,全国大学英语四、六级考试大纲（2016年修订版）词表；未加★为四级词。
pull,,,,cet4,official_syllabus_2016,2,全国大学英语四、六级考试大纲（2016年修订版）词表；未加★为四级词。
pulse,,,,cet4,official_syllabus_2016,2,全国大学英语四、六级考试大纲（2016年修订版）词表；未加★为四级词。
pump,,,,cet4,official_syllabus_2016,2,全国大学英语四、六级考试大纲（2016年修订版）词表；未加★为四级词。
punch,,,,cet4,official_syllabus_2016,2,全国大学英语四、六级考试大纲（2016年修订版）词表；未加★为四级词。
punctual,,,,cet4,official_syllabus_2016,2,全国大学英语四、六级考试大纲（2016年修订版）词表；未加★为四级词。
punctuality,,,,cet4,official_syllabus_2016,2,全国大学英语四、六级考试大纲（2016年修订版）词表；未加★为四级词。
punish,,,,cet4,official_syllabus_2016,2,全国大学英语四、六级考试大纲（2016年修订版）词表；未加★为四级词。
punishment,,,,cet4,official_syllabus_2016,2,全国大学英语四、六级考试大纲（2016年修订版）词表；未加★为四级词。
pupil,,,,cet4,official_syllabus_2016,2,全国大学英语四、六级考试大纲（2016年修订版）词表；未加★为四级词。
purchase,,,,cet4,official_syllabus_2016,2,全国大学英语四、六级考试大纲（2016年修订版）词表；未加★为四级词。
pure,,,,cet4,official_syllabus_2016,2,全国大学英语四、六级考试大纲（2016年修订版）词表；未加★为四级词。
purity,,,,cet4,official_syllabus_2016,2,全国大学英语四、六级考试大纲（2016年修订版）词表；未加★为四级词。
purify,,,,cet4,official_syllabus_2016,2,全国大学英语四、六级考试大纲（2016年修订版）词表；未加★为四级词。
purple,,,,cet4,official_syllabus_2016,2,全国大学英语四、六级考试大纲（2016年修订版）词表；未加★为四级词。
purpose,,,,cet4,official_syllabus_2016,2,全国大学英语四、六级考试大纲（2016年修订版）词表；未加★为四级词。
purposeful,,,,cet4,official_syllabus_2016,2,全国大学英语四、六级考试大纲（2016年修订版）词表；未加★为四级词。
purse,,,,cet4,official_syllabus_2016,2,全国大学英语四、六级考试大纲（2016年修订版）词表；未加★为四级词。
pursue,,,,cet4,official_syllabus_2016,2,全国大学英语四、六级考试大纲（2016年修订版）词表；未加★为四级词。
pursuit,,,,cet4,official_syllabus_2016,2,全国大学英语四、六级考试大纲（2016年修订版）词表；未加★为四级词。
push,,,,cet4,official_syllabus_2016,2,全国大学英语四、六级考试大纲（2016年修订版）词表；未加★为四级词。
pushy,,,,cet4,official_syllabus_2016,2,全国大学英语四、六级考试大纲（2016年修订版）词表；未加★为四级词。
put,,,,cet4,official_syllabus_2016,2,全国大学英语四、六级考试大纲（2016年修订版）词表；未加★为四级词。
puzzle,,,,cet4,official_syllabus_2016,2,全国大学英语四、六级考试大纲（2016年修订版）词表；未加★为四级词。
puzzlement,,,,cet4,official_syllabus_2016,2,全国大学英语四、六级考试大纲（2016年修订版）词表；未加★为四级词。
quake,,,,cet4,official_syllabus_2016,2,全国大学英语四、六级考试大纲（2016年修订版）词表；未加★为四级词。
qualify,,,,cet4,official_syllabus_2016,2,全国大学英语四、六级考试大纲（2016年修订版）词表；未加★为四级词。
qualification,,,,cet4,official_syllabus_2016,2,全国大学英语四、六级考试大纲（2016年修订版）词表；未加★为四级词。
quality,,,,cet4,official_syllabus_2016,2,全国大学英语四、六级考试大纲（2016年修订版）词表；未加★为四级词。
qualitative,,,,cet4,official_syllabus_2016,2,全国大学英语四、六级考试大纲（2016年修订版）词表；未加★为四级词。
quantify,,,,cet4,official_syllabus_2016,2,全国大学英语四、六级考试大纲（2016年修订版）词表；未加★为四级词。
quantification,,,,cet4,official_syllabus_2016,2,全国大学英语四、六级考试大纲（2016年修订版）词表；未加★为四级词。
quantity,,,,cet4,official_syllabus_2016,2,全国大学英语四、六级考试大纲（2016年修订版）词表；未加★为四级词。
quantitative,,,,cet4,official_syllabus_2016,2,全国大学英语四、六级考试大纲（2016年修订版）词表；未加★为四级词。
quarrel,,,,cet4,official_syllabus_2016,2,全国大学英语四、六级考试大纲（2016年修订版）词表；未加★为四级词。
quarrelsome,,,,cet4,official_syllabus_2016,2,全国大学英语四、六级考试大纲（2016年修订版）词表；未加★为四级词。
quarter,,,,cet4,official_syllabus_2016,2,全国大学英语四、六级考试大纲（2016年修订版）词表；未加★为四级词。
quarterly,,,,cet4,official_syllabus_2016,2,全国大学英语四、六级考试大纲（2016年修订版）词表；未加★为四级词。
queen,,,,cet4,official_syllabus_2016,2,全国大学英语四、六级考试大纲（2016年修订版）词表；未加★为四级词。
question,,,,cet4,official_syllabus_2016,2,全国大学英语四、六级考试大纲（2016年修订版）词表；未加★为四级词。
questionnaire,,,,cet4,official_syllabus_2016,2,全国大学英语四、六级考试大纲（2016年修订版）词表；未加★为四级词。
queue,,,,cet4,official_syllabus_2016,2,全国大学英语四、六级考试大纲（2016年修订版）词表；未加★为四级词。
quick,,,,cet4,official_syllabus_2016,2,全国大学英语四、六级考试大纲（2016年修订版）词表；未加★为四级词。
quiet,,,,cet4,official_syllabus_2016,2,全国大学英语四、六级考试大纲（2016年修订版）词表；未加★为四级词。
quit,,,,cet4,official_syllabus_2016,2,全国大学英语四、六级考试大纲（2016年修订版）词表；未加★为四级词。
quite,,,,cet4,official_syllabus_2016,2,全国大学英语四、六级考试大纲（2016年修订版）词表；未加★为四级词。
quiz,,,,cet4,official_syllabus_2016,2,全国大学英语四、六级考试大纲（2016年修订版）词表；未加★为四级词。
quota,,,,cet4,official_syllabus_2016,2,全国大学英语四、六级考试大纲（2016年修订版）词表；未加★为四级词。
quote,,,,cet4,official_syllabus_2016,2,全国大学英语四、六级考试大纲（2016年修订版）词表；未加★为四级词。
quotation,,,,cet4,official_syllabus_2016,2,全国大学英语四、六级考试大纲（2016年修订版）词表；未加★为四级词。
rabbit,,,,cet4,official_syllabus_2016,2,全国大学英语四、六级考试大纲（2016年修订版）词表；未加★为四级词。
race,,,,cet4,official_syllabus_2016,2,全国大学英语四、六级考试大纲（2016年修订版）词表；未加★为四级词。
racial,,,,cet4,official_syllabus_2016,2,全国大学英语四、六级考试大纲（2016年修订版）词表；未加★为四级词。
racism,,,,cet4,official_syllabus_2016,2,全国大学英语四、六级考试大纲（2016年修订版）词表；未加★为四级词。
racist,,,,cet4,official_syllabus_2016,2,全国大学英语四、六级考试大纲（2016年修订版）词表；未加★为四级词。
rack,,,,cet4,official_syllabus_2016,2,全国大学英语四、六级考试大纲（2016年修订版）词表；未加★为四级词。
radar,,,,cet4,official_syllabus_2016,2,全国大学英语四、六级考试大纲（2016年修订版）词表；未加★为四级词。
radiation,,,,cet4,official_syllabus_2016,2,全国大学英语四、六级考试大纲（2016年修订版）词表；未加★为四级词。
radiator,,,,cet4,official_syllabus_2016,2,全国大学英语四、六级考试大纲（2016年修订版）词表；未加★为四级词。
radiant,,,,cet4,official_syllabus_2016,2,全国大学英语四、六级考试大纲（2016年修订版）词表；未加★为四级词。
radical,,,,cet4,official_syllabus_2016,2,全国大学英语四、六级考试大纲（2016年修订版）词表；未加★为四级词。
radio,,,,cet4,official_syllabus_2016,2,全国大学英语四、六级考试大纲（2016年修订版）词表；未加★为四级词。
radioactivity,,,,cet4,official_syllabus_2016,2,全国大学英语四、六级考试大纲（2016年修订版）词表；未加★为四级词。
rag,,,,cet4,official_syllabus_2016,2,全国大学英语四、六级考试大纲（2016年修订版）词表；未加★为四级词。
ragged,,,,cet4,official_syllabus_2016,2,全国大学英语四、六级考试大纲（2016年修订版）词表；未加★为四级词。
raggedly,,,,cet4,official_syllabus_2016,2,全国大学英语四、六级考试大纲（2016年修订版）词表；未加★为四级词。
rage,,,,cet4,official_syllabus_2016,2,全国大学英语四、六级考试大纲（2016年修订版）词表；未加★为四级词。
raging,,,,cet4,official_syllabus_2016,2,全国大学英语四、六级考试大纲（2016年修订版）词表；未加★为四级词。
raid,,,,cet4,official_syllabus_2016,2,全国大学英语四、六级考试大纲（2016年修订版）词表；未加★为四级词。
rail,,,,cet4,official_syllabus_2016,2,全国大学英语四、六级考试大纲（2016年修订版）词表；未加★为四级词。
railway/railroad,,,,cet4,official_syllabus_2016,2,全国大学英语四、六级考试大纲（2016年修订版）词表；未加★为四级词。
rain,,,,cet4,official_syllabus_2016,2,全国大学英语四、六级考试大纲（2016年修订版）词表；未加★为四级词。
rainy,,,,cet4,official_syllabus_2016,2,全国大学英语四、六级考试大纲（2016年修订版）词表；未加★为四级词。
rainbow,,,,cet4,official_syllabus_2016,2,全国大学英语四、六级考试大纲（2016年修订版）词表；未加★为四级词。
raincoat,,,,cet4,official_syllabus_2016,2,全国大学英语四、六级考试大纲（2016年修订版）词表；未加★为四级词。
raise,,,,cet4,official_syllabus_2016,2,全国大学英语四、六级考试大纲（2016年修订版）词表；未加★为四级词。
rally,,,,cet4,official_syllabus_2016,2,全国大学英语四、六级考试大纲（2016年修订版）词表；未加★为四级词。
range,,,,cet4,official_syllabus_2016,2,全国大学英语四、六级考试大纲（2016年修订版）词表；未加★为四级词。
rank,,,,cet4,official_syllabus_2016,2,全国大学英语四、六级考试大纲（2016年修订版）词表；未加★为四级词。
rapid,,,,cet4,official_syllabus_2016,2,全国大学英语四、六级考试大纲（2016年修订版）词表；未加★为四级词。
rapidity,,,,cet4,official_syllabus_2016,2,全国大学英语四、六级考试大纲（2016年修订版）词表；未加★为四级词。
rare,,,,cet4,official_syllabus_2016,2,全国大学英语四、六级考试大纲（2016年修订版）词表；未加★为四级词。
rarely,,,,cet4,official_syllabus_2016,2,全国大学英语四、六级考试大纲（2016年修订版）词表；未加★为四级词。
rarity,,,,cet4,official_syllabus_2016,2,全国大学英语四、六级考试大纲（2016年修订版）词表；未加★为四级词。
rat,,,,cet4,official_syllabus_2016,2,全国大学英语四、六级考试大纲（2016年修订版）词表；未加★为四级词。
rate,,,,cet4,official_syllabus_2016,2,全国大学英语四、六级考试大纲（2016年修订版）词表；未加★为四级词。
rating,,,,cet4,official_syllabus_2016,2,全国大学英语四、六级考试大纲（2016年修订版）词表；未加★为四级词。
rather,,,,cet4,official_syllabus_2016,2,全国大学英语四、六级考试大纲（2016年修订版）词表；未加★为四级词。
ratification,,,,cet4,official_syllabus_2016,2,全国大学英语四、六级考试大纲（2016年修订版）词表；未加★为四级词。
ratio,,,,cet4,official_syllabus_2016,2,全国大学英语四、六级考试大纲（2016年修订版）词表；未加★为四级词。
rational,,,,cet4,official_syllabus_2016,2,全国大学英语四、六级考试大纲（2016年修订版）词表；未加★为四级词。
raw,,,,cet4,official_syllabus_2016,2,全国大学英语四、六级考试大纲（2016年修订版）词表；未加★为四级词。
ray,,,,cet4,official_syllabus_2016,2,全国大学英语四、六级考试大纲（2016年修订版）词表；未加★为四级词。
reach,,,,cet4,official_syllabus_2016,2,全国大学英语四、六级考试大纲（2016年修订版）词表；未加★为四级词。
react,,,,cet4,official_syllabus_2016,2,全国大学英语四、六级考试大纲（2016年修订版）词表；未加★为四级词。
reaction,,,,cet4,official_syllabus_2016,2,全国大学英语四、六级考试大纲（2016年修订版）词表；未加★为四级词。
reactionary,,,,cet4,official_syllabus_2016,2,全国大学英语四、六级考试大纲（2016年修订版）词表；未加★为四级词。
read,,,,cet4,official_syllabus_2016,2,全国大学英语四、六级考试大纲（2016年修订版）词表；未加★为四级词。
reading,,,,cet4,official_syllabus_2016,2,全国大学英语四、六级考试大纲（2016年修订版）词表；未加★为四级词。
reader,,,,cet4,official_syllabus_2016,2,全国大学英语四、六级考试大纲（2016年修订版）词表；未加★为四级词。
ready,,,,cet4,official_syllabus_2016,2,全国大学英语四、六级考试大纲（2016年修订版）词表；未加★为四级词。
readily,,,,cet4,official_syllabus_2016,2,全国大学英语四、六级考试大纲（2016年修订版）词表；未加★为四级词。
real,,,,cet4,official_syllabus_2016,2,全国大学英语四、六级考试大纲（2016年修订版）词表；未加★为四级词。
really,,,,cet4,official_syllabus_2016,2,全国大学英语四、六级考试大纲（2016年修订版）词表；未加★为四级词。
reality,,,,cet4,official_syllabus_2016,2,全国大学英语四、六级考试大纲（2016年修订版）词表；未加★为四级词。
realistic,,,,cet4,official_syllabus_2016,2,全国大学英语四、六级考试大纲（2016年修订版）词表；未加★为四级词。
realism,,,,cet4,official_syllabus_2016,2,全国大学英语四、六级考试大纲（2016年修订版）词表；未加★为四级词。
realm,,,,cet4,official_syllabus_2016,2,全国大学英语四、六级考试大纲（2016年修订版）词表；未加★为四级词。
reap,,,,cet4,official_syllabus_2016,2,全国大学英语四、六级考试大纲（2016年修订版）词表；未加★为四级词。
rear,,,,cet4,official_syllabus_2016,2,全国大学英语四、六级考试大纲（2016年修订版）词表；未加★为四级词。
reason,,,,cet4,official_syllabus_2016,2,全国大学英语四、六级考试大纲（2016年修订版）词表；未加★为四级词。
reasonable,,,,cet4,official_syllabus_2016,2,全国大学英语四、六级考试大纲（2016年修订版）词表；未加★为四级词。
reassurance,,,,cet4,official_syllabus_2016,2,全国大学英语四、六级考试大纲（2016年修订版）词表；未加★为四级词。
rebel,,,,cet4,official_syllabus_2016,2,全国大学英语四、六级考试大纲（2016年修订版）词表；未加★为四级词。
rebellion,,,,cet4,official_syllabus_2016,2,全国大学英语四、六级考试大纲（2016年修订版）词表；未加★为四级词。
rebellious,,,,cet4,official_syllabus_2016,2,全国大学英语四、六级考试大纲（2016年修订版）词表；未加★为四级词。
recall,,,,cet4,official_syllabus_2016,2,全国大学英语四、六级考试大纲（2016年修订版）词表；未加★为四级词。
receive,,,,cet4,official_syllabus_2016,2,全国大学英语四、六级考试大纲（2016年修订版）词表；未加★为四级词。
receipt,,,,cet4,official_syllabus_2016,2,全国大学英语四、六级考试大纲（2016年修订版）词表；未加★为四级词。
recipient,,,,cet4,official_syllabus_2016,2,全国大学英语四、六级考试大纲（2016年修订版）词表；未加★为四级词。
receptive,,,,cet4,official_syllabus_2016,2,全国大学英语四、六级考试大纲（2016年修订版）词表；未加★为四级词。
receiver,,,,cet4,official_syllabus_2016,2,全国大学英语四、六级考试大纲（2016年修订版）词表；未加★为四级词。
recent,,,,cet4,official_syllabus_2016,2,全国大学英语四、六级考试大纲（2016年修订版）词表；未加★为四级词。
recently,,,,cet4,official_syllabus_2016,2,全国大学英语四、六级考试大纲（2016年修订版）词表；未加★为四级词。
reception,,,,cet4,official_syllabus_2016,2,全国大学英语四、六级考试大纲（2016年修订版）词表；未加★为四级词。
receptionist,,,,cet4,official_syllabus_2016,2,全国大学英语四、六级考试大纲（2016年修订版）词表；未加★为四级词。
recession,,,,cet4,official_syllabus_2016,2,全国大学英语四、六级考试大纲（2016年修订版）词表；未加★为四级词。
recite,,,,cet4,official_syllabus_2016,2,全国大学英语四、六级考试大纲（2016年修订版）词表；未加★为四级词。
recitation,,,,cet4,official_syllabus_2016,2,全国大学英语四、六级考试大纲（2016年修订版）词表；未加★为四级词。
reckon,,,,cet4,official_syllabus_2016,2,全国大学英语四、六级考试大纲（2016年修订版）词表；未加★为四级词。
recognition,,,,cet4,official_syllabus_2016,2,全国大学英语四、六级考试大纲（2016年修订版）词表；未加★为四级词。
recommend,,,,cet4,official_syllabus_2016,2,全国大学英语四、六级考试大纲（2016年修订版）词表；未加★为四级词。
recommendation,,,,cet4,official_syllabus_2016,2,全国大学英语四、六级考试大纲（2016年修订版）词表；未加★为四级词。
reconciliation,,,,cet4,official_syllabus_2016,2,全国大学英语四、六级考试大纲（2016年修订版）词表；未加★为四级词。
reconciliatory,,,,cet4,official_syllabus_2016,2,全国大学英语四、六级考试大纲（2016年修订版）词表；未加★为四级词。
record,,,,cet4,official_syllabus_2016,2,全国大学英语四、六级考试大纲（2016年修订版）词表；未加★为四级词。
recorder,,,,cet4,official_syllabus_2016,2,全国大学英语四、六级考试大纲（2016年修订版）词表；未加★为四级词。
recording,,,,cet4,official_syllabus_2016,2,全国大学英语四、六级考试大纲（2016年修订版）词表；未加★为四级词。
recover,,,,cet4,official_syllabus_2016,2,全国大学英语四、六级考试大纲（2016年修订版）词表；未加★为四级词。
recovery,,,,cet4,official_syllabus_2016,2,全国大学英语四、六级考试大纲（2016年修订版）词表；未加★为四级词。
recreation,,,,cet4,official_syllabus_2016,2,全国大学英语四、六级考试大纲（2016年修订版）词表；未加★为四级词。
recreational,,,,cet4,official_syllabus_2016,2,全国大学英语四、六级考试大纲（2016年修订版）词表；未加★为四级词。
recruit,,,,cet4,official_syllabus_2016,2,全国大学英语四、六级考试大纲（2016年修订版）词表；未加★为四级词。
recruitment,,,,cet4,official_syllabus_2016,2,全国大学英语四、六级考试大纲（2016年修订版）词表；未加★为四级词。
rectification,,,,cet4,official_syllabus_2016,2,全国大学英语四、六级考试大纲（2016年修订版）词表；未加★为四级词。
recurrence,,,,cet4,official_syllabus_2016,2,全国大学英语四、六级考试大纲（2016年修订版）词表；未加★为四级词。
recycle,,,,cet4,official_syllabus_2016,2,全国大学英语四、六级考试大纲（2016年修订版）词表；未加★为四级词。
recyclable,,,,cet4,official_syllabus_2016,2,全国大学英语四、六级考试大纲（2016年修订版）词表；未加★为四级词。
red,,,,cet4,official_syllabus_2016,2,全国大学英语四、六级考试大纲（2016年修订版）词表；未加★为四级词。
reduce,,,,cet4,official_syllabus_2016,2,全国大学英语四、六级考试大纲（2016年修订版）词表；未加★为四级词。
reduction,,,,cet4,official_syllabus_2016,2,全国大学英语四、六级考试大纲（2016年修订版）词表；未加★为四级词。
redundancy,,,,cet4,official_syllabus_2016,2,全国大学英语四、六级考试大纲（2016年修订版）词表；未加★为四级词。
refer,,,,cet4,official_syllabus_2016,2,全国大学英语四、六级考试大纲（2016年修订版）词表；未加★为四级词。
reference,,,,cet4,official_syllabus_2016,2,全国大学英语四、六级考试大纲（2016年修订版）词表；未加★为四级词。
refine,,,,cet4,official_syllabus_2016,2,全国大学英语四、六级考试大纲（2016年修订版）词表；未加★为四级词。
refinery,,,,cet4,official_syllabus_2016,2,全国大学英语四、六级考试大纲（2016年修订版）词表；未加★为四级词。
refinement,,,,cet4,official_syllabus_2016,2,全国大学英语四、六级考试大纲（2016年修订版）词表；未加★为四级词。
reflect,,,,cet4,official_syllabus_2016,2,全国大学英语四、六级考试大纲（2016年修订版）词表；未加★为四级词。
reflection,,,,cet4,official_syllabus_2016,2,全国大学英语四、六级考试大纲（2016年修订版）词表；未加★为四级词。
reflective,,,,cet4,official_syllabus_2016,2,全国大学英语四、六级考试大纲（2016年修订版）词表；未加★为四级词。
reform,,,,cet4,official_syllabus_2016,2,全国大学英语四、六级考试大纲（2016年修订版）词表；未加★为四级词。
reformation,,,,cet4,official_syllabus_2016,2,全国大学英语四、六级考试大纲（2016年修订版）词表；未加★为四级词。
reformist,,,,cet4,official_syllabus_2016,2,全国大学英语四、六级考试大纲（2016年修订版）词表；未加★为四级词。
refrain,,,,cet4,official_syllabus_2016,2,全国大学英语四、六级考试大纲（2016年修订版）词表；未加★为四级词。
refresh,,,,cet4,official_syllabus_2016,2,全国大学英语四、六级考试大纲（2016年修订版）词表；未加★为四级词。
refreshment,,,,cet4,official_syllabus_2016,2,全国大学英语四、六级考试大纲（2016年修订版）词表；未加★为四级词。
refrigerator/fridge refrigeration,,,,cet4,official_syllabus_2016,2,全国大学英语四、六级考试大纲（2016年修订版）词表；未加★为四级词。
refugee,,,,cet4,official_syllabus_2016,2,全国大学英语四、六级考试大纲（2016年修订版）词表；未加★为四级词。
refuse,,,,cet4,official_syllabus_2016,2,全国大学英语四、六级考试大纲（2016年修订版）词表；未加★为四级词。
refusal,,,,cet4,official_syllabus_2016,2,全国大学英语四、六级考试大纲（2016年修订版）词表；未加★为四级词。
refutation,,,,cet4,official_syllabus_2016,2,全国大学英语四、六级考试大纲（2016年修订版）词表；未加★为四级词。
regard,,,,cet4,official_syllabus_2016,2,全国大学英语四、六级考试大纲（2016年修订版）词表；未加★为四级词。
regarding,,,,cet4,official_syllabus_2016,2,全国大学英语四、六级考试大纲（2016年修订版）词表；未加★为四级词。
regardless,,,,cet4,official_syllabus_2016,2,全国大学英语四、六级考试大纲（2016年修订版）词表；未加★为四级词。
regimental,,,,cet4,official_syllabus_2016,2,全国大学英语四、六级考试大纲（2016年修订版）词表；未加★为四级词。
region,,,,cet4,official_syllabus_2016,2,全国大学英语四、六级考试大纲（2016年修订版）词表；未加★为四级词。
regional,,,,cet4,official_syllabus_2016,2,全国大学英语四、六级考试大纲（2016年修订版）词表；未加★为四级词。
register,,,,cet4,official_syllabus_2016,2,全国大学英语四、六级考试大纲（2016年修订版）词表；未加★为四级词。
registration,,,,cet4,official_syllabus_2016,2,全国大学英语四、六级考试大纲（2016年修订版）词表；未加★为四级词。
registrar,,,,cet4,official_syllabus_2016,2,全国大学英语四、六级考试大纲（2016年修订版）词表；未加★为四级词。
regret,,,,cet4,official_syllabus_2016,2,全国大学英语四、六级考试大纲（2016年修订版）词表；未加★为四级词。
regrettable,,,,cet4,official_syllabus_2016,2,全国大学英语四、六级考试大纲（2016年修订版）词表；未加★为四级词。
regretful,,,,cet4,official_syllabus_2016,2,全国大学英语四、六级考试大纲（2016年修订版）词表；未加★为四级词。
regular,,,,cet4,official_syllabus_2016,2,全国大学英语四、六级考试大纲（2016年修订版）词表；未加★为四级词。
regularity,,,,cet4,official_syllabus_2016,2,全国大学英语四、六级考试大纲（2016年修订版）词表；未加★为四级词。
regulate,,,,cet4,official_syllabus_2016,2,全国大学英语四、六级考试大纲（2016年修订版）词表；未加★为四级词。
regulation,,,,cet4,official_syllabus_2016,2,全国大学英语四、六级考试大纲（2016年修订版）词表；未加★为四级词。
regulatory,,,,cet4,official_syllabus_2016,2,全国大学英语四、六级考试大纲（2016年修订版）词表；未加★为四级词。
regulator,,,,cet4,official_syllabus_2016,2,全国大学英语四、六级考试大纲（2016年修订版）词表；未加★为四级词。
rehabilitation,,,,cet4,official_syllabus_2016,2,全国大学英语四、六级考试大纲（2016年修订版）词表；未加★为四级词。
rehearsal,,,,cet4,official_syllabus_2016,2,全国大学英语四、六级考试大纲（2016年修订版）词表；未加★为四级词。
reinforce,,,,cet4,official_syllabus_2016,2,全国大学英语四、六级考试大纲（2016年修订版）词表；未加★为四级词。
reinforcement,,,,cet4,official_syllabus_2016,2,全国大学英语四、六级考试大纲（2016年修订版）词表；未加★为四级词。
reject,,,,cet4,official_syllabus_2016,2,全国大学英语四、六级考试大纲（2016年修订版）词表；未加★为四级词。
rejection,,,,cet4,official_syllabus_2016,2,全国大学英语四、六级考试大纲（2016年修订版）词表；未加★为四级词。
rejoicing,,,,cet4,official_syllabus_2016,2,全国大学英语四、六级考试大纲（2016年修订版）词表；未加★为四级词。
relate,,,,cet4,official_syllabus_2016,2,全国大学英语四、六级考试大纲（2016年修订版）词表；未加★为四级词。
relation,,,,cet4,official_syllabus_2016,2,全国大学英语四、六级考试大纲（2016年修订版）词表；未加★为四级词。
relationship,,,,cet4,official_syllabus_2016,2,全国大学英语四、六级考试大纲（2016年修订版）词表；未加★为四级词。
relative,,,,cet4,official_syllabus_2016,2,全国大学英语四、六级考试大纲（2016年修订版）词表；未加★为四级词。
relativity,,,,cet4,official_syllabus_2016,2,全国大学英语四、六级考试大纲（2016年修订版）词表；未加★为四级词。
relax,,,,cet4,official_syllabus_2016,2,全国大学英语四、六级考试大纲（2016年修订版）词表；未加★为四级词。
relaxation,,,,cet4,official_syllabus_2016,2,全国大学英语四、六级考试大纲（2016年修订版）词表；未加★为四级词。
relay,,,,cet4,official_syllabus_2016,2,全国大学英语四、六级考试大纲（2016年修订版）词表；未加★为四级词。
release,,,,cet4,official_syllabus_2016,2,全国大学英语四、六级考试大纲（2016年修订版）词表；未加★为四级词。
relevant,,,,cet4,official_syllabus_2016,2,全国大学英语四、六级考试大纲（2016年修订版）词表；未加★为四级词。
relevance,,,,cet4,official_syllabus_2016,2,全国大学英语四、六级考试大纲（2016年修订版）词表；未加★为四级词。
relieve,,,,cet4,official_syllabus_2016,2,全国大学英语四、六级考试大纲（2016年修订版）词表；未加★为四级词。
relief,,,,cet4,official_syllabus_2016,2,全国大学英语四、六级考试大纲（2016年修订版）词表；未加★为四级词。
religion,,,,cet4,official_syllabus_2016,2,全国大学英语四、六级考试大纲（2016年修订版）词表；未加★为四级词。
religious,,,,cet4,official_syllabus_2016,2,全国大学英语四、六级考试大纲（2016年修订版）词表；未加★为四级词。
reluctant,,,,cet4,official_syllabus_2016,2,全国大学英语四、六级考试大纲（2016年修订版）词表；未加★为四级词。
reluctance,,,,cet4,official_syllabus_2016,2,全国大学英语四、六级考试大纲（2016年修订版）词表；未加★为四级词。
rely,,,,cet4,official_syllabus_2016,2,全国大学英语四、六级考试大纲（2016年修订版）词表；未加★为四级词。
reliance,,,,cet4,official_syllabus_2016,2,全国大学英语四、六级考试大纲（2016年修订版）词表；未加★为四级词。
reliable,,,,cet4,official_syllabus_2016,2,全国大学英语四、六级考试大纲（2016年修订版）词表；未加★为四级词。
remain,,,,cet4,official_syllabus_2016,2,全国大学英语四、六级考试大纲（2016年修订版）词表；未加★为四级词。
remainder,,,,cet4,official_syllabus_2016,2,全国大学英语四、六级考试大纲（2016年修订版）词表；未加★为四级词。
remark,,,,cet4,official_syllabus_2016,2,全国大学英语四、六级考试大纲（2016年修订版）词表；未加★为四级词。
remarkable,,,,cet4,official_syllabus_2016,2,全国大学英语四、六级考试大纲（2016年修订版）词表；未加★为四级词。
remedy,,,,cet4,official_syllabus_2016,2,全国大学英语四、六级考试大纲（2016年修订版）词表；未加★为四级词。
remedial,,,,cet4,official_syllabus_2016,2,全国大学英语四、六级考试大纲（2016年修订版）词表；未加★为四级词。
remember,,,,cet4,official_syllabus_2016,2,全国大学英语四、六级考试大纲（2016年修订版）词表；未加★为四级词。
remembrance,,,,cet4,official_syllabus_2016,2,全国大学英语四、六级考试大纲（2016年修订版）词表；未加★为四级词。
remind,,,,cet4,official_syllabus_2016,2,全国大学英语四、六级考试大纲（2016年修订版）词表；未加★为四级词。
reminder,,,,cet4,official_syllabus_2016,2,全国大学英语四、六级考试大纲（2016年修订版）词表；未加★为四级词。
reminiscence,,,,cet4,official_syllabus_2016,2,全国大学英语四、六级考试大纲（2016年修订版）词表；未加★为四级词。
remote,,,,cet4,official_syllabus_2016,2,全国大学英语四、六级考试大纲（2016年修订版）词表；未加★为四级词。
remove,,,,cet4,official_syllabus_2016,2,全国大学英语四、六级考试大纲（2016年修订版）词表；未加★为四级词。
removal,,,,cet4,official_syllabus_2016,2,全国大学英语四、六级考试大纲（2016年修订版）词表；未加★为四级词。
render,,,,cet4,official_syllabus_2016,2,全国大学英语四、六级考试大纲（2016年修订版）词表；未加★为四级词。
rendering,,,,cet4,official_syllabus_2016,2,全国大学英语四、六级考试大纲（2016年修订版）词表；未加★为四级词。
renew,,,,cet4,official_syllabus_2016,2,全国大学英语四、六级考试大纲（2016年修订版）词表；未加★为四级词。
renewal,,,,cet4,official_syllabus_2016,2,全国大学英语四、六级考试大纲（2016年修订版）词表；未加★为四级词。
renewable,,,,cet4,official_syllabus_2016,2,全国大学英语四、六级考试大纲（2016年修订版）词表；未加★为四级词。
renovate,,,,cet4,official_syllabus_2016,2,全国大学英语四、六级考试大纲（2016年修订版）词表；未加★为四级词。
renovation,,,,cet4,official_syllabus_2016,2,全国大学英语四、六级考试大纲（2016年修订版）词表；未加★为四级词。
renowned,,,,cet4,official_syllabus_2016,2,全国大学英语四、六级考试大纲（2016年修订版）词表；未加★为四级词。
rent,,,,cet4,official_syllabus_2016,2,全国大学英语四、六级考试大纲（2016年修订版）词表；未加★为四级词。
rental,,,,cet4,official_syllabus_2016,2,全国大学英语四、六级考试大纲（2016年修订版）词表；未加★为四级词。
repair,,,,cet4,official_syllabus_2016,2,全国大学英语四、六级考试大纲（2016年修订版）词表；未加★为四级词。
reparable,,,,cet4,official_syllabus_2016,2,全国大学英语四、六级考试大纲（2016年修订版）词表；未加★为四级词。
repay,,,,cet4,official_syllabus_2016,2,全国大学英语四、六级考试大纲（2016年修订版）词表；未加★为四级词。
repayment,,,,cet4,official_syllabus_2016,2,全国大学英语四、六级考试大纲（2016年修订版）词表；未加★为四级词。
repeat,,,,cet4,official_syllabus_2016,2,全国大学英语四、六级考试大纲（2016年修订版）词表；未加★为四级词。
repetition,,,,cet4,official_syllabus_2016,2,全国大学英语四、六级考试大纲（2016年修订版）词表；未加★为四级词。
repetitive,,,,cet4,official_syllabus_2016,2,全国大学英语四、六级考试大纲（2016年修订版）词表；未加★为四级词。
repeatedly,,,,cet4,official_syllabus_2016,2,全国大学英语四、六级考试大纲（2016年修订版）词表；未加★为四级词。
replace,,,,cet4,official_syllabus_2016,2,全国大学英语四、六级考试大纲（2016年修订版）词表；未加★为四级词。
replacement,,,,cet4,official_syllabus_2016,2,全国大学英语四、六级考试大纲（2016年修订版）词表；未加★为四级词。
reply,,,,cet4,official_syllabus_2016,2,全国大学英语四、六级考试大纲（2016年修订版）词表；未加★为四级词。
report,,,,cet4,official_syllabus_2016,2,全国大学英语四、六级考试大纲（2016年修订版）词表；未加★为四级词。
reporter,,,,cet4,official_syllabus_2016,2,全国大学英语四、六级考试大纲（2016年修订版）词表；未加★为四级词。
represent,,,,cet4,official_syllabus_2016,2,全国大学英语四、六级考试大纲（2016年修订版）词表；未加★为四级词。
representation,,,,cet4,official_syllabus_2016,2,全国大学英语四、六级考试大纲（2016年修订版）词表；未加★为四级词。
representative,,,,cet4,official_syllabus_2016,2,全国大学英语四、六级考试大纲（2016年修订版）词表；未加★为四级词。
repression,,,,cet4,official_syllabus_2016,2,全国大学英语四、六级考试大纲（2016年修订版）词表；未加★为四级词。
repressive,,,,cet4,official_syllabus_2016,2,全国大学英语四、六级考试大纲（2016年修订版）词表；未加★为四级词。
reproduce,,,,cet4,official_syllabus_2016,2,全国大学英语四、六级考试大纲（2016年修订版）词表；未加★为四级词。
reproduction,,,,cet4,official_syllabus_2016,2,全国大学英语四、六级考试大纲（2016年修订版）词表；未加★为四级词。
reproductive,,,,cet4,official_syllabus_2016,2,全国大学英语四、六级考试大纲（2016年修订版）词表；未加★为四级词。
republic,,,,cet4,official_syllabus_2016,2,全国大学英语四、六级考试大纲（2016年修订版）词表；未加★为四级词。
republican,,,,cet4,official_syllabus_2016,2,全国大学英语四、六级考试大纲（2016年修订版）词表；未加★为四级词。
reputation,,,,cet4,official_syllabus_2016,2,全国大学英语四、六级考试大纲（2016年修订版）词表；未加★为四级词。
reputable,,,,cet4,official_syllabus_2016,2,全国大学英语四、六级考试大纲（2016年修订版）词表；未加★为四级词。
request,,,,cet4,official_syllabus_2016,2,全国大学英语四、六级考试大纲（2016年修订版）词表；未加★为四级词。
require,,,,cet4,official_syllabus_2016,2,全国大学英语四、六级考试大纲（2016年修订版）词表；未加★为四级词。
requirement,,,,cet4,official_syllabus_2016,2,全国大学英语四、六级考试大纲（2016年修订版）词表；未加★为四级词。
rescue,,,,cet4,official_syllabus_2016,2,全国大学英语四、六级考试大纲（2016年修订版）词表；未加★为四级词。
research,,,,cet4,official_syllabus_2016,2,全国大学英语四、六级考试大纲（2016年修订版）词表；未加★为四级词。
researcher,,,,cet4,official_syllabus_2016,2,全国大学英语四、六级考试大纲（2016年修订版）词表；未加★为四级词。
resemble,,,,cet4,official_syllabus_2016,2,全国大学英语四、六级考试大纲（2016年修订版）词表；未加★为四级词。
resemblance,,,,cet4,official_syllabus_2016,2,全国大学英语四、六级考试大纲（2016年修订版）词表；未加★为四级词。
resent,,,,cet4,official_syllabus_2016,2,全国大学英语四、六级考试大纲（2016年修订版）词表；未加★为四级词。
resentment,,,,cet4,official_syllabus_2016,2,全国大学英语四、六级考试大纲（2016年修订版）词表；未加★为四级词。
reserve,,,,cet4,official_syllabus_2016,2,全国大学英语四、六级考试大纲（2016年修订版）词表；未加★为四级词。
reservation,,,,cet4,official_syllabus_2016,2,全国大学英语四、六级考试大纲（2016年修订版）词表；未加★为四级词。
reserved,,,,cet4,official_syllabus_2016,2,全国大学英语四、六级考试大纲（2016年修订版）词表；未加★为四级词。
reside,,,,cet4,official_syllabus_2016,2,全国大学英语四、六级考试大纲（2016年修订版）词表；未加★为四级词。
residence,,,,cet4,official_syllabus_2016,2,全国大学英语四、六级考试大纲（2016年修订版）词表；未加★为四级词。
resident,,,,cet4,official_syllabus_2016,2,全国大学英语四、六级考试大纲（2016年修订版）词表；未加★为四级词。
residential,,,,cet4,official_syllabus_2016,2,全国大学英语四、六级考试大纲（2016年修订版）词表；未加★为四级词。
resign,,,,cet4,official_syllabus_2016,2,全国大学英语四、六级考试大纲（2016年修订版）词表；未加★为四级词。
resignation,,,,cet4,official_syllabus_2016,2,全国大学英语四、六级考试大纲（2016年修订版）词表；未加★为四级词。
resist,,,,cet4,official_syllabus_2016,2,全国大学英语四、六级考试大纲（2016年修订版）词表；未加★为四级词。
resistance,,,,cet4,official_syllabus_2016,2,全国大学英语四、六级考试大纲（2016年修订版）词表；未加★为四级词。
resistant,,,,cet4,official_syllabus_2016,2,全国大学英语四、六级考试大纲（2016年修订版）词表；未加★为四级词。
resolve,,,,cet4,official_syllabus_2016,2,全国大学英语四、六级考试大纲（2016年修订版）词表；未加★为四级词。
resolution,,,,cet4,official_syllabus_2016,2,全国大学英语四、六级考试大纲（2016年修订版）词表；未加★为四级词。
resolute,,,,cet4,official_syllabus_2016,2,全国大学英语四、六级考试大纲（2016年修订版）词表；未加★为四级词。
resort,,,,cet4,official_syllabus_2016,2,全国大学英语四、六级考试大纲（2016年修订版）词表；未加★为四级词。
resource,,,,cet4,official_syllabus_2016,2,全国大学英语四、六级考试大纲（2016年修订版）词表；未加★为四级词。
resourceful,,,,cet4,official_syllabus_2016,2,全国大学英语四、六级考试大纲（2016年修订版）词表；未加★为四级词。
respect,,,,cet4,official_syllabus_2016,2,全国大学英语四、六级考试大纲（2016年修订版）词表；未加★为四级词。
respectable,,,,cet4,official_syllabus_2016,2,全国大学英语四、六级考试大纲（2016年修订版）词表；未加★为四级词。
respectful,,,,cet4,official_syllabus_2016,2,全国大学英语四、六级考试大纲（2016年修订版）词表；未加★为四级词。
respective,,,,cet4,official_syllabus_2016,2,全国大学英语四、六级考试大纲（2016年修订版）词表；未加★为四级词。
respectively,,,,cet4,official_syllabus_2016,2,全国大学英语四、六级考试大纲（2016年修订版）词表；未加★为四级词。
respond,,,,cet4,official_syllabus_2016,2,全国大学英语四、六级考试大纲（2016年修订版）词表；未加★为四级词。
response,,,,cet4,official_syllabus_2016,2,全国大学英语四、六级考试大纲（2016年修订版）词表；未加★为四级词。
responsive,,,,cet4,official_syllabus_2016,2,全国大学英语四、六级考试大纲（2016年修订版）词表；未加★为四级词。
respondent,,,,cet4,official_syllabus_2016,2,全国大学英语四、六级考试大纲（2016年修订版）词表；未加★为四级词。
responsible,,,,cet4,official_syllabus_2016,2,全国大学英语四、六级考试大纲（2016年修订版）词表；未加★为四级词。
responsibility,,,,cet4,official_syllabus_2016,2,全国大学英语四、六级考试大纲（2016年修订版）词表；未加★为四级词。
rest,,,,cet4,official_syllabus_2016,2,全国大学英语四、六级考试大纲（2016年修订版）词表；未加★为四级词。
restaurant,,,,cet4,official_syllabus_2016,2,全国大学英语四、六级考试大纲（2016年修订版）词表；未加★为四级词。
restore,,,,cet4,official_syllabus_2016,2,全国大学英语四、六级考试大纲（2016年修订版）词表；未加★为四级词。
restoration,,,,cet4,official_syllabus_2016,2,全国大学英语四、六级考试大纲（2016年修订版）词表；未加★为四级词。
restrain,,,,cet4,official_syllabus_2016,2,全国大学英语四、六级考试大纲（2016年修订版）词表；未加★为四级词。
restraint,,,,cet4,official_syllabus_2016,2,全国大学英语四、六级考试大纲（2016年修订版）词表；未加★为四级词。
restrict,,,,cet4,official_syllabus_2016,2,全国大学英语四、六级考试大纲（2016年修订版）词表；未加★为四级词。
restriction,,,,cet4,official_syllabus_2016,2,全国大学英语四、六级考试大纲（2016年修订版）词表；未加★为四级词。
restrictive,,,,cet4,official_syllabus_2016,2,全国大学英语四、六级考试大纲（2016年修订版）词表；未加★为四级词。
result,,,,cet4,official_syllabus_2016,2,全国大学英语四、六级考试大纲（2016年修订版）词表；未加★为四级词。
resultant,,,,cet4,official_syllabus_2016,2,全国大学英语四、六级考试大纲（2016年修订版）词表；未加★为四级词。
resume,,,,cet4,official_syllabus_2016,2,全国大学英语四、六级考试大纲（2016年修订版）词表；未加★为四级词。
resumption,,,,cet4,official_syllabus_2016,2,全国大学英语四、六级考试大纲（2016年修订版）词表；未加★为四级词。
résumé,,,,cet4,official_syllabus_2016,2,全国大学英语四、六级考试大纲（2016年修订版）词表；未加★为四级词。
retail,,,,cet4,official_syllabus_2016,2,全国大学英语四、六级考试大纲（2016年修订版）词表；未加★为四级词。
retailer,,,,cet4,official_syllabus_2016,2,全国大学英语四、六级考试大纲（2016年修订版）词表；未加★为四级词。
retain,,,,cet4,official_syllabus_2016,2,全国大学英语四、六级考试大纲（2016年修订版）词表；未加★为四级词。
retention,,,,cet4,official_syllabus_2016,2,全国大学英语四、六级考试大纲（2016年修订版）词表；未加★为四级词。
retaliation,,,,cet4,official_syllabus_2016,2,全国大学英语四、六级考试大纲（2016年修订版）词表；未加★为四级词。
retell,,,,cet4,official_syllabus_2016,2,全国大学英语四、六级考试大纲（2016年修订版）词表；未加★为四级词。
retelling,,,,cet4,official_syllabus_2016,2,全国大学英语四、六级考试大纲（2016年修订版）词表；未加★为四级词。
retire,,,,cet4,official_syllabus_2016,2,全国大学英语四、六级考试大纲（2016年修订版）词表；未加★为四级词。
retirement,,,,cet4,official_syllabus_2016,2,全国大学英语四、六级考试大纲（2016年修订版）词表；未加★为四级词。
retired,,,,cet4,official_syllabus_2016,2,全国大学英语四、六级考试大纲（2016年修订版）词表；未加★为四级词。
retreat,,,,cet4,official_syllabus_2016,2,全国大学英语四、六级考试大纲（2016年修订版）词表；未加★为四级词。
retrieval,,,,cet4,official_syllabus_2016,2,全国大学英语四、六级考试大纲（2016年修订版）词表；未加★为四级词。
retrospective,,,,cet4,official_syllabus_2016,2,全国大学英语四、六级考试大纲（2016年修订版）词表；未加★为四级词。
return,,,,cet4,official_syllabus_2016,2,全国大学英语四、六级考试大纲（2016年修订版）词表；未加★为四级词。
reunite,,,,cet4,official_syllabus_2016,2,全国大学英语四、六级考试大纲（2016年修订版）词表；未加★为四级词。
reunification,,,,cet4,official_syllabus_2016,2,全国大学英语四、六级考试大纲（2016年修订版）词表；未加★为四级词。
reunion,,,,cet4,official_syllabus_2016,2,全国大学英语四、六级考试大纲（2016年修订版）词表；未加★为四级词。
reveal,,,,cet4,official_syllabus_2016,2,全国大学英语四、六级考试大纲（2016年修订版）词表；未加★为四级词。
revelation,,,,cet4,official_syllabus_2016,2,全国大学英语四、六级考试大纲（2016年修订版）词表；未加★为四级词。
revengeful,,,,cet4,official_syllabus_2016,2,全国大学英语四、六级考试大纲（2016年修订版）词表；未加★为四级词。
revenue,,,,cet4,official_syllabus_2016,2,全国大学英语四、六级考试大纲（2016年修订版）词表；未加★为四级词。
reverse,,,,cet4,official_syllabus_2016,2,全国大学英语四、六级考试大纲（2016年修订版）词表；未加★为四级词。
reversal,,,,cet4,official_syllabus_2016,2,全国大学英语四、六级考试大纲（2016年修订版）词表；未加★为四级词。
reversible,,,,cet4,official_syllabus_2016,2,全国大学英语四、六级考试大纲（2016年修订版）词表；未加★为四级词。
review,,,,cet4,official_syllabus_2016,2,全国大学英语四、六级考试大纲（2016年修订版）词表；未加★为四级词。
reviewer,,,,cet4,official_syllabus_2016,2,全国大学英语四、六级考试大纲（2016年修订版）词表；未加★为四级词。
revise,,,,cet4,official_syllabus_2016,2,全国大学英语四、六级考试大纲（2016年修订版）词表；未加★为四级词。
revision,,,,cet4,official_syllabus_2016,2,全国大学英语四、六级考试大纲（2016年修订版）词表；未加★为四级词。
revival,,,,cet4,official_syllabus_2016,2,全国大学英语四、六级考试大纲（2016年修订版）词表；未加★为四级词。
revolution,,,,cet4,official_syllabus_2016,2,全国大学英语四、六级考试大纲（2016年修订版）词表；未加★为四级词。
revolutionary,,,,cet4,official_syllabus_2016,2,全国大学英语四、六级考试大纲（2016年修订版）词表；未加★为四级词。
revolve,,,,cet4,official_syllabus_2016,2,全国大学英语四、六级考试大纲（2016年修订版）词表；未加★为四级词。
reward,,,,cet4,official_syllabus_2016,2,全国大学英语四、六级考试大纲（2016年修订版）词表；未加★为四级词。
rewarding,,,,cet4,official_syllabus_2016,2,全国大学英语四、六级考试大纲（2016年修订版）词表；未加★为四级词。
rhetorical,,,,cet4,official_syllabus_2016,2,全国大学英语四、六级考试大纲（2016年修订版）词表；未加★为四级词。
rhythm,,,,cet4,official_syllabus_2016,2,全国大学英语四、六级考试大纲（2016年修订版）词表；未加★为四级词。
rhythmic,,,,cet4,official_syllabus_2016,2,全国大学英语四、六级考试大纲（2016年修订版）词表；未加★为四级词。
rib,,,,cet4,official_syllabus_2016,2,全国大学英语四、六级考试大纲（2016年修订版）词表；未加★为四级词。
ribbon,,,,cet4,official_syllabus_2016,2,全国大学英语四、六级考试大纲（2016年修订版）词表；未加★为四级词。
rice,,,,cet4,official_syllabus_2016,2,全国大学英语四、六级考试大纲（2016年修订版）词表；未加★为四级词。
rich,,,,cet4,official_syllabus_2016,2,全国大学英语四、六级考试大纲（2016年修订版）词表；未加★为四级词。
rid,,,,cet4,official_syllabus_2016,2,全国大学英语四、六级考试大纲（2016年修订版）词表；未加★为四级词。
riddle,,,,cet4,official_syllabus_2016,2,全国大学英语四、六级考试大纲（2016年修订版）词表；未加★为四级词。
ride,,,,cet4,official_syllabus_2016,2,全国大学英语四、六级考试大纲（2016年修订版）词表；未加★为四级词。
rider,,,,cet4,official_syllabus_2016,2,全国大学英语四、六级考试大纲（2016年修订版）词表；未加★为四级词。
ridicule,,,,cet4,official_syllabus_2016,2,全国大学英语四、六级考试大纲（2016年修订版）词表；未加★为四级词。
ridiculous,,,,cet4,official_syllabus_2016,2,全国大学英语四、六级考试大纲（2016年修订版）词表；未加★为四级词。
rifle,,,,cet4,official_syllabus_2016,2,全国大学英语四、六级考试大纲（2016年修订版）词表；未加★为四级词。
right,,,,cet4,official_syllabus_2016,2,全国大学英语四、六级考试大纲（2016年修订版）词表；未加★为四级词。
rigidity,,,,cet4,official_syllabus_2016,2,全国大学英语四、六级考试大纲（2016年修订版）词表；未加★为四级词。
rigorous,,,,cet4,official_syllabus_2016,2,全国大学英语四、六级考试大纲（2016年修订版）词表；未加★为四级词。
ring,,,,cet4,official_syllabus_2016,2,全国大学英语四、六级考试大纲（2016年修订版）词表；未加★为四级词。
riot,,,,cet4,official_syllabus_2016,2,全国大学英语四、六级考试大纲（2016年修订版）词表；未加★为四级词。
riotous,,,,cet4,official_syllabus_2016,2,全国大学英语四、六级考试大纲（2016年修订版）词表；未加★为四级词。
rip,,,,cet4,official_syllabus_2016,2,全国大学英语四、六级考试大纲（2016年修订版）词表；未加★为四级词。
ripe,,,,cet4,official_syllabus_2016,2,全国大学英语四、六级考试大纲（2016年修订版）词表；未加★为四级词。
ripen,,,,cet4,official_syllabus_2016,2,全国大学英语四、六级考试大纲（2016年修订版）词表；未加★为四级词。
rise,,,,cet4,official_syllabus_2016,2,全国大学英语四、六级考试大纲（2016年修订版）词表；未加★为四级词。
risk,,,,cet4,official_syllabus_2016,2,全国大学英语四、六级考试大纲（2016年修订版）词表；未加★为四级词。
risky,,,,cet4,official_syllabus_2016,2,全国大学英语四、六级考试大纲（2016年修订版）词表；未加★为四级词。
rival,,,,cet4,official_syllabus_2016,2,全国大学英语四、六级考试大纲（2016年修订版）词表；未加★为四级词。
rivalry,,,,cet4,official_syllabus_2016,2,全国大学英语四、六级考试大纲（2016年修订版）词表；未加★为四级词。
river,,,,cet4,official_syllabus_2016,2,全国大学英语四、六级考试大纲（2016年修订版）词表；未加★为四级词。
road,,,,cet4,official_syllabus_2016,2,全国大学英语四、六级考试大纲（2016年修订版）词表；未加★为四级词。
roar,,,,cet4,official_syllabus_2016,2,全国大学英语四、六级考试大纲（2016年修订版）词表；未加★为四级词。
roast,,,,cet4,official_syllabus_2016,2,全国大学英语四、六级考试大纲（2016年修订版）词表；未加★为四级词。
rob,,,,cet4,official_syllabus_2016,2,全国大学英语四、六级考试大纲（2016年修订版）词表；未加★为四级词。
robbery,,,,cet4,official_syllabus_2016,2,全国大学英语四、六级考试大纲（2016年修订版）词表；未加★为四级词。
robot,,,,cet4,official_syllabus_2016,2,全国大学英语四、六级考试大纲（2016年修订版）词表；未加★为四级词。
robotic,,,,cet4,official_syllabus_2016,2,全国大学英语四、六级考试大纲（2016年修订版）词表；未加★为四级词。
rock,,,,cet4,official_syllabus_2016,2,全国大学英语四、六级考试大纲（2016年修订版）词表；未加★为四级词。
rocky,,,,cet4,official_syllabus_2016,2,全国大学英语四、六级考试大纲（2016年修订版）词表；未加★为四级词。
rocket,,,,cet4,official_syllabus_2016,2,全国大学英语四、六级考试大纲（2016年修订版）词表；未加★为四级词。
rod,,,,cet4,official_syllabus_2016,2,全国大学英语四、六级考试大纲（2016年修订版）词表；未加★为四级词。
role,,,,cet4,official_syllabus_2016,2,全国大学英语四、六级考试大纲（2016年修订版）词表；未加★为四级词。
roll,,,,cet4,official_syllabus_2016,2,全国大学英语四、六级考试大纲（2016年修订版）词表；未加★为四级词。
roller,,,,cet4,official_syllabus_2016,2,全国大学英语四、六级考试大纲（2016年修订版）词表；未加★为四级词。
romance,,,,cet4,official_syllabus_2016,2,全国大学英语四、六级考试大纲（2016年修订版）词表；未加★为四级词。
romantic,,,,cet4,official_syllabus_2016,2,全国大学英语四、六级考试大纲（2016年修订版）词表；未加★为四级词。
roof,,,,cet4,official_syllabus_2016,2,全国大学英语四、六级考试大纲（2016年修订版）词表；未加★为四级词。
room,,,,cet4,official_syllabus_2016,2,全国大学英语四、六级考试大纲（2016年修订版）词表；未加★为四级词。
root,,,,cet4,official_syllabus_2016,2,全国大学英语四、六级考试大纲（2016年修订版）词表；未加★为四级词。
rope,,,,cet4,official_syllabus_2016,2,全国大学英语四、六级考试大纲（2016年修订版）词表；未加★为四级词。
rose,,,,cet4,official_syllabus_2016,2,全国大学英语四、六级考试大纲（2016年修订版）词表；未加★为四级词。
rosy,,,,cet4,official_syllabus_2016,2,全国大学英语四、六级考试大纲（2016年修订版）词表；未加★为四级词。
rotten,,,,cet4,official_syllabus_2016,2,全国大学英语四、六级考试大纲（2016年修订版）词表；未加★为四级词。
rotation,,,,cet4,official_syllabus_2016,2,全国大学英语四、六级考试大纲（2016年修订版）词表；未加★为四级词。
rough,,,,cet4,official_syllabus_2016,2,全国大学英语四、六级考试大纲（2016年修订版）词表；未加★为四级词。
roughly,,,,cet4,official_syllabus_2016,2,全国大学英语四、六级考试大纲（2016年修订版）词表；未加★为四级词。
round,,,,cet4,official_syllabus_2016,2,全国大学英语四、六级考试大纲（2016年修订版）词表；未加★为四级词。
rouse,,,,cet4,official_syllabus_2016,2,全国大学英语四、六级考试大纲（2016年修订版）词表；未加★为四级词。
route,,,,cet4,official_syllabus_2016,2,全国大学英语四、六级考试大纲（2016年修订版）词表；未加★为四级词。
routine,,,,cet4,official_syllabus_2016,2,全国大学英语四、六级考试大纲（2016年修订版）词表；未加★为四级词。
row,,,,cet4,official_syllabus_2016,2,全国大学英语四、六级考试大纲（2016年修订版）词表；未加★为四级词。
royal,,,,cet4,official_syllabus_2016,2,全国大学英语四、六级考试大纲（2016年修订版）词表；未加★为四级词。
royalty,,,,cet4,official_syllabus_2016,2,全国大学英语四、六级考试大纲（2016年修订版）词表；未加★为四级词。
rub,,,,cet4,official_syllabus_2016,2,全国大学英语四、六级考试大纲（2016年修订版）词表；未加★为四级词。
rubber,,,,cet4,official_syllabus_2016,2,全国大学英语四、六级考试大纲（2016年修订版）词表；未加★为四级词。
rubbish,,,,cet4,official_syllabus_2016,2,全国大学英语四、六级考试大纲（2016年修订版）词表；未加★为四级词。
rude,,,,cet4,official_syllabus_2016,2,全国大学英语四、六级考试大纲（2016年修订版）词表；未加★为四级词。
rug,,,,cet4,official_syllabus_2016,2,全国大学英语四、六级考试大纲（2016年修订版）词表；未加★为四级词。
ruin,,,,cet4,official_syllabus_2016,2,全国大学英语四、六级考试大纲（2016年修订版）词表；未加★为四级词。
ruinous,,,,cet4,official_syllabus_2016,2,全国大学英语四、六级考试大纲（2016年修订版）词表；未加★为四级词。
rule,,,,cet4,official_syllabus_2016,2,全国大学英语四、六级考试大纲（2016年修订版）词表；未加★为四级词。
ruler,,,,cet4,official_syllabus_2016,2,全国大学英语四、六级考试大纲（2016年修订版）词表；未加★为四级词。
ruling,,,,cet4,official_syllabus_2016,2,全国大学英语四、六级考试大纲（2016年修订版）词表；未加★为四级词。
rumo(u)r,,,,cet4,official_syllabus_2016,2,全国大学英语四、六级考试大纲（2016年修订版）词表；未加★为四级词。
run,,,,cet4,official_syllabus_2016,2,全国大学英语四、六级考试大纲（2016年修订版）词表；未加★为四级词。
runner,,,,cet4,official_syllabus_2016,2,全国大学英语四、六级考试大纲（2016年修订版）词表；未加★为四级词。
running,,,,cet4,official_syllabus_2016,2,全国大学英语四、六级考试大纲（2016年修订版）词表；未加★为四级词。
runway,,,,cet4,official_syllabus_2016,2,全国大学英语四、六级考试大纲（2016年修订版）词表；未加★为四级词。
rural,,,,cet4,official_syllabus_2016,2,全国大学英语四、六级考试大纲（2016年修订版）词表；未加★为四级词。
rush,,,,cet4,official_syllabus_2016,2,全国大学英语四、六级考试大纲（2016年修订版）词表；未加★为四级词。
rusty,,,,cet4,official_syllabus_2016,2,全国大学英语四、六级考试大纲（2016年修订版）词表；未加★为四级词。
sack,,,,cet4,official_syllabus_2016,2,全国大学英语四、六级考试大纲（2016年修订版）词表；未加★为四级词。
sacrifice,,,,cet4,official_syllabus_2016,2,全国大学英语四、六级考试大纲（2016年修订版）词表；未加★为四级词。
sacrificial,,,,cet4,official_syllabus_2016,2,全国大学英语四、六级考试大纲（2016年修订版）词表；未加★为四级词。
sad,,,,cet4,official_syllabus_2016,2,全国大学英语四、六级考试大纲（2016年修订版）词表；未加★为四级词。
sadness,,,,cet4,official_syllabus_2016,2,全国大学英语四、六级考试大纲（2016年修订版）词表；未加★为四级词。
sadden,,,,cet4,official_syllabus_2016,2,全国大学英语四、六级考试大纲（2016年修订版）词表；未加★为四级词。
safe,,,,cet4,official_syllabus_2016,2,全国大学英语四、六级考试大纲（2016年修订版）词表；未加★为四级词。
safety,,,,cet4,official_syllabus_2016,2,全国大学英语四、六级考试大纲（2016年修订版）词表；未加★为四级词。
sail,,,,cet4,official_syllabus_2016,2,全国大学英语四、六级考试大纲（2016年修订版）词表；未加★为四级词。
sailing,,,,cet4,official_syllabus_2016,2,全国大学英语四、六级考试大纲（2016年修订版）词表；未加★为四级词。
sailor,,,,cet4,official_syllabus_2016,2,全国大学英语四、六级考试大纲（2016年修订版）词表；未加★为四级词。
saint,,,,cet4,official_syllabus_2016,2,全国大学英语四、六级考试大纲（2016年修订版）词表；未加★为四级词。
sake,,,,cet4,official_syllabus_2016,2,全国大学英语四、六级考试大纲（2016年修订版）词表；未加★为四级词。
salad,,,,cet4,official_syllabus_2016,2,全国大学英语四、六级考试大纲（2016年修订版）词表；未加★为四级词。
salary,,,,cet4,official_syllabus_2016,2,全国大学英语四、六级考试大纲（2016年修订版）词表；未加★为四级词。
sale,,,,cet4,official_syllabus_2016,2,全国大学英语四、六级考试大纲（2016年修订版）词表；未加★为四级词。
salesman,,,,cet4,official_syllabus_2016,2,全国大学英语四、六级考试大纲（2016年修订版）词表；未加★为四级词。
salt,,,,cet4,official_syllabus_2016,2,全国大学英语四、六级考试大纲（2016年修订版）词表；未加★为四级词。
salty,,,,cet4,official_syllabus_2016,2,全国大学英语四、六级考试大纲（2016年修订版）词表；未加★为四级词。
salutation,,,,cet4,official_syllabus_2016,2,全国大学英语四、六级考试大纲（2016年修订版）词表；未加★为四级词。
same,,,,cet4,official_syllabus_2016,2,全国大学英语四、六级考试大纲（2016年修订版）词表；未加★为四级词。
sample,,,,cet4,official_syllabus_2016,2,全国大学英语四、六级考试大纲（2016年修订版）词表；未加★为四级词。
sand,,,,cet4,official_syllabus_2016,2,全国大学英语四、六级考试大纲（2016年修订版）词表；未加★为四级词。
sandwich,,,,cet4,official_syllabus_2016,2,全国大学英语四、六级考试大纲（2016年修订版）词表；未加★为四级词。
sanitary,,,,cet4,official_syllabus_2016,2,全国大学英语四、六级考试大纲（2016年修订版）词表；未加★为四级词。
sarcastic,,,,cet4,official_syllabus_2016,2,全国大学英语四、六级考试大纲（2016年修订版）词表；未加★为四级词。
satellite,,,,cet4,official_syllabus_2016,2,全国大学英语四、六级考试大纲（2016年修订版）词表；未加★为四级词。
satirical,,,,cet4,official_syllabus_2016,2,全国大学英语四、六级考试大纲（2016年修订版）词表；未加★为四级词。
satirist,,,,cet4,official_syllabus_2016,2,全国大学英语四、六级考试大纲（2016年修订版）词表；未加★为四级词。
satisfy,,,,cet4,official_syllabus_2016,2,全国大学英语四、六级考试大纲（2016年修订版）词表；未加★为四级词。
satisfaction,,,,cet4,official_syllabus_2016,2,全国大学英语四、六级考试大纲（2016年修订版）词表；未加★为四级词。
satisfactory,,,,cet4,official_syllabus_2016,2,全国大学英语四、六级考试大纲（2016年修订版）词表；未加★为四级词。
saturation,,,,cet4,official_syllabus_2016,2,全国大学英语四、六级考试大纲（2016年修订版）词表；未加★为四级词。
Saturday,,,,cet4,official_syllabus_2016,2,全国大学英语四、六级考试大纲（2016年修订版）词表；未加★为四级词。
sauce,,,,cet4,official_syllabus_2016,2,全国大学英语四、六级考试大纲（2016年修订版）词表；未加★为四级词。
sausage,,,,cet4,official_syllabus_2016,2,全国大学英语四、六级考试大纲（2016年修订版）词表；未加★为四级词。
save,,,,cet4,official_syllabus_2016,2,全国大学英语四、六级考试大纲（2016年修订版）词表；未加★为四级词。
saving,,,,cet4,official_syllabus_2016,2,全国大学英语四、六级考试大纲（2016年修订版）词表；未加★为四级词。
say,,,,cet4,official_syllabus_2016,2,全国大学英语四、六级考试大纲（2016年修订版）词表；未加★为四级词。
saying,,,,cet4,official_syllabus_2016,2,全国大学英语四、六级考试大纲（2016年修订版）词表；未加★为四级词。
scale,,,,cet4,official_syllabus_2016,2,全国大学英语四、六级考试大纲（2016年修订版）词表；未加★为四级词。
scan,,,,cet4,official_syllabus_2016,2,全国大学英语四、六级考试大纲（2016年修订版）词表；未加★为四级词。
scanner,,,,cet4,official_syllabus_2016,2,全国大学英语四、六级考试大纲（2016年修订版）词表；未加★为四级词。
scandal,,,,cet4,official_syllabus_2016,2,全国大学英语四、六级考试大纲（2016年修订版）词表；未加★为四级词。
scandalous,,,,cet4,official_syllabus_2016,2,全国大学英语四、六级考试大纲（2016年修订版）词表；未加★为四级词。
scar,,,,cet4,official_syllabus_2016,2,全国大学英语四、六级考试大纲（2016年修订版）词表；未加★为四级词。
scarce,,,,cet4,official_syllabus_2016,2,全国大学英语四、六级考试大纲（2016年修订版）词表；未加★为四级词。
scarcity,,,,cet4,official_syllabus_2016,2,全国大学英语四、六级考试大纲（2016年修订版）词表；未加★为四级词。
scarcely,,,,cet4,official_syllabus_2016,2,全国大学英语四、六级考试大纲（2016年修订版）词表；未加★为四级词。
scare,,,,cet4,official_syllabus_2016,2,全国大学英语四、六级考试大纲（2016年修订版）词表；未加★为四级词。
scary,,,,cet4,official_syllabus_2016,2,全国大学英语四、六级考试大纲（2016年修订版）词表；未加★为四级词。
scatter,,,,cet4,official_syllabus_2016,2,全国大学英语四、六级考试大纲（2016年修订版）词表；未加★为四级词。
scene,,,,cet4,official_syllabus_2016,2,全国大学英语四、六级考试大纲（2016年修订版）词表；未加★为四级词。
scenery,,,,cet4,official_syllabus_2016,2,全国大学英语四、六级考试大纲（2016年修订版）词表；未加★为四级词。
scenic,,,,cet4,official_syllabus_2016,2,全国大学英语四、六级考试大纲（2016年修订版）词表；未加★为四级词。
scent,,,,cet4,official_syllabus_2016,2,全国大学英语四、六级考试大纲（2016年修订版）词表；未加★为四级词。
schedule,,,,cet4,official_syllabus_2016,2,全国大学英语四、六级考试大纲（2016年修订版）词表；未加★为四级词。
scheme,,,,cet4,official_syllabus_2016,2,全国大学英语四、六级考试大纲（2016年修订版）词表；未加★为四级词。
scholar,,,,cet4,official_syllabus_2016,2,全国大学英语四、六级考试大纲（2016年修订版）词表；未加★为四级词。
scholarly,,,,cet4,official_syllabus_2016,2,全国大学英语四、六级考试大纲（2016年修订版）词表；未加★为四级词。
scholarship,,,,cet4,official_syllabus_2016,2,全国大学英语四、六级考试大纲（2016年修订版）词表；未加★为四级词。
scholastic,,,,cet4,official_syllabus_2016,2,全国大学英语四、六级考试大纲（2016年修订版）词表；未加★为四级词。
school,,,,cet4,official_syllabus_2016,2,全国大学英语四、六级考试大纲（2016年修订版）词表；未加★为四级词。
schooling,,,,cet4,official_syllabus_2016,2,全国大学英语四、六级考试大纲（2016年修订版）词表；未加★为四级词。
science,,,,cet4,official_syllabus_2016,2,全国大学英语四、六级考试大纲（2016年修订版）词表；未加★为四级词。
scientific,,,,cet4,official_syllabus_2016,2,全国大学英语四、六级考试大纲（2016年修订版）词表；未加★为四级词。
scientist,,,,cet4,official_syllabus_2016,2,全国大学英语四、六级考试大纲（2016年修订版）词表；未加★为四级词。
scissors,,,,cet4,official_syllabus_2016,2,全国大学英语四、六级考试大纲（2016年修订版）词表；未加★为四级词。
scold,,,,cet4,official_syllabus_2016,2,全国大学英语四、六级考试大纲（2016年修订版）词表；未加★为四级词。
scope,,,,cet4,official_syllabus_2016,2,全国大学英语四、六级考试大纲（2016年修订版）词表；未加★为四级词。
score,,,,cet4,official_syllabus_2016,2,全国大学英语四、六级考试大纲（2016年修订版）词表；未加★为四级词。
scornful,,,,cet4,official_syllabus_2016,2,全国大学英语四、六级考试大纲（2016年修订版）词表；未加★为四级词。
scout,,,,cet4,official_syllabus_2016,2,全国大学英语四、六级考试大纲（2016年修订版）词表；未加★为四级词。
scratch,,,,cet4,official_syllabus_2016,2,全国大学英语四、六级考试大纲（2016年修订版）词表；未加★为四级词。
scream,,,,cet4,official_syllabus_2016,2,全国大学英语四、六级考试大纲（2016年修订版）词表；未加★为四级词。
screen,,,,cet4,official_syllabus_2016,2,全国大学英语四、六级考试大纲（2016年修订版）词表；未加★为四级词。
screw,,,,cet4,official_syllabus_2016,2,全国大学英语四、六级考试大纲（2016年修订版）词表；未加★为四级词。
script,,,,cet4,official_syllabus_2016,2,全国大学英语四、六级考试大纲（2016年修订版）词表；未加★为四级词。
scripture,,,,cet4,official_syllabus_2016,2,全国大学英语四、六级考试大纲（2016年修订版）词表；未加★为四级词。
sea,,,,cet4,official_syllabus_2016,2,全国大学英语四、六级考试大纲（2016年修订版）词表；未加★为四级词。
seal,,,,cet4,official_syllabus_2016,2,全国大学英语四、六级考试大纲（2016年修订版）词表；未加★为四级词。
search,,,,cet4,official_syllabus_2016,2,全国大学英语四、六级考试大纲（2016年修订版）词表；未加★为四级词。
season,,,,cet4,official_syllabus_2016,2,全国大学英语四、六级考试大纲（2016年修订版）词表；未加★为四级词。
seasonal,,,,cet4,official_syllabus_2016,2,全国大学英语四、六级考试大纲（2016年修订版）词表；未加★为四级词。
seat,,,,cet4,official_syllabus_2016,2,全国大学英语四、六级考试大纲（2016年修订版）词表；未加★为四级词。
second,,,,cet4,official_syllabus_2016,2,全国大学英语四、六级考试大纲（2016年修订版）词表；未加★为四级词。
secondary,,,,cet4,official_syllabus_2016,2,全国大学英语四、六级考试大纲（2016年修订版）词表；未加★为四级词。
secret,,,,cet4,official_syllabus_2016,2,全国大学英语四、六级考试大纲（2016年修订版）词表；未加★为四级词。
secrecy,,,,cet4,official_syllabus_2016,2,全国大学英语四、六级考试大纲（2016年修订版）词表；未加★为四级词。
secretive,,,,cet4,official_syllabus_2016,2,全国大学英语四、六级考试大纲（2016年修订版）词表；未加★为四级词。
secretary,,,,cet4,official_syllabus_2016,2,全国大学英语四、六级考试大纲（2016年修订版）词表；未加★为四级词。
secretarial,,,,cet4,official_syllabus_2016,2,全国大学英语四、六级考试大纲（2016年修订版）词表；未加★为四级词。
section,,,,cet4,official_syllabus_2016,2,全国大学英语四、六级考试大纲（2016年修订版）词表；未加★为四级词。
sector,,,,cet4,official_syllabus_2016,2,全国大学英语四、六级考试大纲（2016年修订版）词表；未加★为四级词。
secure,,,,cet4,official_syllabus_2016,2,全国大学英语四、六级考试大纲（2016年修订版）词表；未加★为四级词。
security,,,,cet4,official_syllabus_2016,2,全国大学英语四、六级考试大纲（2016年修订版）词表；未加★为四级词。
seduction,,,,cet4,official_syllabus_2016,2,全国大学英语四、六级考试大纲（2016年修订版）词表；未加★为四级词。
seductive,,,,cet4,official_syllabus_2016,2,全国大学英语四、六级考试大纲（2016年修订版）词表；未加★为四级词。
see,,,,cet4,official_syllabus_2016,2,全国大学英语四、六级考试大纲（2016年修订版）词表；未加★为四级词。
seed,,,,cet4,official_syllabus_2016,2,全国大学英语四、六级考试大纲（2016年修订版）词表；未加★为四级词。
seedling,,,,cet4,official_syllabus_2016,2,全国大学英语四、六级考试大纲（2016年修订版）词表；未加★为四级词。
seek,,,,cet4,official_syllabus_2016,2,全国大学英语四、六级考试大纲（2016年修订版）词表；未加★为四级词。
seem,,,,cet4,official_syllabus_2016,2,全国大学英语四、六级考试大纲（2016年修订版）词表；未加★为四级词。
seeming,,,,cet4,official_syllabus_2016,2,全国大学英语四、六级考试大纲（2016年修订版）词表；未加★为四级词。
seemingly,,,,cet4,official_syllabus_2016,2,全国大学英语四、六级考试大纲（2016年修订版）词表；未加★为四级词。
segment,,,,cet4,official_syllabus_2016,2,全国大学英语四、六级考试大纲（2016年修订版）词表；未加★为四级词。
segmental,,,,cet4,official_syllabus_2016,2,全国大学英语四、六级考试大纲（2016年修订版）词表；未加★为四级词。
segregation,,,,cet4,official_syllabus_2016,2,全国大学英语四、六级考试大纲（2016年修订版）词表；未加★为四级词。
seize,,,,cet4,official_syllabus_2016,2,全国大学英语四、六级考试大纲（2016年修订版）词表；未加★为四级词。
seizure,,,,cet4,official_syllabus_2016,2,全国大学英语四、六级考试大纲（2016年修订版）词表；未加★为四级词。
seldom,,,,cet4,official_syllabus_2016,2,全国大学英语四、六级考试大纲（2016年修订版）词表；未加★为四级词。
select,,,,cet4,official_syllabus_2016,2,全国大学英语四、六级考试大纲（2016年修订版）词表；未加★为四级词。
selection,,,,cet4,official_syllabus_2016,2,全国大学英语四、六级考试大纲（2016年修订版）词表；未加★为四级词。
selective,,,,cet4,official_syllabus_2016,2,全国大学英语四、六级考试大纲（2016年修订版）词表；未加★为四级词。
self,,,,cet4,official_syllabus_2016,2,全国大学英语四、六级考试大纲（2016年修订版）词表；未加★为四级词。
selfish,,,,cet4,official_syllabus_2016,2,全国大学英语四、六级考试大纲（2016年修订版）词表；未加★为四级词。
selfless,,,,cet4,official_syllabus_2016,2,全国大学英语四、六级考试大纲（2016年修订版）词表；未加★为四级词。
sell,,,,cet4,official_syllabus_2016,2,全国大学英语四、六级考试大纲（2016年修订版）词表；未加★为四级词。
semester,,,,cet4,official_syllabus_2016,2,全国大学英语四、六级考试大纲（2016年修订版）词表；未加★为四级词。
seminar,,,,cet4,official_syllabus_2016,2,全国大学英语四、六级考试大纲（2016年修订版）词表；未加★为四级词。
senate,,,,cet4,official_syllabus_2016,2,全国大学英语四、六级考试大纲（2016年修订版）词表；未加★为四级词。
senator,,,,cet4,official_syllabus_2016,2,全国大学英语四、六级考试大纲（2016年修订版）词表；未加★为四级词。
send,,,,cet4,official_syllabus_2016,2,全国大学英语四、六级考试大纲（2016年修订版）词表；未加★为四级词。
senior,,,,cet4,official_syllabus_2016,2,全国大学英语四、六级考试大纲（2016年修订版）词表；未加★为四级词。
seniority,,,,cet4,official_syllabus_2016,2,全国大学英语四、六级考试大纲（2016年修订版）词表；未加★为四级词。
sensational,,,,cet4,official_syllabus_2016,2,全国大学英语四、六级考试大纲（2016年修订版）词表；未加★为四级词。
sense,,,,cet4,official_syllabus_2016,2,全国大学英语四、六级考试大纲（2016年修订版）词表；未加★为四级词。
sensible,,,,cet4,official_syllabus_2016,2,全国大学英语四、六级考试大纲（2016年修订版）词表；未加★为四级词。
sensor,,,,cet4,official_syllabus_2016,2,全国大学英语四、六级考试大纲（2016年修订版）词表；未加★为四级词。
sensitive,,,,cet4,official_syllabus_2016,2,全国大学英语四、六级考试大纲（2016年修订版）词表；未加★为四级词。
sensitivity,,,,cet4,official_syllabus_2016,2,全国大学英语四、六级考试大纲（2016年修订版）词表；未加★为四级词。
sentence,,,,cet4,official_syllabus_2016,2,全国大学英语四、六级考试大纲（2016年修订版）词表；未加★为四级词。
sentimental,,,,cet4,official_syllabus_2016,2,全国大学英语四、六级考试大纲（2016年修订版）词表；未加★为四级词。
separate,,,,cet4,official_syllabus_2016,2,全国大学英语四、六级考试大纲（2016年修订版）词表；未加★为四级词。
separation,,,,cet4,official_syllabus_2016,2,全国大学英语四、六级考试大纲（2016年修订版）词表；未加★为四级词。
separatist,,,,cet4,official_syllabus_2016,2,全国大学英语四、六级考试大纲（2016年修订版）词表；未加★为四级词。
September,,,,cet4,official_syllabus_2016,2,全国大学英语四、六级考试大纲（2016年修订版）词表；未加★为四级词。
sequence,,,,cet4,official_syllabus_2016,2,全国大学英语四、六级考试大纲（2016年修订版）词表；未加★为四级词。
sequential,,,,cet4,official_syllabus_2016,2,全国大学英语四、六级考试大纲（2016年修订版）词表；未加★为四级词。
series,,,,cet4,official_syllabus_2016,2,全国大学英语四、六级考试大纲（2016年修订版）词表；未加★为四级词。
serious,,,,cet4,official_syllabus_2016,2,全国大学英语四、六级考试大纲（2016年修订版）词表；未加★为四级词。
servant,,,,cet4,official_syllabus_2016,2,全国大学英语四、六级考试大纲（2016年修订版）词表；未加★为四级词。
serve,,,,cet4,official_syllabus_2016,2,全国大学英语四、六级考试大纲（2016年修订版）词表；未加★为四级词。
service,,,,cet4,official_syllabus_2016,2,全国大学英语四、六级考试大纲（2016年修订版）词表；未加★为四级词。
serving,,,,cet4,official_syllabus_2016,2,全国大学英语四、六级考试大纲（2016年修订版）词表；未加★为四级词。
session,,,,cet4,official_syllabus_2016,2,全国大学英语四、六级考试大纲（2016年修订版）词表；未加★为四级词。
set,,,,cet4,official_syllabus_2016,2,全国大学英语四、六级考试大纲（2016年修订版）词表；未加★为四级词。
setback,,,,cet4,official_syllabus_2016,2,全国大学英语四、六级考试大纲（2016年修订版）词表；未加★为四级词。
setting,,,,cet4,official_syllabus_2016,2,全国大学英语四、六级考试大纲（2016年修订版）词表；未加★为四级词。
settle,,,,cet4,official_syllabus_2016,2,全国大学英语四、六级考试大纲（2016年修订版）词表；未加★为四级词。
settlement,,,,cet4,official_syllabus_2016,2,全国大学英语四、六级考试大纲（2016年修订版）词表；未加★为四级词。
seven,,,,cet4,official_syllabus_2016,2,全国大学英语四、六级考试大纲（2016年修订版）词表；未加★为四级词。
seventeen,,,,cet4,official_syllabus_2016,2,全国大学英语四、六级考试大纲（2016年修订版）词表；未加★为四级词。
seventy,,,,cet4,official_syllabus_2016,2,全国大学英语四、六级考试大纲（2016年修订版）词表；未加★为四级词。
several,,,,cet4,official_syllabus_2016,2,全国大学英语四、六级考试大纲（2016年修订版）词表；未加★为四级词。
severe,,,,cet4,official_syllabus_2016,2,全国大学英语四、六级考试大纲（2016年修订版）词表；未加★为四级词。
severity,,,,cet4,official_syllabus_2016,2,全国大学英语四、六级考试大纲（2016年修订版）词表；未加★为四级词。
sew,,,,cet4,official_syllabus_2016,2,全国大学英语四、六级考试大纲（2016年修订版）词表；未加★为四级词。
sex,,,,cet4,official_syllabus_2016,2,全国大学英语四、六级考试大纲（2016年修订版）词表；未加★为四级词。
sexy,,,,cet4,official_syllabus_2016,2,全国大学英语四、六级考试大纲（2016年修订版）词表；未加★为四级词。
sexual,,,,cet4,official_syllabus_2016,2,全国大学英语四、六级考试大纲（2016年修订版）词表；未加★为四级词。
shade,,,,cet4,official_syllabus_2016,2,全国大学英语四、六级考试大纲（2016年修订版）词表；未加★为四级词。
shady,,,,cet4,official_syllabus_2016,2,全国大学英语四、六级考试大纲（2016年修订版）词表；未加★为四级词。
shadow,,,,cet4,official_syllabus_2016,2,全国大学英语四、六级考试大纲（2016年修订版）词表；未加★为四级词。
shake,,,,cet4,official_syllabus_2016,2,全国大学英语四、六级考试大纲（2016年修订版）词表；未加★为四级词。
shaky,,,,cet4,official_syllabus_2016,2,全国大学英语四、六级考试大纲（2016年修订版）词表；未加★为四级词。
shall,,,,cet4,official_syllabus_2016,2,全国大学英语四、六级考试大纲（2016年修订版）词表；未加★为四级词。
shallow,,,,cet4,official_syllabus_2016,2,全国大学英语四、六级考试大纲（2016年修订版）词表；未加★为四级词。
shame,,,,cet4,official_syllabus_2016,2,全国大学英语四、六级考试大纲（2016年修订版）词表；未加★为四级词。
shameful,,,,cet4,official_syllabus_2016,2,全国大学英语四、六级考试大纲（2016年修订版）词表；未加★为四级词。
shameless,,,,cet4,official_syllabus_2016,2,全国大学英语四、六级考试大纲（2016年修订版）词表；未加★为四级词。
shape,,,,cet4,official_syllabus_2016,2,全国大学英语四、六级考试大纲（2016年修订版）词表；未加★为四级词。
share,,,,cet4,official_syllabus_2016,2,全国大学英语四、六级考试大纲（2016年修订版）词表；未加★为四级词。
sharp,,,,cet4,official_syllabus_2016,2,全国大学英语四、六级考试大纲（2016年修订版）词表；未加★为四级词。
sharpen,,,,cet4,official_syllabus_2016,2,全国大学英语四、六级考试大纲（2016年修订版）词表；未加★为四级词。
shave,,,,cet4,official_syllabus_2016,2,全国大学英语四、六级考试大纲（2016年修订版）词表；未加★为四级词。
shaver,,,,cet4,official_syllabus_2016,2,全国大学英语四、六级考试大纲（2016年修订版）词表；未加★为四级词。
she,,,,cet4,official_syllabus_2016,2,全国大学英语四、六级考试大纲（2016年修订版）词表；未加★为四级词。
shed,,,,cet4,official_syllabus_2016,2,全国大学英语四、六级考试大纲（2016年修订版）词表；未加★为四级词。
sheep,,,,cet4,official_syllabus_2016,2,全国大学英语四、六级考试大纲（2016年修订版）词表；未加★为四级词。
sheer,,,,cet4,official_syllabus_2016,2,全国大学英语四、六级考试大纲（2016年修订版）词表；未加★为四级词。
sheet,,,,cet4,official_syllabus_2016,2,全国大学英语四、六级考试大纲（2016年修订版）词表；未加★为四级词。
shelf,,,,cet4,official_syllabus_2016,2,全国大学英语四、六级考试大纲（2016年修订版）词表；未加★为四级词。
shell,,,,cet4,official_syllabus_2016,2,全国大学英语四、六级考试大纲（2016年修订版）词表；未加★为四级词。
shelter,,,,cet4,official_syllabus_2016,2,全国大学英语四、六级考试大纲（2016年修订版）词表；未加★为四级词。
shift,,,,cet4,official_syllabus_2016,2,全国大学英语四、六级考试大纲（2016年修订版）词表；未加★为四级词。
shine,,,,cet4,official_syllabus_2016,2,全国大学英语四、六级考试大纲（2016年修订版）词表；未加★为四级词。
shiny,,,,cet4,official_syllabus_2016,2,全国大学英语四、六级考试大纲（2016年修订版）词表；未加★为四级词。
ship,,,,cet4,official_syllabus_2016,2,全国大学英语四、六级考试大纲（2016年修订版）词表；未加★为四级词。
shipping,,,,cet4,official_syllabus_2016,2,全国大学英语四、六级考试大纲（2016年修订版）词表；未加★为四级词。
shipment,,,,cet4,official_syllabus_2016,2,全国大学英语四、六级考试大纲（2016年修订版）词表；未加★为四级词。
shirt,,,,cet4,official_syllabus_2016,2,全国大学英语四、六级考试大纲（2016年修订版）词表；未加★为四级词。
shit,,,,cet4,official_syllabus_2016,2,全国大学英语四、六级考试大纲（2016年修订版）词表；未加★为四级词。
shiver,,,,cet4,official_syllabus_2016,2,全国大学英语四、六级考试大纲（2016年修订版）词表；未加★为四级词。
shock,,,,cet4,official_syllabus_2016,2,全国大学英语四、六级考试大纲（2016年修订版）词表；未加★为四级词。
shoe,,,,cet4,official_syllabus_2016,2,全国大学英语四、六级考试大纲（2016年修订版）词表；未加★为四级词。
shoot,,,,cet4,official_syllabus_2016,2,全国大学英语四、六级考试大纲（2016年修订版）词表；未加★为四级词。
shop,,,,cet4,official_syllabus_2016,2,全国大学英语四、六级考试大纲（2016年修订版）词表；未加★为四级词。
shopping,,,,cet4,official_syllabus_2016,2,全国大学英语四、六级考试大纲（2016年修订版）词表；未加★为四级词。
shore,,,,cet4,official_syllabus_2016,2,全国大学英语四、六级考试大纲（2016年修订版）词表；未加★为四级词。
short,,,,cet4,official_syllabus_2016,2,全国大学英语四、六级考试大纲（2016年修订版）词表；未加★为四级词。
shortage,,,,cet4,official_syllabus_2016,2,全国大学英语四、六级考试大纲（2016年修订版）词表；未加★为四级词。
shorts,,,,cet4,official_syllabus_2016,2,全国大学英语四、六级考试大纲（2016年修订版）词表；未加★为四级词。
shortcoming,,,,cet4,official_syllabus_2016,2,全国大学英语四、六级考试大纲（2016年修订版）词表；未加★为四级词。
shortly,,,,cet4,official_syllabus_2016,2,全国大学英语四、六级考试大纲（2016年修订版）词表；未加★为四级词。
shot,,,,cet4,official_syllabus_2016,2,全国大学英语四、六级考试大纲（2016年修订版）词表；未加★为四级词。
should,,,,cet4,official_syllabus_2016,2,全国大学英语四、六级考试大纲（2016年修订版）词表；未加★为四级词。
shoulder,,,,cet4,official_syllabus_2016,2,全国大学英语四、六级考试大纲（2016年修订版）词表；未加★为四级词。
shout,,,,cet4,official_syllabus_2016,2,全国大学英语四、六级考试大纲（2016年修订版）词表；未加★为四级词。
show,,,,cet4,official_syllabus_2016,2,全国大学英语四、六级考试大纲（2016年修订版）词表；未加★为四级词。
showy,,,,cet4,official_syllabus_2016,2,全国大学英语四、六级考试大纲（2016年修订版）词表；未加★为四级词。
shower,,,,cet4,official_syllabus_2016,2,全国大学英语四、六级考试大纲（2016年修订版）词表；未加★为四级词。
shrimp,,,,cet4,official_syllabus_2016,2,全国大学英语四、六级考试大纲（2016年修订版）词表；未加★为四级词。
shrink,,,,cet4,official_syllabus_2016,2,全国大学英语四、六级考试大纲（2016年修订版）词表；未加★为四级词。
shrubbery,,,,cet4,official_syllabus_2016,2,全国大学英语四、六级考试大纲（2016年修订版）词表；未加★为四级词。
shrug,,,,cet4,official_syllabus_2016,2,全国大学英语四、六级考试大纲（2016年修订版）词表；未加★为四级词。
shut,,,,cet4,official_syllabus_2016,2,全国大学英语四、六级考试大纲（2016年修订版）词表；未加★为四级词。
shuttle,,,,cet4,official_syllabus_2016,2,全国大学英语四、六级考试大纲（2016年修订版）词表；未加★为四级词。
shy,,,,cet4,official_syllabus_2016,2,全国大学英语四、六级考试大纲（2016年修订版）词表；未加★为四级词。
shyness,,,,cet4,official_syllabus_2016,2,全国大学英语四、六级考试大纲（2016年修订版）词表；未加★为四级词。
shyly,,,,cet4,official_syllabus_2016,2,全国大学英语四、六级考试大纲（2016年修订版）词表；未加★为四级词。
sick,,,,cet4,official_syllabus_2016,2,全国大学英语四、六级考试大纲（2016年修订版）词表；未加★为四级词。
sicken,,,,cet4,official_syllabus_2016,2,全国大学英语四、六级考试大纲（2016年修订版）词表；未加★为四级词。
side,,,,cet4,official_syllabus_2016,2,全国大学英语四、六级考试大纲（2016年修订版）词表；未加★为四级词。
sideways,,,,cet4,official_syllabus_2016,2,全国大学英语四、六级考试大纲（2016年修订版）词表；未加★为四级词。
siege,,,,cet4,official_syllabus_2016,2,全国大学英语四、六级考试大纲（2016年修订版）词表；未加★为四级词。
sigh,,,,cet4,official_syllabus_2016,2,全国大学英语四、六级考试大纲（2016年修订版）词表；未加★为四级词。
sight,,,,cet4,official_syllabus_2016,2,全国大学英语四、六级考试大纲（2016年修订版）词表；未加★为四级词。
sightseeing,,,,cet4,official_syllabus_2016,2,全国大学英语四、六级考试大纲（2016年修订版）词表；未加★为四级词。
sign,,,,cet4,official_syllabus_2016,2,全国大学英语四、六级考试大纲（2016年修订版）词表；未加★为四级词。
signature,,,,cet4,official_syllabus_2016,2,全国大学英语四、六级考试大纲（2016年修订版）词表；未加★为四级词。
signal,,,,cet4,official_syllabus_2016,2,全国大学英语四、六级考试大纲（2016年修订版）词表；未加★为四级词。
significant,,,,cet4,official_syllabus_2016,2,全国大学英语四、六级考试大纲（2016年修订版）词表；未加★为四级词。
significance,,,,cet4,official_syllabus_2016,2,全国大学英语四、六级考试大纲（2016年修订版）词表；未加★为四级词。
silent,,,,cet4,official_syllabus_2016,2,全国大学英语四、六级考试大纲（2016年修订版）词表；未加★为四级词。
silence,,,,cet4,official_syllabus_2016,2,全国大学英语四、六级考试大纲（2016年修订版）词表；未加★为四级词。
silicon,,,,cet4,official_syllabus_2016,2,全国大学英语四、六级考试大纲（2016年修订版）词表；未加★为四级词。
silk,,,,cet4,official_syllabus_2016,2,全国大学英语四、六级考试大纲（2016年修订版）词表；未加★为四级词。
silky,,,,cet4,official_syllabus_2016,2,全国大学英语四、六级考试大纲（2016年修订版）词表；未加★为四级词。
silver,,,,cet4,official_syllabus_2016,2,全国大学英语四、六级考试大纲（2016年修订版）词表；未加★为四级词。
silvery,,,,cet4,official_syllabus_2016,2,全国大学英语四、六级考试大纲（2016年修订版）词表；未加★为四级词。
similar,,,,cet4,official_syllabus_2016,2,全国大学英语四、六级考试大纲（2016年修订版）词表；未加★为四级词。
similarity,,,,cet4,official_syllabus_2016,2,全国大学英语四、六级考试大纲（2016年修订版）词表；未加★为四级词。
simple,,,,cet4,official_syllabus_2016,2,全国大学英语四、六级考试大纲（2016年修订版）词表；未加★为四级词。
simplicity,,,,cet4,official_syllabus_2016,2,全国大学英语四、六级考试大纲（2016年修订版）词表；未加★为四级词。
simplify,,,,cet4,official_syllabus_2016,2,全国大学英语四、六级考试大纲（2016年修订版）词表；未加★为四级词。
simply,,,,cet4,official_syllabus_2016,2,全国大学英语四、六级考试大纲（2016年修订版）词表；未加★为四级词。
simulation,,,,cet4,official_syllabus_2016,2,全国大学英语四、六级考试大纲（2016年修订版）词表；未加★为四级词。
sin,,,,cet4,official_syllabus_2016,2,全国大学英语四、六级考试大纲（2016年修订版）词表；未加★为四级词。
since,,,,cet4,official_syllabus_2016,2,全国大学英语四、六级考试大纲（2016年修订版）词表；未加★为四级词。
sincere,,,,cet4,official_syllabus_2016,2,全国大学英语四、六级考试大纲（2016年修订版）词表；未加★为四级词。
sincerity,,,,cet4,official_syllabus_2016,2,全国大学英语四、六级考试大纲（2016年修订版）词表；未加★为四级词。
sing,,,,cet4,official_syllabus_2016,2,全国大学英语四、六级考试大纲（2016年修订版）词表；未加★为四级词。
singer,,,,cet4,official_syllabus_2016,2,全国大学英语四、六级考试大纲（2016年修订版）词表；未加★为四级词。
single,,,,cet4,official_syllabus_2016,2,全国大学英语四、六级考试大纲（2016年修订版）词表；未加★为四级词。
singular,,,,cet4,official_syllabus_2016,2,全国大学英语四、六级考试大纲（2016年修订版）词表；未加★为四级词。
singularity,,,,cet4,official_syllabus_2016,2,全国大学英语四、六级考试大纲（2016年修订版）词表；未加★为四级词。
sink,,,,cet4,official_syllabus_2016,2,全国大学英语四、六级考试大纲（2016年修订版）词表；未加★为四级词。
sip,,,,cet4,official_syllabus_2016,2,全国大学英语四、六级考试大纲（2016年修订版）词表；未加★为四级词。
sir,,,,cet4,official_syllabus_2016,2,全国大学英语四、六级考试大纲（2016年修订版）词表；未加★为四级词。
sister,,,,cet4,official_syllabus_2016,2,全国大学英语四、六级考试大纲（2016年修订版）词表；未加★为四级词。
sit,,,,cet4,official_syllabus_2016,2,全国大学英语四、六级考试大纲（2016年修订版）词表；未加★为四级词。
sitting,,,,cet4,official_syllabus_2016,2,全国大学英语四、六级考试大纲（2016年修订版）词表；未加★为四级词。
site,,,,cet4,official_syllabus_2016,2,全国大学英语四、六级考试大纲（2016年修订版）词表；未加★为四级词。
situation,,,,cet4,official_syllabus_2016,2,全国大学英语四、六级考试大纲（2016年修订版）词表；未加★为四级词。
situate,,,,cet4,official_syllabus_2016,2,全国大学英语四、六级考试大纲（2016年修订版）词表；未加★为四级词。
six,,,,cet4,official_syllabus_2016,2,全国大学英语四、六级考试大纲（2016年修订版）词表；未加★为四级词。
sixteen,,,,cet4,official_syllabus_2016,2,全国大学英语四、六级考试大纲（2016年修订版）词表；未加★为四级词。
sixty,,,,cet4,official_syllabus_2016,2,全国大学英语四、六级考试大纲（2016年修订版）词表；未加★为四级词。
size,,,,cet4,official_syllabus_2016,2,全国大学英语四、六级考试大纲（2016年修订版）词表；未加★为四级词。
sizable,,,,cet4,official_syllabus_2016,2,全国大学英语四、六级考试大纲（2016年修订版）词表；未加★为四级词。
skate,,,,cet4,official_syllabus_2016,2,全国大学英语四、六级考试大纲（2016年修订版）词表；未加★为四级词。
skating,,,,cet4,official_syllabus_2016,2,全国大学英语四、六级考试大纲（2016年修订版）词表；未加★为四级词。
skeleton,,,,cet4,official_syllabus_2016,2,全国大学英语四、六级考试大纲（2016年修订版）词表；未加★为四级词。
skeptic/sceptic,,,,cet4,official_syllabus_2016,2,全国大学英语四、六级考试大纲（2016年修订版）词表；未加★为四级词。
skepticism/scepticism,,,,cet4,official_syllabus_2016,2,全国大学英语四、六级考试大纲（2016年修订版）词表；未加★为四级词。
sketch,,,,cet4,official_syllabus_2016,2,全国大学英语四、六级考试大纲（2016年修订版）词表；未加★为四级词。
sketchy,,,,cet4,official_syllabus_2016,2,全国大学英语四、六级考试大纲（2016年修订版）词表；未加★为四级词。
ski,,,,cet4,official_syllabus_2016,2,全国大学英语四、六级考试大纲（2016年修订版）词表；未加★为四级词。
skiing,,,,cet4,official_syllabus_2016,2,全国大学英语四、六级考试大纲（2016年修订版）词表；未加★为四级词。
skill,,,,cet4,official_syllabus_2016,2,全国大学英语四、六级考试大纲（2016年修订版）词表；未加★为四级词。
skil(l)ful,,,,cet4,official_syllabus_2016,2,全国大学英语四、六级考试大纲（2016年修订版）词表；未加★为四级词。
skilled,,,,cet4,official_syllabus_2016,2,全国大学英语四、六级考试大纲（2016年修订版）词表；未加★为四级词。
skin,,,,cet4,official_syllabus_2016,2,全国大学英语四、六级考试大纲（2016年修订版）词表；未加★为四级词。
skinny,,,,cet4,official_syllabus_2016,2,全国大学英语四、六级考试大纲（2016年修订版）词表；未加★为四级词。
skip,,,,cet4,official_syllabus_2016,2,全国大学英语四、六级考试大纲（2016年修订版）词表；未加★为四级词。
skirt,,,,cet4,official_syllabus_2016,2,全国大学英语四、六级考试大纲（2016年修订版）词表；未加★为四级词。
sky,,,,cet4,official_syllabus_2016,2,全国大学英语四、六级考试大纲（2016年修订版）词表；未加★为四级词。
skyline,,,,cet4,official_syllabus_2016,2,全国大学英语四、六级考试大纲（2016年修订版）词表；未加★为四级词。
skyscraper,,,,cet4,official_syllabus_2016,2,全国大学英语四、六级考试大纲（2016年修订版）词表；未加★为四级词。
slap,,,,cet4,official_syllabus_2016,2,全国大学英语四、六级考试大纲（2016年修订版）词表；未加★为四级词。
slave,,,,cet4,official_syllabus_2016,2,全国大学英语四、六级考试大纲（2016年修订版）词表；未加★为四级词。
slavery,,,,cet4,official_syllabus_2016,2,全国大学英语四、六级考试大纲（2016年修订版）词表；未加★为四级词。
sleep,,,,cet4,official_syllabus_2016,2,全国大学英语四、六级考试大纲（2016年修订版）词表；未加★为四级词。
sleepy,,,,cet4,official_syllabus_2016,2,全国大学英语四、六级考试大纲（2016年修订版）词表；未加★为四级词。
sleepiness,,,,cet4,official_syllabus_2016,2,全国大学英语四、六级考试大纲（2016年修订版）词表；未加★为四级词。
sleeve,,,,cet4,official_syllabus_2016,2,全国大学英语四、六级考试大纲（2016年修订版）词表；未加★为四级词。
slender,,,,cet4,official_syllabus_2016,2,全国大学英语四、六级考试大纲（2016年修订版）词表；未加★为四级词。
slice,,,,cet4,official_syllabus_2016,2,全国大学英语四、六级考试大纲（2016年修订版）词表；未加★为四级词。
slide,,,,cet4,official_syllabus_2016,2,全国大学英语四、六级考试大纲（2016年修订版）词表；未加★为四级词。
slight,,,,cet4,official_syllabus_2016,2,全国大学英语四、六级考试大纲（2016年修订版）词表；未加★为四级词。
slightly,,,,cet4,official_syllabus_2016,2,全国大学英语四、六级考试大纲（2016年修订版）词表；未加★为四级词。
slim,,,,cet4,official_syllabus_2016,2,全国大学英语四、六级考试大纲（2016年修订版）词表；未加★为四级词。
slip,,,,cet4,official_syllabus_2016,2,全国大学英语四、六级考试大纲（2016年修订版）词表；未加★为四级词。
slippery,,,,cet4,official_syllabus_2016,2,全国大学英语四、六级考试大纲（2016年修订版）词表；未加★为四级词。
slipper,,,,cet4,official_syllabus_2016,2,全国大学英语四、六级考试大纲（2016年修订版）词表；未加★为四级词。
slogan,,,,cet4,official_syllabus_2016,2,全国大学英语四、六级考试大纲（2016年修订版）词表；未加★为四级词。
slope,,,,cet4,official_syllabus_2016,2,全国大学英语四、六级考试大纲（2016年修订版）词表；未加★为四级词。
slow,,,,cet4,official_syllabus_2016,2,全国大学英语四、六级考试大纲（2016年修订版）词表；未加★为四级词。
small,,,,cet4,official_syllabus_2016,2,全国大学英语四、六级考试大纲（2016年修订版）词表；未加★为四级词。
smart,,,,cet4,official_syllabus_2016,2,全国大学英语四、六级考试大纲（2016年修订版）词表；未加★为四级词。
smartphone,,,,cet4,official_syllabus_2016,2,全国大学英语四、六级考试大纲（2016年修订版）词表；未加★为四级词。
smash,,,,cet4,official_syllabus_2016,2,全国大学英语四、六级考试大纲（2016年修订版）词表；未加★为四级词。
smell,,,,cet4,official_syllabus_2016,2,全国大学英语四、六级考试大纲（2016年修订版）词表；未加★为四级词。
smelly,,,,cet4,official_syllabus_2016,2,全国大学英语四、六级考试大纲（2016年修订版）词表；未加★为四级词。
smile,,,,cet4,official_syllabus_2016,2,全国大学英语四、六级考试大纲（2016年修订版）词表；未加★为四级词。
smog,,,,cet4,official_syllabus_2016,2,全国大学英语四、六级考试大纲（2016年修订版）词表；未加★为四级词。
smoggy,,,,cet4,official_syllabus_2016,2,全国大学英语四、六级考试大纲（2016年修订版）词表；未加★为四级词。
smoke,,,,cet4,official_syllabus_2016,2,全国大学英语四、六级考试大纲（2016年修订版）词表；未加★为四级词。
smoky,,,,cet4,official_syllabus_2016,2,全国大学英语四、六级考试大纲（2016年修订版）词表；未加★为四级词。
smooth,,,,cet4,official_syllabus_2016,2,全国大学英语四、六级考试大纲（2016年修订版）词表；未加★为四级词。
smuggling,,,,cet4,official_syllabus_2016,2,全国大学英语四、六级考试大纲（2016年修订版）词表；未加★为四级词。
smuggler,,,,cet4,official_syllabus_2016,2,全国大学英语四、六级考试大纲（2016年修订版）词表；未加★为四级词。
snack,,,,cet4,official_syllabus_2016,2,全国大学英语四、六级考试大纲（2016年修订版）词表；未加★为四级词。
snake,,,,cet4,official_syllabus_2016,2,全国大学英语四、六级考试大纲（2016年修订版）词表；未加★为四级词。
snobbish,,,,cet4,official_syllabus_2016,2,全国大学英语四、六级考试大纲（2016年修订版）词表；未加★为四级词。
snow,,,,cet4,official_syllabus_2016,2,全国大学英语四、六级考试大纲（2016年修订版）词表；未加★为四级词。
snowy,,,,cet4,official_syllabus_2016,2,全国大学英语四、六级考试大纲（2016年修订版）词表；未加★为四级词。
so,,,,cet4,official_syllabus_2016,2,全国大学英语四、六级考试大纲（2016年修订版）词表；未加★为四级词。
soak,,,,cet4,official_syllabus_2016,2,全国大学英语四、六级考试大纲（2016年修订版）词表；未加★为四级词。
soap,,,,cet4,official_syllabus_2016,2,全国大学英语四、六级考试大纲（2016年修订版）词表；未加★为四级词。
soar,,,,cet4,official_syllabus_2016,2,全国大学英语四、六级考试大纲（2016年修订版）词表；未加★为四级词。
soccer,,,,cet4,official_syllabus_2016,2,全国大学英语四、六级考试大纲（2016年修订版）词表；未加★为四级词。
society,,,,cet4,official_syllabus_2016,2,全国大学英语四、六级考试大纲（2016年修订版）词表；未加★为四级词。
social,,,,cet4,official_syllabus_2016,2,全国大学英语四、六级考试大纲（2016年修订版）词表；未加★为四级词。
sociable,,,,cet4,official_syllabus_2016,2,全国大学英语四、六级考试大纲（2016年修订版）词表；未加★为四级词。
socialism,,,,cet4,official_syllabus_2016,2,全国大学英语四、六级考试大纲（2016年修订版）词表；未加★为四级词。
socialist,,,,cet4,official_syllabus_2016,2,全国大学英语四、六级考试大纲（2016年修订版）词表；未加★为四级词。
sociology,,,,cet4,official_syllabus_2016,2,全国大学英语四、六级考试大纲（2016年修订版）词表；未加★为四级词。
sociologist,,,,cet4,official_syllabus_2016,2,全国大学英语四、六级考试大纲（2016年修订版）词表；未加★为四级词。
sock,,,,cet4,official_syllabus_2016,2,全国大学英语四、六级考试大纲（2016年修订版）词表；未加★为四级词。
soda,,,,cet4,official_syllabus_2016,2,全国大学英语四、六级考试大纲（2016年修订版）词表；未加★为四级词。
sofa,,,,cet4,official_syllabus_2016,2,全国大学英语四、六级考试大纲（2016年修订版）词表；未加★为四级词。
soft,,,,cet4,official_syllabus_2016,2,全国大学英语四、六级考试大纲（2016年修订版）词表；未加★为四级词。
soften,,,,cet4,official_syllabus_2016,2,全国大学英语四、六级考试大纲（2016年修订版）词表；未加★为四级词。
software,,,,cet4,official_syllabus_2016,2,全国大学英语四、六级考试大纲（2016年修订版）词表；未加★为四级词。
soil,,,,cet4,official_syllabus_2016,2,全国大学英语四、六级考试大纲（2016年修订版）词表；未加★为四级词。
solar,,,,cet4,official_syllabus_2016,2,全国大学英语四、六级考试大纲（2016年修订版）词表；未加★为四级词。
soldier,,,,cet4,official_syllabus_2016,2,全国大学英语四、六级考试大纲（2016年修订版）词表；未加★为四级词。
sole,,,,cet4,official_syllabus_2016,2,全国大学英语四、六级考试大纲（2016年修订版）词表；未加★为四级词。
solely,,,,cet4,official_syllabus_2016,2,全国大学英语四、六级考试大纲（2016年修订版）词表；未加★为四级词。
solemn,,,,cet4,official_syllabus_2016,2,全国大学英语四、六级考试大纲（2016年修订版）词表；未加★为四级词。
solemnity,,,,cet4,official_syllabus_2016,2,全国大学英语四、六级考试大纲（2016年修订版）词表；未加★为四级词。
solicitor,,,,cet4,official_syllabus_2016,2,全国大学英语四、六级考试大纲（2016年修订版）词表；未加★为四级词。
solid,,,,cet4,official_syllabus_2016,2,全国大学英语四、六级考试大纲（2016年修订版）词表；未加★为四级词。
solidity,,,,cet4,official_syllabus_2016,2,全国大学英语四、六级考试大纲（2016年修订版）词表；未加★为四级词。
solidify,,,,cet4,official_syllabus_2016,2,全国大学英语四、六级考试大纲（2016年修订版）词表；未加★为四级词。
solitude,,,,cet4,official_syllabus_2016,2,全国大学英语四、六级考试大纲（2016年修订版）词表；未加★为四级词。
solve,,,,cet4,official_syllabus_2016,2,全国大学英语四、六级考试大纲（2016年修订版）词表；未加★为四级词。
solution,,,,cet4,official_syllabus_2016,2,全国大学英语四、六级考试大纲（2016年修订版）词表；未加★为四级词。
solvent,,,,cet4,official_syllabus_2016,2,全国大学英语四、六级考试大纲（2016年修订版）词表；未加★为四级词。
soluble,,,,cet4,official_syllabus_2016,2,全国大学英语四、六级考试大纲（2016年修订版）词表；未加★为四级词。
some,,,,cet4,official_syllabus_2016,2,全国大学英语四、六级考试大纲（2016年修订版）词表；未加★为四级词。
somebody,,,,cet4,official_syllabus_2016,2,全国大学英语四、六级考试大纲（2016年修订版）词表；未加★为四级词。
somehow,,,,cet4,official_syllabus_2016,2,全国大学英语四、六级考试大纲（2016年修订版）词表；未加★为四级词。
someone,,,,cet4,official_syllabus_2016,2,全国大学英语四、六级考试大纲（2016年修订版）词表；未加★为四级词。
something,,,,cet4,official_syllabus_2016,2,全国大学英语四、六级考试大纲（2016年修订版）词表；未加★为四级词。
sometime,,,,cet4,official_syllabus_2016,2,全国大学英语四、六级考试大纲（2016年修订版）词表；未加★为四级词。
sometimes,,,,cet4,official_syllabus_2016,2,全国大学英语四、六级考试大纲（2016年修订版）词表；未加★为四级词。
somewhat,,,,cet4,official_syllabus_2016,2,全国大学英语四、六级考试大纲（2016年修订版）词表；未加★为四级词。
somewhere,,,,cet4,official_syllabus_2016,2,全国大学英语四、六级考试大纲（2016年修订版）词表；未加★为四级词。
son,,,,cet4,official_syllabus_2016,2,全国大学英语四、六级考试大纲（2016年修订版）词表；未加★为四级词。
song,,,,cet4,official_syllabus_2016,2,全国大学英语四、六级考试大纲（2016年修订版）词表；未加★为四级词。
soon,,,,cet4,official_syllabus_2016,2,全国大学英语四、六级考试大纲（2016年修订版）词表；未加★为四级词。
sophisticated,,,,cet4,official_syllabus_2016,2,全国大学英语四、六级考试大纲（2016年修订版）词表；未加★为四级词。
sophistication,,,,cet4,official_syllabus_2016,2,全国大学英语四、六级考试大纲（2016年修订版）词表；未加★为四级词。
sore,,,,cet4,official_syllabus_2016,2,全国大学英语四、六级考试大纲（2016年修订版）词表；未加★为四级词。
sorrow,,,,cet4,official_syllabus_2016,2,全国大学英语四、六级考试大纲（2016年修订版）词表；未加★为四级词。
sorrowful,,,,cet4,official_syllabus_2016,2,全国大学英语四、六级考试大纲（2016年修订版）词表；未加★为四级词。
sorry,,,,cet4,official_syllabus_2016,2,全国大学英语四、六级考试大纲（2016年修订版）词表；未加★为四级词。
sort,,,,cet4,official_syllabus_2016,2,全国大学英语四、六级考试大纲（2016年修订版）词表；未加★为四级词。
soul,,,,cet4,official_syllabus_2016,2,全国大学英语四、六级考试大纲（2016年修订版）词表；未加★为四级词。
sound,,,,cet4,official_syllabus_2016,2,全国大学英语四、六级考试大纲（2016年修订版）词表；未加★为四级词。
soup,,,,cet4,official_syllabus_2016,2,全国大学英语四、六级考试大纲（2016年修订版）词表；未加★为四级词。
sour,,,,cet4,official_syllabus_2016,2,全国大学英语四、六级考试大纲（2016年修订版）词表；未加★为四级词。
source,,,,cet4,official_syllabus_2016,2,全国大学英语四、六级考试大纲（2016年修订版）词表；未加★为四级词。
south,,,,cet4,official_syllabus_2016,2,全国大学英语四、六级考试大纲（2016年修订版）词表；未加★为四级词。
southern,,,,cet4,official_syllabus_2016,2,全国大学英语四、六级考试大纲（2016年修订版）词表；未加★为四级词。
southeast,,,,cet4,official_syllabus_2016,2,全国大学英语四、六级考试大纲（2016年修订版）词表；未加★为四级词。
southeastern,,,,cet4,official_syllabus_2016,2,全国大学英语四、六级考试大纲（2016年修订版）词表；未加★为四级词。
southwest,,,,cet4,official_syllabus_2016,2,全国大学英语四、六级考试大纲（2016年修订版）词表；未加★为四级词。
southwestern,,,,cet4,official_syllabus_2016,2,全国大学英语四、六级考试大纲（2016年修订版）词表；未加★为四级词。
souvenir,,,,cet4,official_syllabus_2016,2,全国大学英语四、六级考试大纲（2016年修订版）词表；未加★为四级词。
sovereignty,,,,cet4,official_syllabus_2016,2,全国大学英语四、六级考试大纲（2016年修订版）词表；未加★为四级词。
sow,,,,cet4,official_syllabus_2016,2,全国大学英语四、六级考试大纲（2016年修订版）词表；未加★为四级词。
space,,,,cet4,official_syllabus_2016,2,全国大学英语四、六级考试大纲（2016年修订版）词表；未加★为四级词。
spacious,,,,cet4,official_syllabus_2016,2,全国大学英语四、六级考试大纲（2016年修订版）词表；未加★为四级词。
spatial,,,,cet4,official_syllabus_2016,2,全国大学英语四、六级考试大纲（2016年修订版）词表；未加★为四级词。
spaceship/spacecraft,,,,cet4,official_syllabus_2016,2,全国大学英语四、六级考试大纲（2016年修订版）词表；未加★为四级词。
spade,,,,cet4,official_syllabus_2016,2,全国大学英语四、六级考试大纲（2016年修订版）词表；未加★为四级词。
span,,,,cet4,official_syllabus_2016,2,全国大学英语四、六级考试大纲（2016年修订版）词表；未加★为四级词。
spare,,,,cet4,official_syllabus_2016,2,全国大学英语四、六级考试大纲（2016年修订版）词表；未加★为四级词。
sparingly,,,,cet4,official_syllabus_2016,2,全国大学英语四、六级考试大纲（2016年修订版）词表；未加★为四级词。
spark,,,,cet4,official_syllabus_2016,2,全国大学英语四、六级考试大纲（2016年修订版）词表；未加★为四级词。
sparkle,,,,cet4,official_syllabus_2016,2,全国大学英语四、六级考试大纲（2016年修订版）词表；未加★为四级词。
speak,,,,cet4,official_syllabus_2016,2,全国大学英语四、六级考试大纲（2016年修订版）词表；未加★为四级词。
speaker,,,,cet4,official_syllabus_2016,2,全国大学英语四、六级考试大纲（2016年修订版）词表；未加★为四级词。
special,,,,cet4,official_syllabus_2016,2,全国大学英语四、六级考试大纲（2016年修订版）词表；未加★为四级词。
specialist,,,,cet4,official_syllabus_2016,2,全国大学英语四、六级考试大纲（2016年修订版）词表；未加★为四级词。
species,,,,cet4,official_syllabus_2016,2,全国大学英语四、六级考试大纲（2016年修订版）词表；未加★为四级词。
specific,,,,cet4,official_syllabus_2016,2,全国大学英语四、六级考试大纲（2016年修订版）词表；未加★为四级词。
specifically,,,,cet4,official_syllabus_2016,2,全国大学英语四、六级考试大纲（2016年修订版）词表；未加★为四级词。
specify,,,,cet4,official_syllabus_2016,2,全国大学英语四、六级考试大纲（2016年修订版）词表；未加★为四级词。
specification,,,,cet4,official_syllabus_2016,2,全国大学英语四、六级考试大纲（2016年修订版）词表；未加★为四级词。
specimen,,,,cet4,official_syllabus_2016,2,全国大学英语四、六级考试大纲（2016年修订版）词表；未加★为四级词。
spectacular,,,,cet4,official_syllabus_2016,2,全国大学英语四、六级考试大纲（2016年修订版）词表；未加★为四级词。
speculate,,,,cet4,official_syllabus_2016,2,全国大学英语四、六级考试大纲（2016年修订版）词表；未加★为四级词。
speculation,,,,cet4,official_syllabus_2016,2,全国大学英语四、六级考试大纲（2016年修订版）词表；未加★为四级词。
speculative,,,,cet4,official_syllabus_2016,2,全国大学英语四、六级考试大纲（2016年修订版）词表；未加★为四级词。
speech,,,,cet4,official_syllabus_2016,2,全国大学英语四、六级考试大纲（2016年修订版）词表；未加★为四级词。
speechless,,,,cet4,official_syllabus_2016,2,全国大学英语四、六级考试大纲（2016年修订版）词表；未加★为四级词。
speed,,,,cet4,official_syllabus_2016,2,全国大学英语四、六级考试大纲（2016年修订版）词表；未加★为四级词。
speedy,,,,cet4,official_syllabus_2016,2,全国大学英语四、六级考试大纲（2016年修订版）词表；未加★为四级词。
speeding,,,,cet4,official_syllabus_2016,2,全国大学英语四、六级考试大纲（2016年修订版）词表；未加★为四级词。
spell,,,,cet4,official_syllabus_2016,2,全国大学英语四、六级考试大纲（2016年修订版）词表；未加★为四级词。
spelling,,,,cet4,official_syllabus_2016,2,全国大学英语四、六级考试大纲（2016年修订版）词表；未加★为四级词。
spend,,,,cet4,official_syllabus_2016,2,全国大学英语四、六级考试大纲（2016年修订版）词表；未加★为四级词。
spending,,,,cet4,official_syllabus_2016,2,全国大学英语四、六级考试大纲（2016年修订版）词表；未加★为四级词。
sphere,,,,cet4,official_syllabus_2016,2,全国大学英语四、六级考试大纲（2016年修订版）词表；未加★为四级词。
spherical,,,,cet4,official_syllabus_2016,2,全国大学英语四、六级考试大纲（2016年修订版）词表；未加★为四级词。
spicy,,,,cet4,official_syllabus_2016,2,全国大学英语四、六级考试大纲（2016年修订版）词表；未加★为四级词。
spill,,,,cet4,official_syllabus_2016,2,全国大学英语四、六级考试大纲（2016年修订版）词表；未加★为四级词。
spin,,,,cet4,official_syllabus_2016,2,全国大学英语四、六级考试大纲（2016年修订版）词表；未加★为四级词。
spinal,,,,cet4,official_syllabus_2016,2,全国大学英语四、六级考试大纲（2016年修订版）词表；未加★为四级词。
spirit,,,,cet4,official_syllabus_2016,2,全国大学英语四、六级考试大纲（2016年修订版）词表；未加★为四级词。
spiritual,,,,cet4,official_syllabus_2016,2,全国大学英语四、六级考试大纲（2016年修订版）词表；未加★为四级词。
spit,,,,cet4,official_syllabus_2016,2,全国大学英语四、六级考试大纲（2016年修订版）词表；未加★为四级词。
spite,,,,cet4,official_syllabus_2016,2,全国大学英语四、六级考试大纲（2016年修订版）词表；未加★为四级词。
splash,,,,cet4,official_syllabus_2016,2,全国大学英语四、六级考试大纲（2016年修订版）词表；未加★为四级词。
splendid,,,,cet4,official_syllabus_2016,2,全国大学英语四、六级考试大纲（2016年修订版）词表；未加★为四级词。
splendo(u)r,,,,cet4,official_syllabus_2016,2,全国大学英语四、六级考试大纲（2016年修订版）词表；未加★为四级词。
split,,,,cet4,official_syllabus_2016,2,全国大学英语四、六级考试大纲（2016年修订版）词表；未加★为四级词。
spoil,,,,cet4,official_syllabus_2016,2,全国大学英语四、六级考试大纲（2016年修订版）词表；未加★为四级词。
spokesman/spokeswoman,,,,cet4,official_syllabus_2016,2,全国大学英语四、六级考试大纲（2016年修订版）词表；未加★为四级词。
spokesperson,,,,cet4,official_syllabus_2016,2,全国大学英语四、六级考试大纲（2016年修订版）词表；未加★为四级词。
spongy,,,,cet4,official_syllabus_2016,2,全国大学英语四、六级考试大纲（2016年修订版）词表；未加★为四级词。
sponsor,,,,cet4,official_syllabus_2016,2,全国大学英语四、六级考试大纲（2016年修订版）词表；未加★为四级词。
sponsorship,,,,cet4,official_syllabus_2016,2,全国大学英语四、六级考试大纲（2016年修订版）词表；未加★为四级词。
spontaneous,,,,cet4,official_syllabus_2016,2,全国大学英语四、六级考试大纲（2016年修订版）词表；未加★为四级词。
spontaneity,,,,cet4,official_syllabus_2016,2,全国大学英语四、六级考试大纲（2016年修订版）词表；未加★为四级词。
spoon,,,,cet4,official_syllabus_2016,2,全国大学英语四、六级考试大纲（2016年修订版）词表；未加★为四级词。
spoonful,,,,cet4,official_syllabus_2016,2,全国大学英语四、六级考试大纲（2016年修订版）词表；未加★为四级词。
sport,,,,cet4,official_syllabus_2016,2,全国大学英语四、六级考试大纲（2016年修订版）词表；未加★为四级词。
sportsman/sportswoman,,,,cet4,official_syllabus_2016,2,全国大学英语四、六级考试大纲（2016年修订版）词表；未加★为四级词。
spot,,,,cet4,official_syllabus_2016,2,全国大学英语四、六级考试大纲（2016年修订版）词表；未加★为四级词。
spouse,,,,cet4,official_syllabus_2016,2,全国大学英语四、六级考试大纲（2016年修订版）词表；未加★为四级词。
spray,,,,cet4,official_syllabus_2016,2,全国大学英语四、六级考试大纲（2016年修订版）词表；未加★为四级词。
spread,,,,cet4,official_syllabus_2016,2,全国大学英语四、六级考试大纲（2016年修订版）词表；未加★为四级词。
spring,,,,cet4,official_syllabus_2016,2,全国大学英语四、六级考试大纲（2016年修订版）词表；未加★为四级词。
spur,,,,cet4,official_syllabus_2016,2,全国大学英语四、六级考试大纲（2016年修订版）词表；未加★为四级词。
spy,,,,cet4,official_syllabus_2016,2,全国大学英语四、六级考试大纲（2016年修订版）词表；未加★为四级词。
square,,,,cet4,official_syllabus_2016,2,全国大学英语四、六级考试大纲（2016年修订版）词表；未加★为四级词。
squeeze,,,,cet4,official_syllabus_2016,2,全国大学英语四、六级考试大纲（2016年修订版）词表；未加★为四级词。
stable,,,,cet4,official_syllabus_2016,2,全国大学英语四、六级考试大纲（2016年修订版）词表；未加★为四级词。
stability,,,,cet4,official_syllabus_2016,2,全国大学英语四、六级考试大纲（2016年修订版）词表；未加★为四级词。
stack,,,,cet4,official_syllabus_2016,2,全国大学英语四、六级考试大纲（2016年修订版）词表；未加★为四级词。
stadium,,,,cet4,official_syllabus_2016,2,全国大学英语四、六级考试大纲（2016年修订版）词表；未加★为四级词。
staff,,,,cet4,official_syllabus_2016,2,全国大学英语四、六级考试大纲（2016年修订版）词表；未加★为四级词。
stage,,,,cet4,official_syllabus_2016,2,全国大学英语四、六级考试大纲（2016年修订版）词表；未加★为四级词。
stagnation,,,,cet4,official_syllabus_2016,2,全国大学英语四、六级考试大纲（2016年修订版）词表；未加★为四级词。
stagnant,,,,cet4,official_syllabus_2016,2,全国大学英语四、六级考试大纲（2016年修订版）词表；未加★为四级词。
stain,,,,cet4,official_syllabus_2016,2,全国大学英语四、六级考试大纲（2016年修订版）词表；未加★为四级词。
stainless,,,,cet4,official_syllabus_2016,2,全国大学英语四、六级考试大纲（2016年修订版）词表；未加★为四级词。
stair,,,,cet4,official_syllabus_2016,2,全国大学英语四、六级考试大纲（2016年修订版）词表；未加★为四级词。
staircase,,,,cet4,official_syllabus_2016,2,全国大学英语四、六级考试大纲（2016年修订版）词表；未加★为四级词。
stake,,,,cet4,official_syllabus_2016,2,全国大学英语四、六级考试大纲（2016年修订版）词表；未加★为四级词。
stale,,,,cet4,official_syllabus_2016,2,全国大学英语四、六级考试大纲（2016年修订版）词表；未加★为四级词。
stamp,,,,cet4,official_syllabus_2016,2,全国大学英语四、六级考试大纲（2016年修订版）词表；未加★为四级词。
stand,,,,cet4,official_syllabus_2016,2,全国大学英语四、六级考试大纲（2016年修订版）词表；未加★为四级词。
standard,,,,cet4,official_syllabus_2016,2,全国大学英语四、六级考试大纲（2016年修订版）词表；未加★为四级词。
standpoint,,,,cet4,official_syllabus_2016,2,全国大学英语四、六级考试大纲（2016年修订版）词表；未加★为四级词。
staple,,,,cet4,official_syllabus_2016,2,全国大学英语四、六级考试大纲（2016年修订版）词表；未加★为四级词。
stapler,,,,cet4,official_syllabus_2016,2,全国大学英语四、六级考试大纲（2016年修订版）词表；未加★为四级词。
star,,,,cet4,official_syllabus_2016,2,全国大学英语四、六级考试大纲（2016年修订版）词表；未加★为四级词。
starry,,,,cet4,official_syllabus_2016,2,全国大学英语四、六级考试大纲（2016年修订版）词表；未加★为四级词。
stare,,,,cet4,official_syllabus_2016,2,全国大学英语四、六级考试大纲（2016年修订版）词表；未加★为四级词。
start,,,,cet4,official_syllabus_2016,2,全国大学英语四、六级考试大纲（2016年修订版）词表；未加★为四级词。
starter,,,,cet4,official_syllabus_2016,2,全国大学英语四、六级考试大纲（2016年修订版）词表；未加★为四级词。
startle,,,,cet4,official_syllabus_2016,2,全国大学英语四、六级考试大纲（2016年修订版）词表；未加★为四级词。
starve,,,,cet4,official_syllabus_2016,2,全国大学英语四、六级考试大纲（2016年修订版）词表；未加★为四级词。
starvation,,,,cet4,official_syllabus_2016,2,全国大学英语四、六级考试大纲（2016年修订版）词表；未加★为四级词。
state,,,,cet4,official_syllabus_2016,2,全国大学英语四、六级考试大纲（2016年修订版）词表；未加★为四级词。
statement,,,,cet4,official_syllabus_2016,2,全国大学英语四、六级考试大纲（2016年修订版）词表；未加★为四级词。
statesman,,,,cet4,official_syllabus_2016,2,全国大学英语四、六级考试大纲（2016年修订版）词表；未加★为四级词。
station,,,,cet4,official_syllabus_2016,2,全国大学英语四、六级考试大纲（2016年修订版）词表；未加★为四级词。
stationary,,,,cet4,official_syllabus_2016,2,全国大学英语四、六级考试大纲（2016年修订版）词表；未加★为四级词。
statistic,,,,cet4,official_syllabus_2016,2,全国大学英语四、六级考试大纲（2016年修订版）词表；未加★为四级词。
statistical,,,,cet4,official_syllabus_2016,2,全国大学英语四、六级考试大纲（2016年修订版）词表；未加★为四级词。
statue,,,,cet4,official_syllabus_2016,2,全国大学英语四、六级考试大纲（2016年修订版）词表；未加★为四级词。
status,,,,cet4,official_syllabus_2016,2,全国大学英语四、六级考试大纲（2016年修订版）词表；未加★为四级词。
statutory,,,,cet4,official_syllabus_2016,2,全国大学英语四、六级考试大纲（2016年修订版）词表；未加★为四级词。
stay,,,,cet4,official_syllabus_2016,2,全国大学英语四、六级考试大纲（2016年修订版）词表；未加★为四级词。
steady,,,,cet4,official_syllabus_2016,2,全国大学英语四、六级考试大纲（2016年修订版）词表；未加★为四级词。
steadily,,,,cet4,official_syllabus_2016,2,全国大学英语四、六级考试大纲（2016年修订版）词表；未加★为四级词。
steak,,,,cet4,official_syllabus_2016,2,全国大学英语四、六级考试大纲（2016年修订版）词表；未加★为四级词。
steal,,,,cet4,official_syllabus_2016,2,全国大学英语四、六级考试大纲（2016年修订版）词表；未加★为四级词。
steam,,,,cet4,official_syllabus_2016,2,全国大学英语四、六级考试大纲（2016年修订版）词表；未加★为四级词。
steamy,,,,cet4,official_syllabus_2016,2,全国大学英语四、六级考试大纲（2016年修订版）词表；未加★为四级词。
steamer,,,,cet4,official_syllabus_2016,2,全国大学英语四、六级考试大纲（2016年修订版）词表；未加★为四级词。
steel,,,,cet4,official_syllabus_2016,2,全国大学英语四、六级考试大纲（2016年修订版）词表；未加★为四级词。
steep,,,,cet4,official_syllabus_2016,2,全国大学英语四、六级考试大纲（2016年修订版）词表；未加★为四级词。
steer,,,,cet4,official_syllabus_2016,2,全国大学英语四、六级考试大纲（2016年修订版）词表；未加★为四级词。
stem,,,,cet4,official_syllabus_2016,2,全国大学英语四、六级考试大纲（2016年修订版）词表；未加★为四级词。
step,,,,cet4,official_syllabus_2016,2,全国大学英语四、六级考试大纲（2016年修订版）词表；未加★为四级词。
stick,,,,cet4,official_syllabus_2016,2,全国大学英语四、六级考试大纲（2016年修订版）词表；未加★为四级词。
sticky,,,,cet4,official_syllabus_2016,2,全国大学英语四、六级考试大纲（2016年修订版）词表；未加★为四级词。
stiff,,,,cet4,official_syllabus_2016,2,全国大学英语四、六级考试大纲（2016年修订版）词表；未加★为四级词。
stiffen,,,,cet4,official_syllabus_2016,2,全国大学英语四、六级考试大纲（2016年修订版）词表；未加★为四级词。
still,,,,cet4,official_syllabus_2016,2,全国大学英语四、六级考试大纲（2016年修订版）词表；未加★为四级词。
stimulate,,,,cet4,official_syllabus_2016,2,全国大学英语四、六级考试大纲（2016年修订版）词表；未加★为四级词。
stimulation,,,,cet4,official_syllabus_2016,2,全国大学英语四、六级考试大纲（2016年修订版）词表；未加★为四级词。
stimulus,,,,cet4,official_syllabus_2016,2,全国大学英语四、六级考试大纲（2016年修订版）词表；未加★为四级词。
stimulant,,,,cet4,official_syllabus_2016,2,全国大学英语四、六级考试大纲（2016年修订版）词表；未加★为四级词。
sting,,,,cet4,official_syllabus_2016,2,全国大学英语四、六级考试大纲（2016年修订版）词表；未加★为四级词。
stipulation,,,,cet4,official_syllabus_2016,2,全国大学英语四、六级考试大纲（2016年修订版）词表；未加★为四级词。
stir,,,,cet4,official_syllabus_2016,2,全国大学英语四、六级考试大纲（2016年修订版）词表；未加★为四级词。
stock,,,,cet4,official_syllabus_2016,2,全国大学英语四、六级考试大纲（2016年修订版）词表；未加★为四级词。
stocking,,,,cet4,official_syllabus_2016,2,全国大学英语四、六级考试大纲（2016年修订版）词表；未加★为四级词。
stomach,,,,cet4,official_syllabus_2016,2,全国大学英语四、六级考试大纲（2016年修订版）词表；未加★为四级词。
stone,,,,cet4,official_syllabus_2016,2,全国大学英语四、六级考试大纲（2016年修订版）词表；未加★为四级词。
stony,,,,cet4,official_syllabus_2016,2,全国大学英语四、六级考试大纲（2016年修订版）词表；未加★为四级词。
stool,,,,cet4,official_syllabus_2016,2,全国大学英语四、六级考试大纲（2016年修订版）词表；未加★为四级词。
stop,,,,cet4,official_syllabus_2016,2,全国大学英语四、六级考试大纲（2016年修订版）词表；未加★为四级词。
stoppage,,,,cet4,official_syllabus_2016,2,全国大学英语四、六级考试大纲（2016年修订版）词表；未加★为四级词。
store,,,,cet4,official_syllabus_2016,2,全国大学英语四、六级考试大纲（2016年修订版）词表；未加★为四级词。
storage,,,,cet4,official_syllabus_2016,2,全国大学英语四、六级考试大纲（2016年修订版）词表；未加★为四级词。
storm,,,,cet4,official_syllabus_2016,2,全国大学英语四、六级考试大纲（2016年修订版）词表；未加★为四级词。
stormy,,,,cet4,official_syllabus_2016,2,全国大学英语四、六级考试大纲（2016年修订版）词表；未加★为四级词。
story,,,,cet4,official_syllabus_2016,2,全国大学英语四、六级考试大纲（2016年修订版）词表；未加★为四级词。
stor(e)y,,,,cet4,official_syllabus_2016,2,全国大学英语四、六级考试大纲（2016年修订版）词表；未加★为四级词。
stove,,,,cet4,official_syllabus_2016,2,全国大学英语四、六级考试大纲（2016年修订版）词表；未加★为四级词。
straight,,,,cet4,official_syllabus_2016,2,全国大学英语四、六级考试大纲（2016年修订版）词表；未加★为四级词。
straighten,,,,cet4,official_syllabus_2016,2,全国大学英语四、六级考试大纲（2016年修订版）词表；未加★为四级词。
straightforward,,,,cet4,official_syllabus_2016,2,全国大学英语四、六级考试大纲（2016年修订版）词表；未加★为四级词。
strain,,,,cet4,official_syllabus_2016,2,全国大学英语四、六级考试大纲（2016年修订版）词表；未加★为四级词。
strange,,,,cet4,official_syllabus_2016,2,全国大学英语四、六级考试大纲（2016年修订版）词表；未加★为四级词。
stranger,,,,cet4,official_syllabus_2016,2,全国大学英语四、六级考试大纲（2016年修订版）词表；未加★为四级词。
strap,,,,cet4,official_syllabus_2016,2,全国大学英语四、六级考试大纲（2016年修订版）词表；未加★为四级词。
strategy,,,,cet4,official_syllabus_2016,2,全国大学英语四、六级考试大纲（2016年修订版）词表；未加★为四级词。
strategic,,,,cet4,official_syllabus_2016,2,全国大学英语四、六级考试大纲（2016年修订版）词表；未加★为四级词。
straw,,,,cet4,official_syllabus_2016,2,全国大学英语四、六级考试大纲（2016年修订版）词表；未加★为四级词。
stream,,,,cet4,official_syllabus_2016,2,全国大学英语四、六级考试大纲（2016年修订版）词表；未加★为四级词。
street,,,,cet4,official_syllabus_2016,2,全国大学英语四、六级考试大纲（2016年修订版）词表；未加★为四级词。
stress,,,,cet4,official_syllabus_2016,2,全国大学英语四、六级考试大纲（2016年修订版）词表；未加★为四级词。
stressful,,,,cet4,official_syllabus_2016,2,全国大学英语四、六级考试大纲（2016年修订版）词表；未加★为四级词。
stretch,,,,cet4,official_syllabus_2016,2,全国大学英语四、六级考试大纲（2016年修订版）词表；未加★为四级词。
strict,,,,cet4,official_syllabus_2016,2,全国大学英语四、六级考试大纲（2016年修订版）词表；未加★为四级词。
stride,,,,cet4,official_syllabus_2016,2,全国大学英语四、六级考试大纲（2016年修订版）词表；未加★为四级词。
strike,,,,cet4,official_syllabus_2016,2,全国大学英语四、六级考试大纲（2016年修订版）词表；未加★为四级词。
striking,,,,cet4,official_syllabus_2016,2,全国大学英语四、六级考试大纲（2016年修订版）词表；未加★为四级词。
string,,,,cet4,official_syllabus_2016,2,全国大学英语四、六级考试大纲（2016年修订版）词表；未加★为四级词。
strip,,,,cet4,official_syllabus_2016,2,全国大学英语四、六级考试大纲（2016年修订版）词表；未加★为四级词。
stripe,,,,cet4,official_syllabus_2016,2,全国大学英语四、六级考试大纲（2016年修订版）词表；未加★为四级词。
strive,,,,cet4,official_syllabus_2016,2,全国大学英语四、六级考试大纲（2016年修订版）词表；未加★为四级词。
stroke,,,,cet4,official_syllabus_2016,2,全国大学英语四、六级考试大纲（2016年修订版）词表；未加★为四级词。
strong,,,,cet4,official_syllabus_2016,2,全国大学英语四、六级考试大纲（2016年修订版）词表；未加★为四级词。
strength,,,,cet4,official_syllabus_2016,2,全国大学英语四、六级考试大纲（2016年修订版）词表；未加★为四级词。
strengthen,,,,cet4,official_syllabus_2016,2,全国大学英语四、六级考试大纲（2016年修订版）词表；未加★为四级词。
structure,,,,cet4,official_syllabus_2016,2,全国大学英语四、六级考试大纲（2016年修订版）词表；未加★为四级词。
structural,,,,cet4,official_syllabus_2016,2,全国大学英语四、六级考试大纲（2016年修订版）词表；未加★为四级词。
struggle,,,,cet4,official_syllabus_2016,2,全国大学英语四、六级考试大纲（2016年修订版）词表；未加★为四级词。
student,,,,cet4,official_syllabus_2016,2,全国大学英语四、六级考试大纲（2016年修订版）词表；未加★为四级词。
studio,,,,cet4,official_syllabus_2016,2,全国大学英语四、六级考试大纲（2016年修订版）词表；未加★为四级词。
study,,,,cet4,official_syllabus_2016,2,全国大学英语四、六级考试大纲（2016年修订版）词表；未加★为四级词。
stuff,,,,cet4,official_syllabus_2016,2,全国大学英语四、六级考试大纲（2016年修订版）词表；未加★为四级词。
stuffy,,,,cet4,official_syllabus_2016,2,全国大学英语四、六级考试大纲（2016年修订版）词表；未加★为四级词。
stuffing,,,,cet4,official_syllabus_2016,2,全国大学英语四、六级考试大纲（2016年修订版）词表；未加★为四级词。
stunning,,,,cet4,official_syllabus_2016,2,全国大学英语四、六级考试大纲（2016年修订版）词表；未加★为四级词。
stupid,,,,cet4,official_syllabus_2016,2,全国大学英语四、六级考试大纲（2016年修订版）词表；未加★为四级词。
stupidity,,,,cet4,official_syllabus_2016,2,全国大学英语四、六级考试大纲（2016年修订版）词表；未加★为四级词。
style,,,,cet4,official_syllabus_2016,2,全国大学英语四、六级考试大纲（2016年修订版）词表；未加★为四级词。
stylish,,,,cet4,official_syllabus_2016,2,全国大学英语四、六级考试大纲（2016年修订版）词表；未加★为四级词。
subject,,,,cet4,official_syllabus_2016,2,全国大学英语四、六级考试大纲（2016年修订版）词表；未加★为四级词。
subjective,,,,cet4,official_syllabus_2016,2,全国大学英语四、六级考试大纲（2016年修订版）词表；未加★为四级词。
submit,,,,cet4,official_syllabus_2016,2,全国大学英语四、六级考试大纲（2016年修订版）词表；未加★为四级词。
submission,,,,cet4,official_syllabus_2016,2,全国大学英语四、六级考试大纲（2016年修订版）词表；未加★为四级词。
submissive,,,,cet4,official_syllabus_2016,2,全国大学英语四、六级考试大纲（2016年修订版）词表；未加★为四级词。
subordination,,,,cet4,official_syllabus_2016,2,全国大学英语四、六级考试大纲（2016年修订版）词表；未加★为四级词。
subscription,,,,cet4,official_syllabus_2016,2,全国大学英语四、六级考试大纲（2016年修订版）词表；未加★为四级词。
subscriber,,,,cet4,official_syllabus_2016,2,全国大学英语四、六级考试大纲（2016年修订版）词表；未加★为四级词。
subsequent,,,,cet4,official_syllabus_2016,2,全国大学英语四、六级考试大纲（2016年修订版）词表；未加★为四级词。
substance,,,,cet4,official_syllabus_2016,2,全国大学英语四、六级考试大纲（2016年修订版）词表；未加★为四级词。
substantial,,,,cet4,official_syllabus_2016,2,全国大学英语四、六级考试大纲（2016年修订版）词表；未加★为四级词。
substitute,,,,cet4,official_syllabus_2016,2,全国大学英语四、六级考试大纲（2016年修订版）词表；未加★为四级词。
substitution,,,,cet4,official_syllabus_2016,2,全国大学英语四、六级考试大纲（2016年修订版）词表；未加★为四级词。
subtlety,,,,cet4,official_syllabus_2016,2,全国大学英语四、六级考试大纲（2016年修订版）词表；未加★为四级词。
subtract,,,,cet4,official_syllabus_2016,2,全国大学英语四、六级考试大纲（2016年修订版）词表；未加★为四级词。
subtraction,,,,cet4,official_syllabus_2016,2,全国大学英语四、六级考试大纲（2016年修订版）词表；未加★为四级词。
suburb,,,,cet4,official_syllabus_2016,2,全国大学英语四、六级考试大纲（2016年修订版）词表；未加★为四级词。
suburban,,,,cet4,official_syllabus_2016,2,全国大学英语四、六级考试大纲（2016年修订版）词表；未加★为四级词。
subway,,,,cet4,official_syllabus_2016,2,全国大学英语四、六级考试大纲（2016年修订版）词表；未加★为四级词。
succeed,,,,cet4,official_syllabus_2016,2,全国大学英语四、六级考试大纲（2016年修订版）词表；未加★为四级词。
successor,,,,cet4,official_syllabus_2016,2,全国大学英语四、六级考试大纲（2016年修订版）词表；未加★为四级词。
succession,,,,cet4,official_syllabus_2016,2,全国大学英语四、六级考试大纲（2016年修订版）词表；未加★为四级词。
successive,,,,cet4,official_syllabus_2016,2,全国大学英语四、六级考试大纲（2016年修订版）词表；未加★为四级词。
success,,,,cet4,official_syllabus_2016,2,全国大学英语四、六级考试大纲（2016年修订版）词表；未加★为四级词。
successful,,,,cet4,official_syllabus_2016,2,全国大学英语四、六级考试大纲（2016年修订版）词表；未加★为四级词。
such,,,,cet4,official_syllabus_2016,2,全国大学英语四、六级考试大纲（2016年修订版）词表；未加★为四级词。
suck,,,,cet4,official_syllabus_2016,2,全国大学英语四、六级考试大纲（2016年修订版）词表；未加★为四级词。
sudden,,,,cet4,official_syllabus_2016,2,全国大学英语四、六级考试大纲（2016年修订版）词表；未加★为四级词。
suddenly,,,,cet4,official_syllabus_2016,2,全国大学英语四、六级考试大纲（2016年修订版）词表；未加★为四级词。
suffer,,,,cet4,official_syllabus_2016,2,全国大学英语四、六级考试大纲（2016年修订版）词表；未加★为四级词。
suffering,,,,cet4,official_syllabus_2016,2,全国大学英语四、六级考试大纲（2016年修订版）词表；未加★为四级词。
sufficient,,,,cet4,official_syllabus_2016,2,全国大学英语四、六级考试大纲（2016年修订版）词表；未加★为四级词。
sugar,,,,cet4,official_syllabus_2016,2,全国大学英语四、六级考试大纲（2016年修订版）词表；未加★为四级词。
suggest,,,,cet4,official_syllabus_2016,2,全国大学英语四、六级考试大纲（2016年修订版）词表；未加★为四级词。
suggestion,,,,cet4,official_syllabus_2016,2,全国大学英语四、六级考试大纲（2016年修订版）词表；未加★为四级词。
suggestive,,,,cet4,official_syllabus_2016,2,全国大学英语四、六级考试大纲（2016年修订版）词表；未加★为四级词。
suicidal,,,,cet4,official_syllabus_2016,2,全国大学英语四、六级考试大纲（2016年修订版）词表；未加★为四级词。
suit,,,,cet4,official_syllabus_2016,2,全国大学英语四、六级考试大纲（2016年修订版）词表；未加★为四级词。
suitable,,,,cet4,official_syllabus_2016,2,全国大学英语四、六级考试大纲（2016年修订版）词表；未加★为四级词。
suitcase,,,,cet4,official_syllabus_2016,2,全国大学英语四、六级考试大纲（2016年修订版）词表；未加★为四级词。
sum,,,,cet4,official_syllabus_2016,2,全国大学英语四、六级考试大纲（2016年修订版）词表；未加★为四级词。
summary,,,,cet4,official_syllabus_2016,2,全国大学英语四、六级考试大纲（2016年修订版）词表；未加★为四级词。
summer,,,,cet4,official_syllabus_2016,2,全国大学英语四、六级考试大纲（2016年修订版）词表；未加★为四级词。
summit,,,,cet4,official_syllabus_2016,2,全国大学英语四、六级考试大纲（2016年修订版）词表；未加★为四级词。
sun,,,,cet4,official_syllabus_2016,2,全国大学英语四、六级考试大纲（2016年修订版）词表；未加★为四级词。
sunny,,,,cet4,official_syllabus_2016,2,全国大学英语四、六级考试大纲（2016年修订版）词表；未加★为四级词。
Sunday,,,,cet4,official_syllabus_2016,2,全国大学英语四、六级考试大纲（2016年修订版）词表；未加★为四级词。
sunlight,,,,cet4,official_syllabus_2016,2,全国大学英语四、六级考试大纲（2016年修订版）词表；未加★为四级词。
sunrise,,,,cet4,official_syllabus_2016,2,全国大学英语四、六级考试大纲（2016年修订版）词表；未加★为四级词。
sunset,,,,cet4,official_syllabus_2016,2,全国大学英语四、六级考试大纲（2016年修订版）词表；未加★为四级词。
sunshine,,,,cet4,official_syllabus_2016,2,全国大学英语四、六级考试大纲（2016年修订版）词表；未加★为四级词。
super,,,,cet4,official_syllabus_2016,2,全国大学英语四、六级考试大纲（2016年修订版）词表；未加★为四级词。
superb,,,,cet4,official_syllabus_2016,2,全国大学英语四、六级考试大纲（2016年修订版）词表；未加★为四级词。
superficial,,,,cet4,official_syllabus_2016,2,全国大学英语四、六级考试大纲（2016年修订版）词表；未加★为四级词。
superior,,,,cet4,official_syllabus_2016,2,全国大学英语四、六级考试大纲（2016年修订版）词表；未加★为四级词。
superiority,,,,cet4,official_syllabus_2016,2,全国大学英语四、六级考试大纲（2016年修订版）词表；未加★为四级词。
supermarket,,,,cet4,official_syllabus_2016,2,全国大学英语四、六级考试大纲（2016年修订版）词表；未加★为四级词。
superstitious,,,,cet4,official_syllabus_2016,2,全国大学英语四、六级考试大纲（2016年修订版）词表；未加★为四级词。
supervise,,,,cet4,official_syllabus_2016,2,全国大学英语四、六级考试大纲（2016年修订版）词表；未加★为四级词。
supervision,,,,cet4,official_syllabus_2016,2,全国大学英语四、六级考试大纲（2016年修订版）词表；未加★为四级词。
supervisor,,,,cet4,official_syllabus_2016,2,全国大学英语四、六级考试大纲（2016年修订版）词表；未加★为四级词。
supper,,,,cet4,official_syllabus_2016,2,全国大学英语四、六级考试大纲（2016年修订版）词表；未加★为四级词。
supplement,,,,cet4,official_syllabus_2016,2,全国大学英语四、六级考试大纲（2016年修订版）词表；未加★为四级词。
supplementary,,,,cet4,official_syllabus_2016,2,全国大学英语四、六级考试大纲（2016年修订版）词表；未加★为四级词。
supply,,,,cet4,official_syllabus_2016,2,全国大学英语四、六级考试大纲（2016年修订版）词表；未加★为四级词。
supplier,,,,cet4,official_syllabus_2016,2,全国大学英语四、六级考试大纲（2016年修订版）词表；未加★为四级词。
support,,,,cet4,official_syllabus_2016,2,全国大学英语四、六级考试大纲（2016年修订版）词表；未加★为四级词。
supportive,,,,cet4,official_syllabus_2016,2,全国大学英语四、六级考试大纲（2016年修订版）词表；未加★为四级词。
supporter,,,,cet4,official_syllabus_2016,2,全国大学英语四、六级考试大纲（2016年修订版）词表；未加★为四级词。
suppose,,,,cet4,official_syllabus_2016,2,全国大学英语四、六级考试大纲（2016年修订版）词表；未加★为四级词。
supposition,,,,cet4,official_syllabus_2016,2,全国大学英语四、六级考试大纲（2016年修订版）词表；未加★为四级词。
supposedly,,,,cet4,official_syllabus_2016,2,全国大学英语四、六级考试大纲（2016年修订版）词表；未加★为四级词。
suppression,,,,cet4,official_syllabus_2016,2,全国大学英语四、六级考试大纲（2016年修订版）词表；未加★为四级词。
suppressive,,,,cet4,official_syllabus_2016,2,全国大学英语四、六级考试大纲（2016年修订版）词表；未加★为四级词。
supreme,,,,cet4,official_syllabus_2016,2,全国大学英语四、六级考试大纲（2016年修订版）词表；未加★为四级词。
supremacy,,,,cet4,official_syllabus_2016,2,全国大学英语四、六级考试大纲（2016年修订版）词表；未加★为四级词。
sure,,,,cet4,official_syllabus_2016,2,全国大学英语四、六级考试大纲（2016年修订版）词表；未加★为四级词。
surf,,,,cet4,official_syllabus_2016,2,全国大学英语四、六级考试大纲（2016年修订版）词表；未加★为四级词。
surfing,,,,cet4,official_syllabus_2016,2,全国大学英语四、六级考试大纲（2016年修订版）词表；未加★为四级词。
surface,,,,cet4,official_syllabus_2016,2,全国大学英语四、六级考试大纲（2016年修订版）词表；未加★为四级词。
surge,,,,cet4,official_syllabus_2016,2,全国大学英语四、六级考试大纲（2016年修订版）词表；未加★为四级词。
surgery,,,,cet4,official_syllabus_2016,2,全国大学英语四、六级考试大纲（2016年修订版）词表；未加★为四级词。
surgical,,,,cet4,official_syllabus_2016,2,全国大学英语四、六级考试大纲（2016年修订版）词表；未加★为四级词。
surgeon,,,,cet4,official_syllabus_2016,2,全国大学英语四、六级考试大纲（2016年修订版）词表；未加★为四级词。
surname,,,,cet4,official_syllabus_2016,2,全国大学英语四、六级考试大纲（2016年修订版）词表；未加★为四级词。
surplus,,,,cet4,official_syllabus_2016,2,全国大学英语四、六级考试大纲（2016年修订版）词表；未加★为四级词。
surprise,,,,cet4,official_syllabus_2016,2,全国大学英语四、六级考试大纲（2016年修订版）词表；未加★为四级词。
surrender,,,,cet4,official_syllabus_2016,2,全国大学英语四、六级考试大纲（2016年修订版）词表；未加★为四级词。
surround,,,,cet4,official_syllabus_2016,2,全国大学英语四、六级考试大纲（2016年修订版）词表；未加★为四级词。
surroundings,,,,cet4,official_syllabus_2016,2,全国大学英语四、六级考试大纲（2016年修订版）词表；未加★为四级词。
survey,,,,cet4,official_syllabus_2016,2,全国大学英语四、六级考试大纲（2016年修订版）词表；未加★为四级词。
survive,,,,cet4,official_syllabus_2016,2,全国大学英语四、六级考试大纲（2016年修订版）词表；未加★为四级词。
survival,,,,cet4,official_syllabus_2016,2,全国大学英语四、六级考试大纲（2016年修订版）词表；未加★为四级词。
survivor,,,,cet4,official_syllabus_2016,2,全国大学英语四、六级考试大纲（2016年修订版）词表；未加★为四级词。
suspect,,,,cet4,official_syllabus_2016,2,全国大学英语四、六级考试大纲（2016年修订版）词表；未加★为四级词。
suspend,,,,cet4,official_syllabus_2016,2,全国大学英语四、六级考试大纲（2016年修订版）词表；未加★为四级词。
suspension,,,,cet4,official_syllabus_2016,2,全国大学英语四、六级考试大纲（2016年修订版）词表；未加★为四级词。
suspense,,,,cet4,official_syllabus_2016,2,全国大学英语四、六级考试大纲（2016年修订版）词表；未加★为四级词。
suspicion,,,,cet4,official_syllabus_2016,2,全国大学英语四、六级考试大纲（2016年修订版）词表；未加★为四级词。
suspicious,,,,cet4,official_syllabus_2016,2,全国大学英语四、六级考试大纲（2016年修订版）词表；未加★为四级词。
sustain,,,,cet4,official_syllabus_2016,2,全国大学英语四、六级考试大纲（2016年修订版）词表；未加★为四级词。
sustainable,,,,cet4,official_syllabus_2016,2,全国大学英语四、六级考试大纲（2016年修订版）词表；未加★为四级词。
sustainability,,,,cet4,official_syllabus_2016,2,全国大学英语四、六级考试大纲（2016年修订版）词表；未加★为四级词。
swallow,,,,cet4,official_syllabus_2016,2,全国大学英语四、六级考试大纲（2016年修订版）词表；未加★为四级词。
sway,,,,cet4,official_syllabus_2016,2,全国大学英语四、六级考试大纲（2016年修订版）词表；未加★为四级词。
swear,,,,cet4,official_syllabus_2016,2,全国大学英语四、六级考试大纲（2016年修订版）词表；未加★为四级词。
sweat,,,,cet4,official_syllabus_2016,2,全国大学英语四、六级考试大纲（2016年修订版）词表；未加★为四级词。
sweater,,,,cet4,official_syllabus_2016,2,全国大学英语四、六级考试大纲（2016年修订版）词表；未加★为四级词。
sweep,,,,cet4,official_syllabus_2016,2,全国大学英语四、六级考试大纲（2016年修订版）词表；未加★为四级词。
sweet,,,,cet4,official_syllabus_2016,2,全国大学英语四、六级考试大纲（2016年修订版）词表；未加★为四级词。
swell,,,,cet4,official_syllabus_2016,2,全国大学英语四、六级考试大纲（2016年修订版）词表；未加★为四级词。
swift,,,,cet4,official_syllabus_2016,2,全国大学英语四、六级考试大纲（2016年修订版）词表；未加★为四级词。
swim,,,,cet4,official_syllabus_2016,2,全国大学英语四、六级考试大纲（2016年修订版）词表；未加★为四级词。
swimming,,,,cet4,official_syllabus_2016,2,全国大学英语四、六级考试大纲（2016年修订版）词表；未加★为四级词。
swimmer,,,,cet4,official_syllabus_2016,2,全国大学英语四、六级考试大纲（2016年修订版）词表；未加★为四级词。
swing,,,,cet4,official_syllabus_2016,2,全国大学英语四、六级考试大纲（2016年修订版）词表；未加★为四级词。
swipe,,,,cet4,official_syllabus_2016,2,全国大学英语四、六级考试大纲（2016年修订版）词表；未加★为四级词。
switch,,,,cet4,official_syllabus_2016,2,全国大学英语四、六级考试大纲（2016年修订版）词表；未加★为四级词。
sword,,,,cet4,official_syllabus_2016,2,全国大学英语四、六级考试大纲（2016年修订版）词表；未加★为四级词。
symbol,,,,cet4,official_syllabus_2016,2,全国大学英语四、六级考试大纲（2016年修订版）词表；未加★为四级词。
symbolic(al),,,,cet4,official_syllabus_2016,2,全国大学英语四、六级考试大纲（2016年修订版）词表；未加★为四级词。
symmetric(al),,,,cet4,official_syllabus_2016,2,全国大学英语四、六级考试大纲（2016年修订版）词表；未加★为四级词。
sympathy,,,,cet4,official_syllabus_2016,2,全国大学英语四、六级考试大纲（2016年修订版）词表；未加★为四级词。
sympathetic,,,,cet4,official_syllabus_2016,2,全国大学英语四、六级考试大纲（2016年修订版）词表；未加★为四级词。
symptom,,,,cet4,official_syllabus_2016,2,全国大学英语四、六级考试大纲（2016年修订版）词表；未加★为四级词。
synthetic,,,,cet4,official_syllabus_2016,2,全国大学英语四、六级考试大纲（2016年修订版）词表；未加★为四级词。
system,,,,cet4,official_syllabus_2016,2,全国大学英语四、六级考试大纲（2016年修订版）词表；未加★为四级词。
systematic,,,,cet4,official_syllabus_2016,2,全国大学英语四、六级考试大纲（2016年修订版）词表；未加★为四级词。
systematically,,,,cet4,official_syllabus_2016,2,全国大学英语四、六级考试大纲（2016年修订版）词表；未加★为四级词。
table,,,,cet4,official_syllabus_2016,2,全国大学英语四、六级考试大纲（2016年修订版）词表；未加★为四级词。
tablet,,,,cet4,official_syllabus_2016,2,全国大学英语四、六级考试大纲（2016年修订版）词表；未加★为四级词。
tackle,,,,cet4,official_syllabus_2016,2,全国大学英语四、六级考试大纲（2016年修订版）词表；未加★为四级词。
tactful,,,,cet4,official_syllabus_2016,2,全国大学英语四、六级考试大纲（2016年修订版）词表；未加★为四级词。
tag,,,,cet4,official_syllabus_2016,2,全国大学英语四、六级考试大纲（2016年修订版）词表；未加★为四级词。
tail,,,,cet4,official_syllabus_2016,2,全国大学英语四、六级考试大纲（2016年修订版）词表；未加★为四级词。
tailor,,,,cet4,official_syllabus_2016,2,全国大学英语四、六级考试大纲（2016年修订版）词表；未加★为四级词。
take,,,,cet4,official_syllabus_2016,2,全国大学英语四、六级考试大纲（2016年修订版）词表；未加★为四级词。
takeoff,,,,cet4,official_syllabus_2016,2,全国大学英语四、六级考试大纲（2016年修订版）词表；未加★为四级词。
tale,,,,cet4,official_syllabus_2016,2,全国大学英语四、六级考试大纲（2016年修订版）词表；未加★为四级词。
talent,,,,cet4,official_syllabus_2016,2,全国大学英语四、六级考试大纲（2016年修订版）词表；未加★为四级词。
talented,,,,cet4,official_syllabus_2016,2,全国大学英语四、六级考试大纲（2016年修订版）词表；未加★为四级词。
talk,,,,cet4,official_syllabus_2016,2,全国大学英语四、六级考试大纲（2016年修订版）词表；未加★为四级词。
talkative,,,,cet4,official_syllabus_2016,2,全国大学英语四、六级考试大纲（2016年修订版）词表；未加★为四级词。
tall,,,,cet4,official_syllabus_2016,2,全国大学英语四、六级考试大纲（2016年修订版）词表；未加★为四级词。
tame,,,,cet4,official_syllabus_2016,2,全国大学英语四、六级考试大纲（2016年修订版）词表；未加★为四级词。
tangible,,,,cet4,official_syllabus_2016,2,全国大学英语四、六级考试大纲（2016年修订版）词表；未加★为四级词。
tank,,,,cet4,official_syllabus_2016,2,全国大学英语四、六级考试大纲（2016年修订版）词表；未加★为四级词。
tap,,,,cet4,official_syllabus_2016,2,全国大学英语四、六级考试大纲（2016年修订版）词表；未加★为四级词。
tape,,,,cet4,official_syllabus_2016,2,全国大学英语四、六级考试大纲（2016年修订版）词表；未加★为四级词。
target,,,,cet4,official_syllabus_2016,2,全国大学英语四、六级考试大纲（2016年修订版）词表；未加★为四级词。
task,,,,cet4,official_syllabus_2016,2,全国大学英语四、六级考试大纲（2016年修订版）词表；未加★为四级词。
taste,,,,cet4,official_syllabus_2016,2,全国大学英语四、六级考试大纲（2016年修订版）词表；未加★为四级词。
tasty,,,,cet4,official_syllabus_2016,2,全国大学英语四、六级考试大纲（2016年修订版）词表；未加★为四级词。
tax,,,,cet4,official_syllabus_2016,2,全国大学英语四、六级考试大纲（2016年修订版）词表；未加★为四级词。
taxation,,,,cet4,official_syllabus_2016,2,全国大学英语四、六级考试大纲（2016年修订版）词表；未加★为四级词。
taxi,,,,cet4,official_syllabus_2016,2,全国大学英语四、六级考试大纲（2016年修订版）词表；未加★为四级词。
tea,,,,cet4,official_syllabus_2016,2,全国大学英语四、六级考试大纲（2016年修订版）词表；未加★为四级词。
teach,,,,cet4,official_syllabus_2016,2,全国大学英语四、六级考试大纲（2016年修订版）词表；未加★为四级词。
teacher,,,,cet4,official_syllabus_2016,2,全国大学英语四、六级考试大纲（2016年修订版）词表；未加★为四级词。
teaching,,,,cet4,official_syllabus_2016,2,全国大学英语四、六级考试大纲（2016年修订版）词表；未加★为四级词。
team,,,,cet4,official_syllabus_2016,2,全国大学英语四、六级考试大纲（2016年修订版）词表；未加★为四级词。
tear,,,,cet4,official_syllabus_2016,2,全国大学英语四、六级考试大纲（2016年修订版）词表；未加★为四级词。
technical,,,,cet4,official_syllabus_2016,2,全国大学英语四、六级考试大纲（2016年修订版）词表；未加★为四级词。
technician,,,,cet4,official_syllabus_2016,2,全国大学英语四、六级考试大纲（2016年修订版）词表；未加★为四级词。
technique,,,,cet4,official_syllabus_2016,2,全国大学英语四、六级考试大纲（2016年修订版）词表；未加★为四级词。
technology/tech,,,,cet4,official_syllabus_2016,2,全国大学英语四、六级考试大纲（2016年修订版）词表；未加★为四级词。
technological,,,,cet4,official_syllabus_2016,2,全国大学英语四、六级考试大纲（2016年修订版）词表；未加★为四级词。
tedious,,,,cet4,official_syllabus_2016,2,全国大学英语四、六级考试大纲（2016年修订版）词表；未加★为四级词。
teen,,,,cet4,official_syllabus_2016,2,全国大学英语四、六级考试大纲（2016年修订版）词表；未加★为四级词。
teenager,,,,cet4,official_syllabus_2016,2,全国大学英语四、六级考试大纲（2016年修订版）词表；未加★为四级词。
telecommunications,,,,cet4,official_syllabus_2016,2,全国大学英语四、六级考试大纲（2016年修订版）词表；未加★为四级词。
telephone/phone,,,,cet4,official_syllabus_2016,2,全国大学英语四、六级考试大纲（2016年修订版）词表；未加★为四级词。
telescope,,,,cet4,official_syllabus_2016,2,全国大学英语四、六级考试大纲（2016年修订版）词表；未加★为四级词。
telescopic,,,,cet4,official_syllabus_2016,2,全国大学英语四、六级考试大纲（2016年修订版）词表；未加★为四级词。
television/TV,,,,cet4,official_syllabus_2016,2,全国大学英语四、六级考试大纲（2016年修订版）词表；未加★为四级词。
tell,,,,cet4,official_syllabus_2016,2,全国大学英语四、六级考试大纲（2016年修订版）词表；未加★为四级词。
telling,,,,cet4,official_syllabus_2016,2,全国大学英语四、六级考试大纲（2016年修订版）词表；未加★为四级词。
teller,,,,cet4,official_syllabus_2016,2,全国大学英语四、六级考试大纲（2016年修订版）词表；未加★为四级词。
temper,,,,cet4,official_syllabus_2016,2,全国大学英语四、六级考试大纲（2016年修订版）词表；未加★为四级词。
temperature,,,,cet4,official_syllabus_2016,2,全国大学英语四、六级考试大纲（2016年修订版）词表；未加★为四级词。
temple,,,,cet4,official_syllabus_2016,2,全国大学英语四、六级考试大纲（2016年修订版）词表；未加★为四级词。
temporary,,,,cet4,official_syllabus_2016,2,全国大学英语四、六级考试大纲（2016年修订版）词表；未加★为四级词。
temporarily,,,,cet4,official_syllabus_2016,2,全国大学英语四、六级考试大纲（2016年修订版）词表；未加★为四级词。
temptation,,,,cet4,official_syllabus_2016,2,全国大学英语四、六级考试大纲（2016年修订版）词表；未加★为四级词。
ten,,,,cet4,official_syllabus_2016,2,全国大学英语四、六级考试大纲（2016年修订版）词表；未加★为四级词。
tend,,,,cet4,official_syllabus_2016,2,全国大学英语四、六级考试大纲（2016年修订版）词表；未加★为四级词。
tendency,,,,cet4,official_syllabus_2016,2,全国大学英语四、六级考试大纲（2016年修订版）词表；未加★为四级词。
tender,,,,cet4,official_syllabus_2016,2,全国大学英语四、六级考试大纲（2016年修订版）词表；未加★为四级词。
tennis,,,,cet4,official_syllabus_2016,2,全国大学英语四、六级考试大纲（2016年修订版）词表；未加★为四级词。
tense,,,,cet4,official_syllabus_2016,2,全国大学英语四、六级考试大纲（2016年修订版）词表；未加★为四级词。
tension,,,,cet4,official_syllabus_2016,2,全国大学英语四、六级考试大纲（2016年修订版）词表；未加★为四级词。
tent,,,,cet4,official_syllabus_2016,2,全国大学英语四、六级考试大纲（2016年修订版）词表；未加★为四级词。
term,,,,cet4,official_syllabus_2016,2,全国大学英语四、六级考试大纲（2016年修订版）词表；未加★为四级词。
terminal,,,,cet4,official_syllabus_2016,2,全国大学英语四、六级考试大纲（2016年修订版）词表；未加★为四级词。
termination,,,,cet4,official_syllabus_2016,2,全国大学英语四、六级考试大纲（2016年修订版）词表；未加★为四级词。
terrible,,,,cet4,official_syllabus_2016,2,全国大学英语四、六级考试大纲（2016年修订版）词表；未加★为四级词。
terribly,,,,cet4,official_syllabus_2016,2,全国大学英语四、六级考试大纲（2016年修订版）词表；未加★为四级词。
terrific,,,,cet4,official_syllabus_2016,2,全国大学英语四、六级考试大纲（2016年修订版）词表；未加★为四级词。
territory,,,,cet4,official_syllabus_2016,2,全国大学英语四、六级考试大纲（2016年修订版）词表；未加★为四级词。
territorial,,,,cet4,official_syllabus_2016,2,全国大学英语四、六级考试大纲（2016年修订版）词表；未加★为四级词。
terror,,,,cet4,official_syllabus_2016,2,全国大学英语四、六级考试大纲（2016年修订版）词表；未加★为四级词。
terrify,,,,cet4,official_syllabus_2016,2,全国大学英语四、六级考试大纲（2016年修订版）词表；未加★为四级词。
terrorism,,,,cet4,official_syllabus_2016,2,全国大学英语四、六级考试大纲（2016年修订版）词表；未加★为四级词。
terrorist,,,,cet4,official_syllabus_2016,2,全国大学英语四、六级考试大纲（2016年修订版）词表；未加★为四级词。
test,,,,cet4,official_syllabus_2016,2,全国大学英语四、六级考试大纲（2016年修订版）词表；未加★为四级词。
text,,,,cet4,official_syllabus_2016,2,全国大学英语四、六级考试大纲（2016年修订版）词表；未加★为四级词。
textbook,,,,cet4,official_syllabus_2016,2,全国大学英语四、六级考试大纲（2016年修订版）词表；未加★为四级词。
textile,,,,cet4,official_syllabus_2016,2,全国大学英语四、六级考试大纲（2016年修订版）词表；未加★为四级词。
than,,,,cet4,official_syllabus_2016,2,全国大学英语四、六级考试大纲（2016年修订版）词表；未加★为四级词。
thank,,,,cet4,official_syllabus_2016,2,全国大学英语四、六级考试大纲（2016年修订版）词表；未加★为四级词。
thankful,,,,cet4,official_syllabus_2016,2,全国大学英语四、六级考试大纲（2016年修订版）词表；未加★为四级词。
Thanksgiving,,,,cet4,official_syllabus_2016,2,全国大学英语四、六级考试大纲（2016年修订版）词表；未加★为四级词。
that,,,,cet4,official_syllabus_2016,2,全国大学英语四、六级考试大纲（2016年修订版）词表；未加★为四级词。
the,,,,cet4,official_syllabus_2016,2,全国大学英语四、六级考试大纲（2016年修订版）词表；未加★为四级词。
theatrical,,,,cet4,official_syllabus_2016,2,全国大学英语四、六级考试大纲（2016年修订版）词表；未加★为四级词。
theft,,,,cet4,official_syllabus_2016,2,全国大学英语四、六级考试大纲（2016年修订版）词表；未加★为四级词。
their,,,,cet4,official_syllabus_2016,2,全国大学英语四、六级考试大纲（2016年修订版）词表；未加★为四级词。
theirs,,,,cet4,official_syllabus_2016,2,全国大学英语四、六级考试大纲（2016年修订版）词表；未加★为四级词。
them,,,,cet4,official_syllabus_2016,2,全国大学英语四、六级考试大纲（2016年修订版）词表；未加★为四级词。
theme,,,,cet4,official_syllabus_2016,2,全国大学英语四、六级考试大纲（2016年修订版）词表；未加★为四级词。
themselves,,,,cet4,official_syllabus_2016,2,全国大学英语四、六级考试大纲（2016年修订版）词表；未加★为四级词。
then,,,,cet4,official_syllabus_2016,2,全国大学英语四、六级考试大纲（2016年修订版）词表；未加★为四级词。
theory,,,,cet4,official_syllabus_2016,2,全国大学英语四、六级考试大纲（2016年修订版）词表；未加★为四级词。
theoretical,,,,cet4,official_syllabus_2016,2,全国大学英语四、六级考试大纲（2016年修订版）词表；未加★为四级词。
therapy,,,,cet4,official_syllabus_2016,2,全国大学英语四、六级考试大纲（2016年修订版）词表；未加★为四级词。
therapist,,,,cet4,official_syllabus_2016,2,全国大学英语四、六级考试大纲（2016年修订版）词表；未加★为四级词。
therapeutic(al),,,,cet4,official_syllabus_2016,2,全国大学英语四、六级考试大纲（2016年修订版）词表；未加★为四级词。
there,,,,cet4,official_syllabus_2016,2,全国大学英语四、六级考试大纲（2016年修订版）词表；未加★为四级词。
thereby,,,,cet4,official_syllabus_2016,2,全国大学英语四、六级考试大纲（2016年修订版）词表；未加★为四级词。
therefore,,,,cet4,official_syllabus_2016,2,全国大学英语四、六级考试大纲（2016年修订版）词表；未加★为四级词。
thermometer,,,,cet4,official_syllabus_2016,2,全国大学英语四、六级考试大纲（2016年修订版）词表；未加★为四级词。
these,,,,cet4,official_syllabus_2016,2,全国大学英语四、六级考试大纲（2016年修订版）词表；未加★为四级词。
thesis,,,,cet4,official_syllabus_2016,2,全国大学英语四、六级考试大纲（2016年修订版）词表；未加★为四级词。
they,,,,cet4,official_syllabus_2016,2,全国大学英语四、六级考试大纲（2016年修订版）词表；未加★为四级词。
thick,,,,cet4,official_syllabus_2016,2,全国大学英语四、六级考试大纲（2016年修订版）词表；未加★为四级词。
thief,,,,cet4,official_syllabus_2016,2,全国大学英语四、六级考试大纲（2016年修订版）词表；未加★为四级词。
thin,,,,cet4,official_syllabus_2016,2,全国大学英语四、六级考试大纲（2016年修订版）词表；未加★为四级词。
thing,,,,cet4,official_syllabus_2016,2,全国大学英语四、六级考试大纲（2016年修订版）词表；未加★为四级词。
think,,,,cet4,official_syllabus_2016,2,全国大学英语四、六级考试大纲（2016年修订版）词表；未加★为四级词。
thinking,,,,cet4,official_syllabus_2016,2,全国大学英语四、六级考试大纲（2016年修订版）词表；未加★为四级词。
third,,,,cet4,official_syllabus_2016,2,全国大学英语四、六级考试大纲（2016年修订版）词表；未加★为四级词。
thirst,,,,cet4,official_syllabus_2016,2,全国大学英语四、六级考试大纲（2016年修订版）词表；未加★为四级词。
thirsty,,,,cet4,official_syllabus_2016,2,全国大学英语四、六级考试大纲（2016年修订版）词表；未加★为四级词。
thirteen,,,,cet4,official_syllabus_2016,2,全国大学英语四、六级考试大纲（2016年修订版）词表；未加★为四级词。
thirty,,,,cet4,official_syllabus_2016,2,全国大学英语四、六级考试大纲（2016年修订版）词表；未加★为四级词。
this,,,,cet4,official_syllabus_2016,2,全国大学英语四、六级考试大纲（2016年修订版）词表；未加★为四级词。
thorny,,,,cet4,official_syllabus_2016,2,全国大学英语四、六级考试大纲（2016年修订版）词表；未加★为四级词。
thorough,,,,cet4,official_syllabus_2016,2,全国大学英语四、六级考试大纲（2016年修订版）词表；未加★为四级词。
those,,,,cet4,official_syllabus_2016,2,全国大学英语四、六级考试大纲（2016年修订版）词表；未加★为四级词。
though,,,,cet4,official_syllabus_2016,2,全国大学英语四、六级考试大纲（2016年修订版）词表；未加★为四级词。
thought,,,,cet4,official_syllabus_2016,2,全国大学英语四、六级考试大纲（2016年修订版）词表；未加★为四级词。
thoughtful,,,,cet4,official_syllabus_2016,2,全国大学英语四、六级考试大纲（2016年修订版）词表；未加★为四级词。
thousand,,,,cet4,official_syllabus_2016,2,全国大学英语四、六级考试大纲（2016年修订版）词表；未加★为四级词。
thread,,,,cet4,official_syllabus_2016,2,全国大学英语四、六级考试大纲（2016年修订版）词表；未加★为四级词。
threat,,,,cet4,official_syllabus_2016,2,全国大学英语四、六级考试大纲（2016年修订版）词表；未加★为四级词。
threaten,,,,cet4,official_syllabus_2016,2,全国大学英语四、六级考试大纲（2016年修订版）词表；未加★为四级词。
three,,,,cet4,official_syllabus_2016,2,全国大学英语四、六级考试大纲（2016年修订版）词表；未加★为四级词。
thrifty,,,,cet4,official_syllabus_2016,2,全国大学英语四、六级考试大纲（2016年修订版）词表；未加★为四级词。
thriller,,,,cet4,official_syllabus_2016,2,全国大学英语四、六级考试大纲（2016年修订版）词表；未加★为四级词。
thrive,,,,cet4,official_syllabus_2016,2,全国大学英语四、六级考试大纲（2016年修订版）词表；未加★为四级词。
throat,,,,cet4,official_syllabus_2016,2,全国大学英语四、六级考试大纲（2016年修订版）词表；未加★为四级词。
through,,,,cet4,official_syllabus_2016,2,全国大学英语四、六级考试大纲（2016年修订版）词表；未加★为四级词。
throughout,,,,cet4,official_syllabus_2016,2,全国大学英语四、六级考试大纲（2016年修订版）词表；未加★为四级词。
throw,,,,cet4,official_syllabus_2016,2,全国大学英语四、六级考试大纲（2016年修订版）词表；未加★为四级词。
thrust,,,,cet4,official_syllabus_2016,2,全国大学英语四、六级考试大纲（2016年修订版）词表；未加★为四级词。
thumb,,,,cet4,official_syllabus_2016,2,全国大学英语四、六级考试大纲（2016年修订版）词表；未加★为四级词。
thunder,,,,cet4,official_syllabus_2016,2,全国大学英语四、六级考试大纲（2016年修订版）词表；未加★为四级词。
thunderous,,,,cet4,official_syllabus_2016,2,全国大学英语四、六级考试大纲（2016年修订版）词表；未加★为四级词。
Thursday,,,,cet4,official_syllabus_2016,2,全国大学英语四、六级考试大纲（2016年修订版）词表；未加★为四级词。
thus,,,,cet4,official_syllabus_2016,2,全国大学英语四、六级考试大纲（2016年修订版）词表；未加★为四级词。
tick,,,,cet4,official_syllabus_2016,2,全国大学英语四、六级考试大纲（2016年修订版）词表；未加★为四级词。
ticket,,,,cet4,official_syllabus_2016,2,全国大学英语四、六级考试大纲（2016年修订版）词表；未加★为四级词。
tide,,,,cet4,official_syllabus_2016,2,全国大学英语四、六级考试大纲（2016年修订版）词表；未加★为四级词。
tidal,,,,cet4,official_syllabus_2016,2,全国大学英语四、六级考试大纲（2016年修订版）词表；未加★为四级词。
tidy,,,,cet4,official_syllabus_2016,2,全国大学英语四、六级考试大纲（2016年修订版）词表；未加★为四级词。
tie,,,,cet4,official_syllabus_2016,2,全国大学英语四、六级考试大纲（2016年修订版）词表；未加★为四级词。
tiger,,,,cet4,official_syllabus_2016,2,全国大学英语四、六级考试大纲（2016年修订版）词表；未加★为四级词。
tigress,,,,cet4,official_syllabus_2016,2,全国大学英语四、六级考试大纲（2016年修订版）词表；未加★为四级词。
tight,,,,cet4,official_syllabus_2016,2,全国大学英语四、六级考试大纲（2016年修订版）词表；未加★为四级词。
tighten,,,,cet4,official_syllabus_2016,2,全国大学英语四、六级考试大纲（2016年修订版）词表；未加★为四级词。
till,,,,cet4,official_syllabus_2016,2,全国大学英语四、六级考试大纲（2016年修订版）词表；未加★为四级词。
timber,,,,cet4,official_syllabus_2016,2,全国大学英语四、六级考试大纲（2016年修订版）词表；未加★为四级词。
time,,,,cet4,official_syllabus_2016,2,全国大学英语四、六级考试大纲（2016年修订版）词表；未加★为四级词。
timely,,,,cet4,official_syllabus_2016,2,全国大学英语四、六级考试大纲（2016年修订版）词表；未加★为四级词。
timing,,,,cet4,official_syllabus_2016,2,全国大学英语四、六级考试大纲（2016年修订版）词表；未加★为四级词。
tin,,,,cet4,official_syllabus_2016,2,全国大学英语四、六级考试大纲（2016年修订版）词表；未加★为四级词。
tiny,,,,cet4,official_syllabus_2016,2,全国大学英语四、六级考试大纲（2016年修订版）词表；未加★为四级词。
tip,,,,cet4,official_syllabus_2016,2,全国大学英语四、六级考试大纲（2016年修订版）词表；未加★为四级词。
tire,,,,cet4,official_syllabus_2016,2,全国大学英语四、六级考试大纲（2016年修订版）词表；未加★为四级词。
tired,,,,cet4,official_syllabus_2016,2,全国大学英语四、六级考试大纲（2016年修订版）词表；未加★为四级词。
tiring,,,,cet4,official_syllabus_2016,2,全国大学英语四、六级考试大纲（2016年修订版）词表；未加★为四级词。
tireless,,,,cet4,official_syllabus_2016,2,全国大学英语四、六级考试大纲（2016年修订版）词表；未加★为四级词。
tiresome,,,,cet4,official_syllabus_2016,2,全国大学英语四、六级考试大纲（2016年修订版）词表；未加★为四级词。
tissue,,,,cet4,official_syllabus_2016,2,全国大学英语四、六级考试大纲（2016年修订版）词表；未加★为四级词。
title,,,,cet4,official_syllabus_2016,2,全国大学英语四、六级考试大纲（2016年修订版）词表；未加★为四级词。
to,,,,cet4,official_syllabus_2016,2,全国大学英语四、六级考试大纲（2016年修订版）词表；未加★为四级词。
toast,,,,cet4,official_syllabus_2016,2,全国大学英语四、六级考试大纲（2016年修订版）词表；未加★为四级词。
tobacco,,,,cet4,official_syllabus_2016,2,全国大学英语四、六级考试大纲（2016年修订版）词表；未加★为四级词。
today,,,,cet4,official_syllabus_2016,2,全国大学英语四、六级考试大纲（2016年修订版）词表；未加★为四级词。
toe,,,,cet4,official_syllabus_2016,2,全国大学英语四、六级考试大纲（2016年修订版）词表；未加★为四级词。
together,,,,cet4,official_syllabus_2016,2,全国大学英语四、六级考试大纲（2016年修订版）词表；未加★为四级词。
toilet,,,,cet4,official_syllabus_2016,2,全国大学英语四、六级考试大纲（2016年修订版）词表；未加★为四级词。
token,,,,cet4,official_syllabus_2016,2,全国大学英语四、六级考试大纲（2016年修订版）词表；未加★为四级词。
tolerate,,,,cet4,official_syllabus_2016,2,全国大学英语四、六级考试大纲（2016年修订版）词表；未加★为四级词。
tolerance,,,,cet4,official_syllabus_2016,2,全国大学英语四、六级考试大纲（2016年修订版）词表；未加★为四级词。
tolerant,,,,cet4,official_syllabus_2016,2,全国大学英语四、六级考试大纲（2016年修订版）词表；未加★为四级词。
tolerable,,,,cet4,official_syllabus_2016,2,全国大学英语四、六级考试大纲（2016年修订版）词表；未加★为四级词。
toll,,,,cet4,official_syllabus_2016,2,全国大学英语四、六级考试大纲（2016年修订版）词表；未加★为四级词。
tomato,,,,cet4,official_syllabus_2016,2,全国大学英语四、六级考试大纲（2016年修订版）词表；未加★为四级词。
tomorrow,,,,cet4,official_syllabus_2016,2,全国大学英语四、六级考试大纲（2016年修订版）词表；未加★为四级词。
ton,,,,cet4,official_syllabus_2016,2,全国大学英语四、六级考试大纲（2016年修订版）词表；未加★为四级词。
tonnage,,,,cet4,official_syllabus_2016,2,全国大学英语四、六级考试大纲（2016年修订版）词表；未加★为四级词。
tone,,,,cet4,official_syllabus_2016,2,全国大学英语四、六级考试大纲（2016年修订版）词表；未加★为四级词。
tongue,,,,cet4,official_syllabus_2016,2,全国大学英语四、六级考试大纲（2016年修订版）词表；未加★为四级词。
tonight,,,,cet4,official_syllabus_2016,2,全国大学英语四、六级考试大纲（2016年修订版）词表；未加★为四级词。
too,,,,cet4,official_syllabus_2016,2,全国大学英语四、六级考试大纲（2016年修订版）词表；未加★为四级词。
tool,,,,cet4,official_syllabus_2016,2,全国大学英语四、六级考试大纲（2016年修订版）词表；未加★为四级词。
tooth,,,,cet4,official_syllabus_2016,2,全国大学英语四、六级考试大纲（2016年修订版）词表；未加★为四级词。
top,,,,cet4,official_syllabus_2016,2,全国大学英语四、六级考试大纲（2016年修订版）词表；未加★为四级词。
topic,,,,cet4,official_syllabus_2016,2,全国大学英语四、六级考试大纲（2016年修订版）词表；未加★为四级词。
topical,,,,cet4,official_syllabus_2016,2,全国大学英语四、六级考试大纲（2016年修订版）词表；未加★为四级词。
torch,,,,cet4,official_syllabus_2016,2,全国大学英语四、六级考试大纲（2016年修订版）词表；未加★为四级词。
torture,,,,cet4,official_syllabus_2016,2,全国大学英语四、六级考试大纲（2016年修订版）词表；未加★为四级词。
toss,,,,cet4,official_syllabus_2016,2,全国大学英语四、六级考试大纲（2016年修订版）词表；未加★为四级词。
total,,,,cet4,official_syllabus_2016,2,全国大学英语四、六级考试大纲（2016年修订版）词表；未加★为四级词。
touch,,,,cet4,official_syllabus_2016,2,全国大学英语四、六级考试大纲（2016年修订版）词表；未加★为四级词。
tough,,,,cet4,official_syllabus_2016,2,全国大学英语四、六级考试大纲（2016年修订版）词表；未加★为四级词。
tour,,,,cet4,official_syllabus_2016,2,全国大学英语四、六级考试大纲（2016年修订版）词表；未加★为四级词。
tourism,,,,cet4,official_syllabus_2016,2,全国大学英语四、六级考试大纲（2016年修订版）词表；未加★为四级词。
tourist,,,,cet4,official_syllabus_2016,2,全国大学英语四、六级考试大纲（2016年修订版）词表；未加★为四级词。
toward(s),,,,cet4,official_syllabus_2016,2,全国大学英语四、六级考试大纲（2016年修订版）词表；未加★为四级词。
towel,,,,cet4,official_syllabus_2016,2,全国大学英语四、六级考试大纲（2016年修订版）词表；未加★为四级词。
tower,,,,cet4,official_syllabus_2016,2,全国大学英语四、六级考试大纲（2016年修订版）词表；未加★为四级词。
town,,,,cet4,official_syllabus_2016,2,全国大学英语四、六级考试大纲（2016年修订版）词表；未加★为四级词。
township,,,,cet4,official_syllabus_2016,2,全国大学英语四、六级考试大纲（2016年修订版）词表；未加★为四级词。
toy,,,,cet4,official_syllabus_2016,2,全国大学英语四、六级考试大纲（2016年修订版）词表；未加★为四级词。
trace,,,,cet4,official_syllabus_2016,2,全国大学英语四、六级考试大纲（2016年修订版）词表；未加★为四级词。
track,,,,cet4,official_syllabus_2016,2,全国大学英语四、六级考试大纲（2016年修订版）词表；未加★为四级词。
tractor,,,,cet4,official_syllabus_2016,2,全国大学英语四、六级考试大纲（2016年修订版）词表；未加★为四级词。
trade,,,,cet4,official_syllabus_2016,2,全国大学英语四、六级考试大纲（2016年修订版）词表；未加★为四级词。
trademark,,,,cet4,official_syllabus_2016,2,全国大学英语四、六级考试大纲（2016年修订版）词表；未加★为四级词。
tradition,,,,cet4,official_syllabus_2016,2,全国大学英语四、六级考试大纲（2016年修订版）词表；未加★为四级词。
traditional,,,,cet4,official_syllabus_2016,2,全国大学英语四、六级考试大纲（2016年修订版）词表；未加★为四级词。
traffic,,,,cet4,official_syllabus_2016,2,全国大学英语四、六级考试大纲（2016年修订版）词表；未加★为四级词。
trafficking,,,,cet4,official_syllabus_2016,2,全国大学英语四、六级考试大纲（2016年修订版）词表；未加★为四级词。
tragedy,,,,cet4,official_syllabus_2016,2,全国大学英语四、六级考试大纲（2016年修订版）词表；未加★为四级词。
tragic,,,,cet4,official_syllabus_2016,2,全国大学英语四、六级考试大纲（2016年修订版）词表；未加★为四级词。
tragically,,,,cet4,official_syllabus_2016,2,全国大学英语四、六级考试大纲（2016年修订版）词表；未加★为四级词。
trail,,,,cet4,official_syllabus_2016,2,全国大学英语四、六级考试大纲（2016年修订版）词表；未加★为四级词。
trailer,,,,cet4,official_syllabus_2016,2,全国大学英语四、六级考试大纲（2016年修订版）词表；未加★为四级词。
train,,,,cet4,official_syllabus_2016,2,全国大学英语四、六级考试大纲（2016年修订版）词表；未加★为四级词。
trainer,,,,cet4,official_syllabus_2016,2,全国大学英语四、六级考试大纲（2016年修订版）词表；未加★为四级词。
trainee,,,,cet4,official_syllabus_2016,2,全国大学英语四、六级考试大纲（2016年修订版）词表；未加★为四级词。
training,,,,cet4,official_syllabus_2016,2,全国大学英语四、六级考试大纲（2016年修订版）词表；未加★为四级词。
tram,,,,cet4,official_syllabus_2016,2,全国大学英语四、六级考试大纲（2016年修订版）词表；未加★为四级词。
tranquility,,,,cet4,official_syllabus_2016,2,全国大学英语四、六级考试大纲（2016年修订版）词表；未加★为四级词。
transaction,,,,cet4,official_syllabus_2016,2,全国大学英语四、六级考试大纲（2016年修订版）词表；未加★为四级词。
transcript,,,,cet4,official_syllabus_2016,2,全国大学英语四、六级考试大纲（2016年修订版）词表；未加★为四级词。
transfer,,,,cet4,official_syllabus_2016,2,全国大学英语四、六级考试大纲（2016年修订版）词表；未加★为四级词。
transference,,,,cet4,official_syllabus_2016,2,全国大学英语四、六级考试大纲（2016年修订版）词表；未加★为四级词。
transform,,,,cet4,official_syllabus_2016,2,全国大学英语四、六级考试大纲（2016年修订版）词表；未加★为四级词。
transformation,,,,cet4,official_syllabus_2016,2,全国大学英语四、六级考试大纲（2016年修订版）词表；未加★为四级词。
transit,,,,cet4,official_syllabus_2016,2,全国大学英语四、六级考试大纲（2016年修订版）词表；未加★为四级词。
transitional,,,,cet4,official_syllabus_2016,2,全国大学英语四、六级考试大纲（2016年修订版）词表；未加★为四级词。
translate,,,,cet4,official_syllabus_2016,2,全国大学英语四、六级考试大纲（2016年修订版）词表；未加★为四级词。
translation,,,,cet4,official_syllabus_2016,2,全国大学英语四、六级考试大纲（2016年修订版）词表；未加★为四级词。
translator,,,,cet4,official_syllabus_2016,2,全国大学英语四、六级考试大纲（2016年修订版）词表；未加★为四级词。
transmit,,,,cet4,official_syllabus_2016,2,全国大学英语四、六级考试大纲（2016年修订版）词表；未加★为四级词。
transmission,,,,cet4,official_syllabus_2016,2,全国大学英语四、六级考试大纲（2016年修订版）词表；未加★为四级词。
transmitter,,,,cet4,official_syllabus_2016,2,全国大学英语四、六级考试大纲（2016年修订版）词表；未加★为四级词。
transparent,,,,cet4,official_syllabus_2016,2,全国大学英语四、六级考试大纲（2016年修订版）词表；未加★为四级词。
transparency,,,,cet4,official_syllabus_2016,2,全国大学英语四、六级考试大纲（2016年修订版）词表；未加★为四级词。
transplant,,,,cet4,official_syllabus_2016,2,全国大学英语四、六级考试大纲（2016年修订版）词表；未加★为四级词。
transplantation,,,,cet4,official_syllabus_2016,2,全国大学英语四、六级考试大纲（2016年修订版）词表；未加★为四级词。
transport,,,,cet4,official_syllabus_2016,2,全国大学英语四、六级考试大纲（2016年修订版）词表；未加★为四级词。
transportation,,,,cet4,official_syllabus_2016,2,全国大学英语四、六级考试大纲（2016年修订版）词表；未加★为四级词。
trap,,,,cet4,official_syllabus_2016,2,全国大学英语四、六级考试大纲（2016年修订版）词表；未加★为四级词。
trash,,,,cet4,official_syllabus_2016,2,全国大学英语四、六级考试大纲（2016年修订版）词表；未加★为四级词。
traumatic,,,,cet4,official_syllabus_2016,2,全国大学英语四、六级考试大纲（2016年修订版）词表；未加★为四级词。
travel,,,,cet4,official_syllabus_2016,2,全国大学英语四、六级考试大纲（2016年修订版）词表；未加★为四级词。
tray,,,,cet4,official_syllabus_2016,2,全国大学英语四、六级考试大纲（2016年修订版）词表；未加★为四级词。
treasure,,,,cet4,official_syllabus_2016,2,全国大学英语四、六级考试大纲（2016年修订版）词表；未加★为四级词。
treasurer,,,,cet4,official_syllabus_2016,2,全国大学英语四、六级考试大纲（2016年修订版）词表；未加★为四级词。
treat,,,,cet4,official_syllabus_2016,2,全国大学英语四、六级考试大纲（2016年修订版）词表；未加★为四级词。
treatment,,,,cet4,official_syllabus_2016,2,全国大学英语四、六级考试大纲（2016年修订版）词表；未加★为四级词。
treaty,,,,cet4,official_syllabus_2016,2,全国大学英语四、六级考试大纲（2016年修订版）词表；未加★为四级词。
tree,,,,cet4,official_syllabus_2016,2,全国大学英语四、六级考试大纲（2016年修订版）词表；未加★为四级词。
tremble,,,,cet4,official_syllabus_2016,2,全国大学英语四、六级考试大纲（2016年修订版）词表；未加★为四级词。
tremendous,,,,cet4,official_syllabus_2016,2,全国大学英语四、六级考试大纲（2016年修订版）词表；未加★为四级词。
trend,,,,cet4,official_syllabus_2016,2,全国大学英语四、六级考试大纲（2016年修订版）词表；未加★为四级词。
trial,,,,cet4,official_syllabus_2016,2,全国大学英语四、六级考试大纲（2016年修订版）词表；未加★为四级词。
triangle,,,,cet4,official_syllabus_2016,2,全国大学英语四、六级考试大纲（2016年修订版）词表；未加★为四级词。
triangular,,,,cet4,official_syllabus_2016,2,全国大学英语四、六级考试大纲（2016年修订版）词表；未加★为四级词。
tribal,,,,cet4,official_syllabus_2016,2,全国大学英语四、六级考试大纲（2016年修订版）词表；未加★为四级词。
trick,,,,cet4,official_syllabus_2016,2,全国大学英语四、六级考试大纲（2016年修订版）词表；未加★为四级词。
tricky,,,,cet4,official_syllabus_2016,2,全国大学英语四、六级考试大纲（2016年修订版）词表；未加★为四级词。
trifle,,,,cet4,official_syllabus_2016,2,全国大学英语四、六级考试大纲（2016年修订版）词表；未加★为四级词。
trigger,,,,cet4,official_syllabus_2016,2,全国大学英语四、六级考试大纲（2016年修订版）词表；未加★为四级词。
trip,,,,cet4,official_syllabus_2016,2,全国大学英语四、六级考试大纲（2016年修订版）词表；未加★为四级词。
triple,,,,cet4,official_syllabus_2016,2,全国大学英语四、六级考试大纲（2016年修订版）词表；未加★为四级词。
triumph,,,,cet4,official_syllabus_2016,2,全国大学英语四、六级考试大纲（2016年修订版）词表；未加★为四级词。
triumphant,,,,cet4,official_syllabus_2016,2,全国大学英语四、六级考试大纲（2016年修订版）词表；未加★为四级词。
trolley,,,,cet4,official_syllabus_2016,2,全国大学英语四、六级考试大纲（2016年修订版）词表；未加★为四级词。
troop,,,,cet4,official_syllabus_2016,2,全国大学英语四、六级考试大纲（2016年修订版）词表；未加★为四级词。
tropical,,,,cet4,official_syllabus_2016,2,全国大学英语四、六级考试大纲（2016年修订版）词表；未加★为四级词。
trouble,,,,cet4,official_syllabus_2016,2,全国大学英语四、六级考试大纲（2016年修订版）词表；未加★为四级词。
troublesome,,,,cet4,official_syllabus_2016,2,全国大学英语四、六级考试大纲（2016年修订版）词表；未加★为四级词。
trousers,,,,cet4,official_syllabus_2016,2,全国大学英语四、六级考试大纲（2016年修订版）词表；未加★为四级词。
truck,,,,cet4,official_syllabus_2016,2,全国大学英语四、六级考试大纲（2016年修订版）词表；未加★为四级词。
true,,,,cet4,official_syllabus_2016,2,全国大学英语四、六级考试大纲（2016年修订版）词表；未加★为四级词。
truly,,,,cet4,official_syllabus_2016,2,全国大学英语四、六级考试大纲（2016年修订版）词表；未加★为四级词。
trunk,,,,cet4,official_syllabus_2016,2,全国大学英语四、六级考试大纲（2016年修订版）词表；未加★为四级词。
trust,,,,cet4,official_syllabus_2016,2,全国大学英语四、六级考试大纲（2016年修订版）词表；未加★为四级词。
trustee,,,,cet4,official_syllabus_2016,2,全国大学英语四、六级考试大纲（2016年修订版）词表；未加★为四级词。
truth,,,,cet4,official_syllabus_2016,2,全国大学英语四、六级考试大纲（2016年修订版）词表；未加★为四级词。
truthful,,,,cet4,official_syllabus_2016,2,全国大学英语四、六级考试大纲（2016年修订版）词表；未加★为四级词。
try,,,,cet4,official_syllabus_2016,2,全国大学英语四、六级考试大纲（2016年修订版）词表；未加★为四级词。
trying,,,,cet4,official_syllabus_2016,2,全国大学英语四、六级考试大纲（2016年修订版）词表；未加★为四级词。
tube,,,,cet4,official_syllabus_2016,2,全国大学英语四、六级考试大纲（2016年修订版）词表；未加★为四级词。
Tuesday,,,,cet4,official_syllabus_2016,2,全国大学英语四、六级考试大纲（2016年修订版）词表；未加★为四级词。
tuition,,,,cet4,official_syllabus_2016,2,全国大学英语四、六级考试大纲（2016年修订版）词表；未加★为四级词。
tumo(u)r,,,,cet4,official_syllabus_2016,2,全国大学英语四、六级考试大纲（2016年修订版）词表；未加★为四级词。
tune,,,,cet4,official_syllabus_2016,2,全国大学英语四、六级考试大纲（2016年修订版）词表；未加★为四级词。
tunnel,,,,cet4,official_syllabus_2016,2,全国大学英语四、六级考试大纲（2016年修订版）词表；未加★为四级词。
turbulence,,,,cet4,official_syllabus_2016,2,全国大学英语四、六级考试大纲（2016年修订版）词表；未加★为四级词。
turkey,,,,cet4,official_syllabus_2016,2,全国大学英语四、六级考试大纲（2016年修订版）词表；未加★为四级词。
turn,,,,cet4,official_syllabus_2016,2,全国大学英语四、六级考试大纲（2016年修订版）词表；未加★为四级词。
tutor,,,,cet4,official_syllabus_2016,2,全国大学英语四、六级考试大纲（2016年修订版）词表；未加★为四级词。
tutorial,,,,cet4,official_syllabus_2016,2,全国大学英语四、六级考试大纲（2016年修订版）词表；未加★为四级词。
twelve,,,,cet4,official_syllabus_2016,2,全国大学英语四、六级考试大纲（2016年修订版）词表；未加★为四级词。
twelfth,,,,cet4,official_syllabus_2016,2,全国大学英语四、六级考试大纲（2016年修订版）词表；未加★为四级词。
twenty,,,,cet4,official_syllabus_2016,2,全国大学英语四、六级考试大纲（2016年修订版）词表；未加★为四级词。
twentieth,,,,cet4,official_syllabus_2016,2,全国大学英语四、六级考试大纲（2016年修订版）词表；未加★为四级词。
twice,,,,cet4,official_syllabus_2016,2,全国大学英语四、六级考试大纲（2016年修订版）词表；未加★为四级词。
twin,,,,cet4,official_syllabus_2016,2,全国大学英语四、六级考试大纲（2016年修订版）词表；未加★为四级词。
twist,,,,cet4,official_syllabus_2016,2,全国大学英语四、六级考试大纲（2016年修订版）词表；未加★为四级词。
two,,,,cet4,official_syllabus_2016,2,全国大学英语四、六级考试大纲（2016年修订版）词表；未加★为四级词。
type,,,,cet4,official_syllabus_2016,2,全国大学英语四、六级考试大纲（2016年修订版）词表；未加★为四级词。
typist,,,,cet4,official_syllabus_2016,2,全国大学英语四、六级考试大纲（2016年修订版）词表；未加★为四级词。
typewriter,,,,cet4,official_syllabus_2016,2,全国大学英语四、六级考试大纲（2016年修订版）词表；未加★为四级词。
typical,,,,cet4,official_syllabus_2016,2,全国大学英语四、六级考试大纲（2016年修订版）词表；未加★为四级词。
tyre/tire,,,,cet4,official_syllabus_2016,2,全国大学英语四、六级考试大纲（2016年修订版）词表；未加★为四级词。
ugly,,,,cet4,official_syllabus_2016,2,全国大学英语四、六级考试大纲（2016年修订版）词表；未加★为四级词。
ugliness,,,,cet4,official_syllabus_2016,2,全国大学英语四、六级考试大纲（2016年修订版）词表；未加★为四级词。
ultimate,,,,cet4,official_syllabus_2016,2,全国大学英语四、六级考试大纲（2016年修订版）词表；未加★为四级词。
ultimately,,,,cet4,official_syllabus_2016,2,全国大学英语四、六级考试大纲（2016年修订版）词表；未加★为四级词。
umbrella,,,,cet4,official_syllabus_2016,2,全国大学英语四、六级考试大纲（2016年修订版）词表；未加★为四级词。
uncertain,,,,cet4,official_syllabus_2016,2,全国大学英语四、六级考试大纲（2016年修订版）词表；未加★为四级词。
uncertainty,,,,cet4,official_syllabus_2016,2,全国大学英语四、六级考试大纲（2016年修订版）词表；未加★为四级词。
uncle,,,,cet4,official_syllabus_2016,2,全国大学英语四、六级考试大纲（2016年修订版）词表；未加★为四级词。
uncover,,,,cet4,official_syllabus_2016,2,全国大学英语四、六级考试大纲（2016年修订版）词表；未加★为四级词。
under,,,,cet4,official_syllabus_2016,2,全国大学英语四、六级考试大纲（2016年修订版）词表；未加★为四级词。
underdeveloped,,,,cet4,official_syllabus_2016,2,全国大学英语四、六级考试大纲（2016年修订版）词表；未加★为四级词。
underestimate,,,,cet4,official_syllabus_2016,2,全国大学英语四、六级考试大纲（2016年修订版）词表；未加★为四级词。
undergo,,,,cet4,official_syllabus_2016,2,全国大学英语四、六级考试大纲（2016年修订版）词表；未加★为四级词。
undergraduate,,,,cet4,official_syllabus_2016,2,全国大学英语四、六级考试大纲（2016年修订版）词表；未加★为四级词。
underground,,,,cet4,official_syllabus_2016,2,全国大学英语四、六级考试大纲（2016年修订版）词表；未加★为四级词。
underlying,,,,cet4,official_syllabus_2016,2,全国大学英语四、六级考试大纲（2016年修订版）词表；未加★为四级词。
underline,,,,cet4,official_syllabus_2016,2,全国大学英语四、六级考试大纲（2016年修订版）词表；未加★为四级词。
undermine,,,,cet4,official_syllabus_2016,2,全国大学英语四、六级考试大纲（2016年修订版）词表；未加★为四级词。
underneath,,,,cet4,official_syllabus_2016,2,全国大学英语四、六级考试大纲（2016年修订版）词表；未加★为四级词。
understand,,,,cet4,official_syllabus_2016,2,全国大学英语四、六级考试大纲（2016年修订版）词表；未加★为四级词。
understanding,,,,cet4,official_syllabus_2016,2,全国大学英语四、六级考试大纲（2016年修订版）词表；未加★为四级词。
undertake,,,,cet4,official_syllabus_2016,2,全国大学英语四、六级考试大纲（2016年修订版）词表；未加★为四级词。
undertaking,,,,cet4,official_syllabus_2016,2,全国大学英语四、六级考试大纲（2016年修订版）词表；未加★为四级词。
underwear,,,,cet4,official_syllabus_2016,2,全国大学英语四、六级考试大纲（2016年修订版）词表；未加★为四级词。
undo,,,,cet4,official_syllabus_2016,2,全国大学英语四、六级考试大纲（2016年修订版）词表；未加★为四级词。
undoubtedly,,,,cet4,official_syllabus_2016,2,全国大学英语四、六级考试大纲（2016年修订版）词表；未加★为四级词。
uneasy,,,,cet4,official_syllabus_2016,2,全国大学英语四、六级考试大纲（2016年修订版）词表；未加★为四级词。
unemployed,,,,cet4,official_syllabus_2016,2,全国大学英语四、六级考试大纲（2016年修订版）词表；未加★为四级词。
unemployment,,,,cet4,official_syllabus_2016,2,全国大学英语四、六级考试大纲（2016年修订版）词表；未加★为四级词。
uniform,,,,cet4,official_syllabus_2016,2,全国大学英语四、六级考试大纲（2016年修订版）词表；未加★为四级词。
uniformity,,,,cet4,official_syllabus_2016,2,全国大学英语四、六级考试大纲（2016年修订版）词表；未加★为四级词。
unification,,,,cet4,official_syllabus_2016,2,全国大学英语四、六级考试大纲（2016年修订版）词表；未加★为四级词。
union,,,,cet4,official_syllabus_2016,2,全国大学英语四、六级考试大纲（2016年修订版）词表；未加★为四级词。
unique,,,,cet4,official_syllabus_2016,2,全国大学英语四、六级考试大纲（2016年修订版）词表；未加★为四级词。
unit,,,,cet4,official_syllabus_2016,2,全国大学英语四、六级考试大纲（2016年修订版）词表；未加★为四级词。
unite,,,,cet4,official_syllabus_2016,2,全国大学英语四、六级考试大纲（2016年修订版）词表；未加★为四级词。
unity,,,,cet4,official_syllabus_2016,2,全国大学英语四、六级考试大纲（2016年修订版）词表；未加★为四级词。
universe,,,,cet4,official_syllabus_2016,2,全国大学英语四、六级考试大纲（2016年修订版）词表；未加★为四级词。
universal,,,,cet4,official_syllabus_2016,2,全国大学英语四、六级考试大纲（2016年修订版）词表；未加★为四级词。
university,,,,cet4,official_syllabus_2016,2,全国大学英语四、六级考试大纲（2016年修订版）词表；未加★为四级词。
unless,,,,cet4,official_syllabus_2016,2,全国大学英语四、六级考试大纲（2016年修订版）词表；未加★为四级词。
until,,,,cet4,official_syllabus_2016,2,全国大学英语四、六级考试大纲（2016年修订版）词表；未加★为四级词。
up,,,,cet4,official_syllabus_2016,2,全国大学英语四、六级考试大纲（2016年修订版）词表；未加★为四级词。
update,,,,cet4,official_syllabus_2016,2,全国大学英语四、六级考试大纲（2016年修订版）词表；未加★为四级词。
upgrade,,,,cet4,official_syllabus_2016,2,全国大学英语四、六级考试大纲（2016年修订版）词表；未加★为四级词。
upload,,,,cet4,official_syllabus_2016,2,全国大学英语四、六级考试大纲（2016年修订版）词表；未加★为四级词。
upon,,,,cet4,official_syllabus_2016,2,全国大学英语四、六级考试大纲（2016年修订版）词表；未加★为四级词。
upper,,,,cet4,official_syllabus_2016,2,全国大学英语四、六级考试大纲（2016年修订版）词表；未加★为四级词。
upright,,,,cet4,official_syllabus_2016,2,全国大学英语四、六级考试大纲（2016年修订版）词表；未加★为四级词。
upset,,,,cet4,official_syllabus_2016,2,全国大学英语四、六级考试大纲（2016年修订版）词表；未加★为四级词。
upstairs,,,,cet4,official_syllabus_2016,2,全国大学英语四、六级考试大纲（2016年修订版）词表；未加★为四级词。
upward,,,,cet4,official_syllabus_2016,2,全国大学英语四、六级考试大纲（2016年修订版）词表；未加★为四级词。
upwards,,,,cet4,official_syllabus_2016,2,全国大学英语四、六级考试大纲（2016年修订版）词表；未加★为四级词。
urban,,,,cet4,official_syllabus_2016,2,全国大学英语四、六级考试大纲（2016年修订版）词表；未加★为四级词。
urge,,,,cet4,official_syllabus_2016,2,全国大学英语四、六级考试大纲（2016年修订版）词表；未加★为四级词。
urgent,,,,cet4,official_syllabus_2016,2,全国大学英语四、六级考试大纲（2016年修订版）词表；未加★为四级词。
urgency,,,,cet4,official_syllabus_2016,2,全国大学英语四、六级考试大纲（2016年修订版）词表；未加★为四级词。
urinate,,,,cet4,official_syllabus_2016,2,全国大学英语四、六级考试大纲（2016年修订版）词表；未加★为四级词。
us,,,,cet4,official_syllabus_2016,2,全国大学英语四、六级考试大纲（2016年修订版）词表；未加★为四级词。
usage,,,,cet4,official_syllabus_2016,2,全国大学英语四、六级考试大纲（2016年修订版）词表；未加★为四级词。
use,,,,cet4,official_syllabus_2016,2,全国大学英语四、六级考试大纲（2016年修订版）词表；未加★为四级词。
user,,,,cet4,official_syllabus_2016,2,全国大学英语四、六级考试大纲（2016年修订版）词表；未加★为四级词。
useful,,,,cet4,official_syllabus_2016,2,全国大学英语四、六级考试大纲（2016年修订版）词表；未加★为四级词。
useless,,,,cet4,official_syllabus_2016,2,全国大学英语四、六级考试大纲（2016年修订版）词表；未加★为四级词。
used,,,,cet4,official_syllabus_2016,2,全国大学英语四、六级考试大纲（2016年修订版）词表；未加★为四级词。
usual,,,,cet4,official_syllabus_2016,2,全国大学英语四、六级考试大纲（2016年修订版）词表；未加★为四级词。
usually,,,,cet4,official_syllabus_2016,2,全国大学英语四、六级考试大纲（2016年修订版）词表；未加★为四级词。
utility,,,,cet4,official_syllabus_2016,2,全国大学英语四、六级考试大纲（2016年修订版）词表；未加★为四级词。
utmost,,,,cet4,official_syllabus_2016,2,全国大学英语四、六级考试大纲（2016年修订版）词表；未加★为四级词。
utter,,,,cet4,official_syllabus_2016,2,全国大学英语四、六级考试大纲（2016年修订版）词表；未加★为四级词。
utterly,,,,cet4,official_syllabus_2016,2,全国大学英语四、六级考试大纲（2016年修订版）词表；未加★为四级词。
vacant,,,,cet4,official_syllabus_2016,2,全国大学英语四、六级考试大纲（2016年修订版）词表；未加★为四级词。
vacancy,,,,cet4,official_syllabus_2016,2,全国大学英语四、六级考试大纲（2016年修订版）词表；未加★为四级词。
vacation,,,,cet4,official_syllabus_2016,2,全国大学英语四、六级考试大纲（2016年修订版）词表；未加★为四级词。
vaccinate,,,,cet4,official_syllabus_2016,2,全国大学英语四、六级考试大纲（2016年修订版）词表；未加★为四级词。
vaccination,,,,cet4,official_syllabus_2016,2,全国大学英语四、六级考试大纲（2016年修订版）词表；未加★为四级词。
vacuum,,,,cet4,official_syllabus_2016,2,全国大学英语四、六级考试大纲（2016年修订版）词表；未加★为四级词。
vague,,,,cet4,official_syllabus_2016,2,全国大学英语四、六级考试大纲（2016年修订版）词表；未加★为四级词。
vain,,,,cet4,official_syllabus_2016,2,全国大学英语四、六级考试大纲（2016年修订版）词表；未加★为四级词。
vanity,,,,cet4,official_syllabus_2016,2,全国大学英语四、六级考试大纲（2016年修订版）词表；未加★为四级词。
valid,,,,cet4,official_syllabus_2016,2,全国大学英语四、六级考试大纲（2016年修订版）词表；未加★为四级词。
validate,,,,cet4,official_syllabus_2016,2,全国大学英语四、六级考试大纲（2016年修订版）词表；未加★为四级词。
validity,,,,cet4,official_syllabus_2016,2,全国大学英语四、六级考试大纲（2016年修订版）词表；未加★为四级词。
valley,,,,cet4,official_syllabus_2016,2,全国大学英语四、六级考试大纲（2016年修订版）词表；未加★为四级词。
value,,,,cet4,official_syllabus_2016,2,全国大学英语四、六级考试大纲（2016年修订版）词表；未加★为四级词。
valuable,,,,cet4,official_syllabus_2016,2,全国大学英语四、六级考试大纲（2016年修订版）词表；未加★为四级词。
van,,,,cet4,official_syllabus_2016,2,全国大学英语四、六级考试大纲（2016年修订版）词表；未加★为四级词。
vanish,,,,cet4,official_syllabus_2016,2,全国大学英语四、六级考试大纲（2016年修订版）词表；未加★为四级词。
vapo(u)r,,,,cet4,official_syllabus_2016,2,全国大学英语四、六级考试大纲（2016年修订版）词表；未加★为四级词。
various,,,,cet4,official_syllabus_2016,2,全国大学英语四、六级考试大纲（2016年修订版）词表；未加★为四级词。
variety,,,,cet4,official_syllabus_2016,2,全国大学英语四、六级考试大纲（2016年修订版）词表；未加★为四级词。
vary,,,,cet4,official_syllabus_2016,2,全国大学英语四、六级考试大纲（2016年修订版）词表；未加★为四级词。
variation,,,,cet4,official_syllabus_2016,2,全国大学英语四、六级考试大纲（2016年修订版）词表；未加★为四级词。
variable,,,,cet4,official_syllabus_2016,2,全国大学英语四、六级考试大纲（2016年修订版）词表；未加★为四级词。
variant,,,,cet4,official_syllabus_2016,2,全国大学英语四、六级考试大纲（2016年修订版）词表；未加★为四级词。
vast,,,,cet4,official_syllabus_2016,2,全国大学英语四、六级考试大纲（2016年修订版）词表；未加★为四级词。
vegetable,,,,cet4,official_syllabus_2016,2,全国大学英语四、六级考试大纲（2016年修订版）词表；未加★为四级词。
vegetarian,,,,cet4,official_syllabus_2016,2,全国大学英语四、六级考试大纲（2016年修订版）词表；未加★为四级词。
vehicle,,,,cet4,official_syllabus_2016,2,全国大学英语四、六级考试大纲（2016年修订版）词表；未加★为四级词。
veil,,,,cet4,official_syllabus_2016,2,全国大学英语四、六级考试大纲（2016年修订版）词表；未加★为四级词。
vendor,,,,cet4,official_syllabus_2016,2,全国大学英语四、六级考试大纲（2016年修订版）词表；未加★为四级词。
ventilation,,,,cet4,official_syllabus_2016,2,全国大学英语四、六级考试大纲（2016年修订版）词表；未加★为四级词。
venture,,,,cet4,official_syllabus_2016,2,全国大学英语四、六级考试大纲（2016年修订版）词表；未加★为四级词。
verb,,,,cet4,official_syllabus_2016,2,全国大学英语四、六级考试大纲（2016年修订版）词表；未加★为四级词。
verbal,,,,cet4,official_syllabus_2016,2,全国大学英语四、六级考试大纲（2016年修订版）词表；未加★为四级词。
verify,,,,cet4,official_syllabus_2016,2,全国大学英语四、六级考试大纲（2016年修订版）词表；未加★为四级词。
verification,,,,cet4,official_syllabus_2016,2,全国大学英语四、六级考试大纲（2016年修订版）词表；未加★为四级词。
version,,,,cet4,official_syllabus_2016,2,全国大学英语四、六级考试大纲（2016年修订版）词表；未加★为四级词。
versus,,,,cet4,official_syllabus_2016,2,全国大学英语四、六级考试大纲（2016年修订版）词表；未加★为四级词。
vertical,,,,cet4,official_syllabus_2016,2,全国大学英语四、六级考试大纲（2016年修订版）词表；未加★为四级词。
very,,,,cet4,official_syllabus_2016,2,全国大学英语四、六级考试大纲（2016年修订版）词表；未加★为四级词。
vessel,,,,cet4,official_syllabus_2016,2,全国大学英语四、六级考试大纲（2016年修订版）词表；未加★为四级词。
veteran,,,,cet4,official_syllabus_2016,2,全国大学英语四、六级考试大纲（2016年修订版）词表；未加★为四级词。
veto,,,,cet4,official_syllabus_2016,2,全国大学英语四、六级考试大纲（2016年修订版）词表；未加★为四级词。
via,,,,cet4,official_syllabus_2016,2,全国大学英语四、六级考试大纲（2016年修订版）词表；未加★为四级词。
vibration,,,,cet4,official_syllabus_2016,2,全国大学英语四、六级考试大纲（2016年修订版）词表；未加★为四级词。
victim,,,,cet4,official_syllabus_2016,2,全国大学英语四、六级考试大纲（2016年修订版）词表；未加★为四级词。
victimize,,,,cet4,official_syllabus_2016,2,全国大学英语四、六级考试大纲（2016年修订版）词表；未加★为四级词。
victory,,,,cet4,official_syllabus_2016,2,全国大学英语四、六级考试大纲（2016年修订版）词表；未加★为四级词。
victorious,,,,cet4,official_syllabus_2016,2,全国大学英语四、六级考试大纲（2016年修订版）词表；未加★为四级词。
video,,,,cet4,official_syllabus_2016,2,全国大学英语四、六级考试大纲（2016年修订版）词表；未加★为四级词。
view,,,,cet4,official_syllabus_2016,2,全国大学英语四、六级考试大纲（2016年修订版）词表；未加★为四级词。
viewpoint,,,,cet4,official_syllabus_2016,2,全国大学英语四、六级考试大纲（2016年修订版）词表；未加★为四级词。
vigor,,,,cet4,official_syllabus_2016,2,全国大学英语四、六级考试大纲（2016年修订版）词表；未加★为四级词。
vigorous,,,,cet4,official_syllabus_2016,2,全国大学英语四、六级考试大纲（2016年修订版）词表；未加★为四级词。
village,,,,cet4,official_syllabus_2016,2,全国大学英语四、六级考试大纲（2016年修订版）词表；未加★为四级词。
villager,,,,cet4,official_syllabus_2016,2,全国大学英语四、六级考试大纲（2016年修订版）词表；未加★为四级词。
vinegar,,,,cet4,official_syllabus_2016,2,全国大学英语四、六级考试大纲（2016年修订版）词表；未加★为四级词。
violate,,,,cet4,official_syllabus_2016,2,全国大学英语四、六级考试大纲（2016年修订版）词表；未加★为四级词。
violation,,,,cet4,official_syllabus_2016,2,全国大学英语四、六级考试大纲（2016年修订版）词表；未加★为四级词。
violent,,,,cet4,official_syllabus_2016,2,全国大学英语四、六级考试大纲（2016年修订版）词表；未加★为四级词。
violence,,,,cet4,official_syllabus_2016,2,全国大学英语四、六级考试大纲（2016年修订版）词表；未加★为四级词。
violin,,,,cet4,official_syllabus_2016,2,全国大学英语四、六级考试大纲（2016年修订版）词表；未加★为四级词。
violinist,,,,cet4,official_syllabus_2016,2,全国大学英语四、六级考试大纲（2016年修订版）词表；未加★为四级词。
virginity,,,,cet4,official_syllabus_2016,2,全国大学英语四、六级考试大纲（2016年修订版）词表；未加★为四级词。
virtual,,,,cet4,official_syllabus_2016,2,全国大学英语四、六级考试大纲（2016年修订版）词表；未加★为四级词。
virtually,,,,cet4,official_syllabus_2016,2,全国大学英语四、六级考试大纲（2016年修订版）词表；未加★为四级词。
virtue,,,,cet4,official_syllabus_2016,2,全国大学英语四、六级考试大纲（2016年修订版）词表；未加★为四级词。
virtuous,,,,cet4,official_syllabus_2016,2,全国大学英语四、六级考试大纲（2016年修订版）词表；未加★为四级词。
virus,,,,cet4,official_syllabus_2016,2,全国大学英语四、六级考试大纲（2016年修订版）词表；未加★为四级词。
visa,,,,cet4,official_syllabus_2016,2,全国大学英语四、六级考试大纲（2016年修订版）词表；未加★为四级词。
visible,,,,cet4,official_syllabus_2016,2,全国大学英语四、六级考试大纲（2016年修订版）词表；未加★为四级词。
visibility,,,,cet4,official_syllabus_2016,2,全国大学英语四、六级考试大纲（2016年修订版）词表；未加★为四级词。
vision,,,,cet4,official_syllabus_2016,2,全国大学英语四、六级考试大纲（2016年修订版）词表；未加★为四级词。
visionary,,,,cet4,official_syllabus_2016,2,全国大学英语四、六级考试大纲（2016年修订版）词表；未加★为四级词。
visit,,,,cet4,official_syllabus_2016,2,全国大学英语四、六级考试大纲（2016年修订版）词表；未加★为四级词。
visitor,,,,cet4,official_syllabus_2016,2,全国大学英语四、六级考试大纲（2016年修订版）词表；未加★为四级词。
visual,,,,cet4,official_syllabus_2016,2,全国大学英语四、六级考试大纲（2016年修订版）词表；未加★为四级词。
vital,,,,cet4,official_syllabus_2016,2,全国大学英语四、六级考试大纲（2016年修订版）词表；未加★为四级词。
vitality,,,,cet4,official_syllabus_2016,2,全国大学英语四、六级考试大纲（2016年修订版）词表；未加★为四级词。
vitamin,,,,cet4,official_syllabus_2016,2,全国大学英语四、六级考试大纲（2016年修订版）词表；未加★为四级词。
vivid,,,,cet4,official_syllabus_2016,2,全国大学英语四、六级考试大纲（2016年修订版）词表；未加★为四级词。
vocabulary,,,,cet4,official_syllabus_2016,2,全国大学英语四、六级考试大纲（2016年修订版）词表；未加★为四级词。
vocation,,,,cet4,official_syllabus_2016,2,全国大学英语四、六级考试大纲（2016年修订版）词表；未加★为四级词。
vocational,,,,cet4,official_syllabus_2016,2,全国大学英语四、六级考试大纲（2016年修订版）词表；未加★为四级词。
voice,,,,cet4,official_syllabus_2016,2,全国大学英语四、六级考试大纲（2016年修订版）词表；未加★为四级词。
volatility,,,,cet4,official_syllabus_2016,2,全国大学英语四、六级考试大纲（2016年修订版）词表；未加★为四级词。
volcano,,,,cet4,official_syllabus_2016,2,全国大学英语四、六级考试大纲（2016年修订版）词表；未加★为四级词。
volcanic,,,,cet4,official_syllabus_2016,2,全国大学英语四、六级考试大纲（2016年修订版）词表；未加★为四级词。
volleyball,,,,cet4,official_syllabus_2016,2,全国大学英语四、六级考试大纲（2016年修订版）词表；未加★为四级词。
volt,,,,cet4,official_syllabus_2016,2,全国大学英语四、六级考试大纲（2016年修订版）词表；未加★为四级词。
voltage,,,,cet4,official_syllabus_2016,2,全国大学英语四、六级考试大纲（2016年修订版）词表；未加★为四级词。
volume,,,,cet4,official_syllabus_2016,2,全国大学英语四、六级考试大纲（2016年修订版）词表；未加★为四级词。
voluminous,,,,cet4,official_syllabus_2016,2,全国大学英语四、六级考试大纲（2016年修订版）词表；未加★为四级词。
volunteer,,,,cet4,official_syllabus_2016,2,全国大学英语四、六级考试大纲（2016年修订版）词表；未加★为四级词。
voluntary,,,,cet4,official_syllabus_2016,2,全国大学英语四、六级考试大纲（2016年修订版）词表；未加★为四级词。
vote,,,,cet4,official_syllabus_2016,2,全国大学英语四、六级考试大纲（2016年修订版）词表；未加★为四级词。
voter,,,,cet4,official_syllabus_2016,2,全国大学英语四、六级考试大纲（2016年修订版）词表；未加★为四级词。
voyage,,,,cet4,official_syllabus_2016,2,全国大学英语四、六级考试大纲（2016年修订版）词表；未加★为四级词。
vulnerable,,,,cet4,official_syllabus_2016,2,全国大学英语四、六级考试大纲（2016年修订版）词表；未加★为四级词。
vulnerability,,,,cet4,official_syllabus_2016,2,全国大学英语四、六级考试大纲（2016年修订版）词表；未加★为四级词。
wage,,,,cet4,official_syllabus_2016,2,全国大学英语四、六级考试大纲（2016年修订版）词表；未加★为四级词。
wag(g)on,,,,cet4,official_syllabus_2016,2,全国大学英语四、六级考试大纲（2016年修订版）词表；未加★为四级词。
waist,,,,cet4,official_syllabus_2016,2,全国大学英语四、六级考试大纲（2016年修订版）词表；未加★为四级词。
wait,,,,cet4,official_syllabus_2016,2,全国大学英语四、六级考试大纲（2016年修订版）词表；未加★为四级词。
waiter/waitress,,,,cet4,official_syllabus_2016,2,全国大学英语四、六级考试大纲（2016年修订版）词表；未加★为四级词。
waiver,,,,cet4,official_syllabus_2016,2,全国大学英语四、六级考试大纲（2016年修订版）词表；未加★为四级词。
wake,,,,cet4,official_syllabus_2016,2,全国大学英语四、六级考试大纲（2016年修订版）词表；未加★为四级词。
waken,,,,cet4,official_syllabus_2016,2,全国大学英语四、六级考试大纲（2016年修订版）词表；未加★为四级词。
walk,,,,cet4,official_syllabus_2016,2,全国大学英语四、六级考试大纲（2016年修订版）词表；未加★为四级词。
wall,,,,cet4,official_syllabus_2016,2,全国大学英语四、六级考试大纲（2016年修订版）词表；未加★为四级词。
wallet,,,,cet4,official_syllabus_2016,2,全国大学英语四、六级考试大纲（2016年修订版）词表；未加★为四级词。
wander,,,,cet4,official_syllabus_2016,2,全国大学英语四、六级考试大纲（2016年修订版）词表；未加★为四级词。
want,,,,cet4,official_syllabus_2016,2,全国大学英语四、六级考试大纲（2016年修订版）词表；未加★为四级词。
war,,,,cet4,official_syllabus_2016,2,全国大学英语四、六级考试大纲（2016年修订版）词表；未加★为四级词。
ward,,,,cet4,official_syllabus_2016,2,全国大学英语四、六级考试大纲（2016年修订版）词表；未加★为四级词。
ware,,,,cet4,official_syllabus_2016,2,全国大学英语四、六级考试大纲（2016年修订版）词表；未加★为四级词。
warehouse,,,,cet4,official_syllabus_2016,2,全国大学英语四、六级考试大纲（2016年修订版）词表；未加★为四级词。
warfare,,,,cet4,official_syllabus_2016,2,全国大学英语四、六级考试大纲（2016年修订版）词表；未加★为四级词。
warm,,,,cet4,official_syllabus_2016,2,全国大学英语四、六级考试大纲（2016年修订版）词表；未加★为四级词。
warmth,,,,cet4,official_syllabus_2016,2,全国大学英语四、六级考试大纲（2016年修订版）词表；未加★为四级词。
warn,,,,cet4,official_syllabus_2016,2,全国大学英语四、六级考试大纲（2016年修订版）词表；未加★为四级词。
warning,,,,cet4,official_syllabus_2016,2,全国大学英语四、六级考试大纲（2016年修订版）词表；未加★为四级词。
warrior,,,,cet4,official_syllabus_2016,2,全国大学英语四、六级考试大纲（2016年修订版）词表；未加★为四级词。
wary,,,,cet4,official_syllabus_2016,2,全国大学英语四、六级考试大纲（2016年修订版）词表；未加★为四级词。
wash,,,,cet4,official_syllabus_2016,2,全国大学英语四、六级考试大纲（2016年修订版）词表；未加★为四级词。
washing,,,,cet4,official_syllabus_2016,2,全国大学英语四、六级考试大纲（2016年修订版）词表；未加★为四级词。
waste,,,,cet4,official_syllabus_2016,2,全国大学英语四、六级考试大纲（2016年修订版）词表；未加★为四级词。
wasteful,,,,cet4,official_syllabus_2016,2,全国大学英语四、六级考试大纲（2016年修订版）词表；未加★为四级词。
watch,,,,cet4,official_syllabus_2016,2,全国大学英语四、六级考试大纲（2016年修订版）词表；未加★为四级词。
watchful,,,,cet4,official_syllabus_2016,2,全国大学英语四、六级考试大纲（2016年修订版）词表；未加★为四级词。
water,,,,cet4,official_syllabus_2016,2,全国大学英语四、六级考试大纲（2016年修订版）词表；未加★为四级词。
waterproof,,,,cet4,official_syllabus_2016,2,全国大学英语四、六级考试大纲（2016年修订版）词表；未加★为四级词。
watertight,,,,cet4,official_syllabus_2016,2,全国大学英语四、六级考试大纲（2016年修订版）词表；未加★为四级词。
wave,,,,cet4,official_syllabus_2016,2,全国大学英语四、六级考试大纲（2016年修订版）词表；未加★为四级词。
wavy,,,,cet4,official_syllabus_2016,2,全国大学英语四、六级考试大纲（2016年修订版）词表；未加★为四级词。
wax,,,,cet4,official_syllabus_2016,2,全国大学英语四、六级考试大纲（2016年修订版）词表；未加★为四级词。
way,,,,cet4,official_syllabus_2016,2,全国大学英语四、六级考试大纲（2016年修订版）词表；未加★为四级词。
we,,,,cet4,official_syllabus_2016,2,全国大学英语四、六级考试大纲（2016年修订版）词表；未加★为四级词。
weak,,,,cet4,official_syllabus_2016,2,全国大学英语四、六级考试大纲（2016年修订版）词表；未加★为四级词。
weaken,,,,cet4,official_syllabus_2016,2,全国大学英语四、六级考试大纲（2016年修订版）词表；未加★为四级词。
weakness,,,,cet4,official_syllabus_2016,2,全国大学英语四、六级考试大纲（2016年修订版）词表；未加★为四级词。
wealth,,,,cet4,official_syllabus_2016,2,全国大学英语四、六级考试大纲（2016年修订版）词表；未加★为四级词。
wealthy,,,,cet4,official_syllabus_2016,2,全国大学英语四、六级考试大纲（2016年修订版）词表；未加★为四级词。
weapon,,,,cet4,official_syllabus_2016,2,全国大学英语四、六级考试大纲（2016年修订版）词表；未加★为四级词。
wear,,,,cet4,official_syllabus_2016,2,全国大学英语四、六级考试大纲（2016年修订版）词表；未加★为四级词。
weariness,,,,cet4,official_syllabus_2016,2,全国大学英语四、六级考试大纲（2016年修订版）词表；未加★为四级词。
weather,,,,cet4,official_syllabus_2016,2,全国大学英语四、六级考试大纲（2016年修订版）词表；未加★为四级词。
weave,,,,cet4,official_syllabus_2016,2,全国大学英语四、六级考试大纲（2016年修订版）词表；未加★为四级词。
web,,,,cet4,official_syllabus_2016,2,全国大学英语四、六级考试大纲（2016年修订版）词表；未加★为四级词。
webcast,,,,cet4,official_syllabus_2016,2,全国大学英语四、六级考试大纲（2016年修订版）词表；未加★为四级词。
website,,,,cet4,official_syllabus_2016,2,全国大学英语四、六级考试大纲（2016年修订版）词表；未加★为四级词。
wed,,,,cet4,official_syllabus_2016,2,全国大学英语四、六级考试大纲（2016年修订版）词表；未加★为四级词。
wedding,,,,cet4,official_syllabus_2016,2,全国大学英语四、六级考试大纲（2016年修订版）词表；未加★为四级词。
Wednesday,,,,cet4,official_syllabus_2016,2,全国大学英语四、六级考试大纲（2016年修订版）词表；未加★为四级词。
weed,,,,cet4,official_syllabus_2016,2,全国大学英语四、六级考试大纲（2016年修订版）词表；未加★为四级词。
week,,,,cet4,official_syllabus_2016,2,全国大学英语四、六级考试大纲（2016年修订版）词表；未加★为四级词。
weekly,,,,cet4,official_syllabus_2016,2,全国大学英语四、六级考试大纲（2016年修订版）词表；未加★为四级词。
weekday,,,,cet4,official_syllabus_2016,2,全国大学英语四、六级考试大纲（2016年修订版）词表；未加★为四级词。
weekend,,,,cet4,official_syllabus_2016,2,全国大学英语四、六级考试大纲（2016年修订版）词表；未加★为四级词。
weep,,,,cet4,official_syllabus_2016,2,全国大学英语四、六级考试大纲（2016年修订版）词表；未加★为四级词。
weigh,,,,cet4,official_syllabus_2016,2,全国大学英语四、六级考试大纲（2016年修订版）词表；未加★为四级词。
weight,,,,cet4,official_syllabus_2016,2,全国大学英语四、六级考试大纲（2016年修订版）词表；未加★为四级词。
weird,,,,cet4,official_syllabus_2016,2,全国大学英语四、六级考试大纲（2016年修订版）词表；未加★为四级词。
welcome,,,,cet4,official_syllabus_2016,2,全国大学英语四、六级考试大纲（2016年修订版）词表；未加★为四级词。
welfare,,,,cet4,official_syllabus_2016,2,全国大学英语四、六级考试大纲（2016年修订版）词表；未加★为四级词。
well,,,,cet4,official_syllabus_2016,2,全国大学英语四、六级考试大纲（2016年修订版）词表；未加★为四级词。
west,,,,cet4,official_syllabus_2016,2,全国大学英语四、六级考试大纲（2016年修订版）词表；未加★为四级词。
western,,,,cet4,official_syllabus_2016,2,全国大学英语四、六级考试大纲（2016年修订版）词表；未加★为四级词。
westerner,,,,cet4,official_syllabus_2016,2,全国大学英语四、六级考试大纲（2016年修订版）词表；未加★为四级词。
wet,,,,cet4,official_syllabus_2016,2,全国大学英语四、六级考试大纲（2016年修订版）词表；未加★为四级词。
whale,,,,cet4,official_syllabus_2016,2,全国大学英语四、六级考试大纲（2016年修订版）词表；未加★为四级词。
what,,,,cet4,official_syllabus_2016,2,全国大学英语四、六级考试大纲（2016年修订版）词表；未加★为四级词。
whatever,,,,cet4,official_syllabus_2016,2,全国大学英语四、六级考试大纲（2016年修订版）词表；未加★为四级词。
whatsoever,,,,cet4,official_syllabus_2016,2,全国大学英语四、六级考试大纲（2016年修订版）词表；未加★为四级词。
wheat,,,,cet4,official_syllabus_2016,2,全国大学英语四、六级考试大纲（2016年修订版）词表；未加★为四级词。
wheel,,,,cet4,official_syllabus_2016,2,全国大学英语四、六级考试大纲（2016年修订版）词表；未加★为四级词。
when,,,,cet4,official_syllabus_2016,2,全国大学英语四、六级考试大纲（2016年修订版）词表；未加★为四级词。
whenever,,,,cet4,official_syllabus_2016,2,全国大学英语四、六级考试大纲（2016年修订版）词表；未加★为四级词。
where,,,,cet4,official_syllabus_2016,2,全国大学英语四、六级考试大纲（2016年修订版）词表；未加★为四级词。
wherever,,,,cet4,official_syllabus_2016,2,全国大学英语四、六级考试大纲（2016年修订版）词表；未加★为四级词。
whereas,,,,cet4,official_syllabus_2016,2,全国大学英语四、六级考试大纲（2016年修订版）词表；未加★为四级词。
whether,,,,cet4,official_syllabus_2016,2,全国大学英语四、六级考试大纲（2016年修订版）词表；未加★为四级词。
which,,,,cet4,official_syllabus_2016,2,全国大学英语四、六级考试大纲（2016年修订版）词表；未加★为四级词。
whichever,,,,cet4,official_syllabus_2016,2,全国大学英语四、六级考试大纲（2016年修订版）词表；未加★为四级词。
while/whilst,,,,cet4,official_syllabus_2016,2,全国大学英语四、六级考试大纲（2016年修订版）词表；未加★为四级词。
whip,,,,cet4,official_syllabus_2016,2,全国大学英语四、六级考试大纲（2016年修订版）词表；未加★为四级词。
whisky,,,,cet4,official_syllabus_2016,2,全国大学英语四、六级考试大纲（2016年修订版）词表；未加★为四级词。
whisper,,,,cet4,official_syllabus_2016,2,全国大学英语四、六级考试大纲（2016年修订版）词表；未加★为四级词。
whistle,,,,cet4,official_syllabus_2016,2,全国大学英语四、六级考试大纲（2016年修订版）词表；未加★为四级词。
white,,,,cet4,official_syllabus_2016,2,全国大学英语四、六级考试大纲（2016年修订版）词表；未加★为四级词。
who,,,,cet4,official_syllabus_2016,2,全国大学英语四、六级考试大纲（2016年修订版）词表；未加★为四级词。
whoever,,,,cet4,official_syllabus_2016,2,全国大学英语四、六级考试大纲（2016年修订版）词表；未加★为四级词。
whole,,,,cet4,official_syllabus_2016,2,全国大学英语四、六级考试大纲（2016年修订版）词表；未加★为四级词。
wholly,,,,cet4,official_syllabus_2016,2,全国大学英语四、六级考试大纲（2016年修订版）词表；未加★为四级词。
whom,,,,cet4,official_syllabus_2016,2,全国大学英语四、六级考试大纲（2016年修订版）词表；未加★为四级词。
whose,,,,cet4,official_syllabus_2016,2,全国大学英语四、六级考试大纲（2016年修订版）词表；未加★为四级词。
why,,,,cet4,official_syllabus_2016,2,全国大学英语四、六级考试大纲（2016年修订版）词表；未加★为四级词。
wide,,,,cet4,official_syllabus_2016,2,全国大学英语四、六级考试大纲（2016年修订版）词表；未加★为四级词。
width,,,,cet4,official_syllabus_2016,2,全国大学英语四、六级考试大纲（2016年修订版）词表；未加★为四级词。
widen,,,,cet4,official_syllabus_2016,2,全国大学英语四、六级考试大纲（2016年修订版）词表；未加★为四级词。
widespread,,,,cet4,official_syllabus_2016,2,全国大学英语四、六级考试大纲（2016年修订版）词表；未加★为四级词。
widow,,,,cet4,official_syllabus_2016,2,全国大学英语四、六级考试大纲（2016年修订版）词表；未加★为四级词。
widower,,,,cet4,official_syllabus_2016,2,全国大学英语四、六级考试大纲（2016年修订版）词表；未加★为四级词。
wife,,,,cet4,official_syllabus_2016,2,全国大学英语四、六级考试大纲（2016年修订版）词表；未加★为四级词。
wild,,,,cet4,official_syllabus_2016,2,全国大学英语四、六级考试大纲（2016年修订版）词表；未加★为四级词。
wilderness,,,,cet4,official_syllabus_2016,2,全国大学英语四、六级考试大纲（2016年修订版）词表；未加★为四级词。
wildlife,,,,cet4,official_syllabus_2016,2,全国大学英语四、六级考试大纲（2016年修订版）词表；未加★为四级词。
will,,,,cet4,official_syllabus_2016,2,全国大学英语四、六级考试大纲（2016年修订版）词表；未加★为四级词。
willing,,,,cet4,official_syllabus_2016,2,全国大学英语四、六级考试大纲（2016年修订版）词表；未加★为四级词。
willingness,,,,cet4,official_syllabus_2016,2,全国大学英语四、六级考试大纲（2016年修订版）词表；未加★为四级词。
willpower,,,,cet4,official_syllabus_2016,2,全国大学英语四、六级考试大纲（2016年修订版）词表；未加★为四级词。
win,,,,cet4,official_syllabus_2016,2,全国大学英语四、六级考试大纲（2016年修订版）词表；未加★为四级词。
winner,,,,cet4,official_syllabus_2016,2,全国大学英语四、六级考试大纲（2016年修订版）词表；未加★为四级词。
wind,,,,cet4,official_syllabus_2016,2,全国大学英语四、六级考试大纲（2016年修订版）词表；未加★为四级词。
windy,,,,cet4,official_syllabus_2016,2,全国大学英语四、六级考试大纲（2016年修订版）词表；未加★为四级词。
window,,,,cet4,official_syllabus_2016,2,全国大学英语四、六级考试大纲（2016年修订版）词表；未加★为四级词。
wine,,,,cet4,official_syllabus_2016,2,全国大学英语四、六级考试大纲（2016年修订版）词表；未加★为四级词。
winery,,,,cet4,official_syllabus_2016,2,全国大学英语四、六级考试大纲（2016年修订版）词表；未加★为四级词。
wing,,,,cet4,official_syllabus_2016,2,全国大学英语四、六级考试大纲（2016年修订版）词表；未加★为四级词。
winter,,,,cet4,official_syllabus_2016,2,全国大学英语四、六级考试大纲（2016年修订版）词表；未加★为四级词。
wipe,,,,cet4,official_syllabus_2016,2,全国大学英语四、六级考试大纲（2016年修订版）词表；未加★为四级词。
wire,,,,cet4,official_syllabus_2016,2,全国大学英语四、六级考试大纲（2016年修订版）词表；未加★为四级词。
wireless,,,,cet4,official_syllabus_2016,2,全国大学英语四、六级考试大纲（2016年修订版）词表；未加★为四级词。
wise,,,,cet4,official_syllabus_2016,2,全国大学英语四、六级考试大纲（2016年修订版）词表；未加★为四级词。
wisdom,,,,cet4,official_syllabus_2016,2,全国大学英语四、六级考试大纲（2016年修订版）词表；未加★为四级词。
wish,,,,cet4,official_syllabus_2016,2,全国大学英语四、六级考试大纲（2016年修订版）词表；未加★为四级词。
wit,,,,cet4,official_syllabus_2016,2,全国大学英语四、六级考试大纲（2016年修订版）词表；未加★为四级词。
witty,,,,cet4,official_syllabus_2016,2,全国大学英语四、六级考试大纲（2016年修订版）词表；未加★为四级词。
with,,,,cet4,official_syllabus_2016,2,全国大学英语四、六级考试大纲（2016年修订版）词表；未加★为四级词。
withdraw,,,,cet4,official_syllabus_2016,2,全国大学英语四、六级考试大纲（2016年修订版）词表；未加★为四级词。
withdrawal,,,,cet4,official_syllabus_2016,2,全国大学英语四、六级考试大纲（2016年修订版）词表；未加★为四级词。
within,,,,cet4,official_syllabus_2016,2,全国大学英语四、六级考试大纲（2016年修订版）词表；未加★为四级词。
without,,,,cet4,official_syllabus_2016,2,全国大学英语四、六级考试大纲（2016年修订版）词表；未加★为四级词。
withstand,,,,cet4,official_syllabus_2016,2,全国大学英语四、六级考试大纲（2016年修订版）词表；未加★为四级词。
witness,,,,cet4,official_syllabus_2016,2,全国大学英语四、六级考试大纲（2016年修订版）词表；未加★为四级词。
wolf,,,,cet4,official_syllabus_2016,2,全国大学英语四、六级考试大纲（2016年修订版）词表；未加★为四级词。
woman,,,,cet4,official_syllabus_2016,2,全国大学英语四、六级考试大纲（2016年修订版）词表；未加★为四级词。
wonder,,,,cet4,official_syllabus_2016,2,全国大学英语四、六级考试大纲（2016年修订版）词表；未加★为四级词。
wonderful,,,,cet4,official_syllabus_2016,2,全国大学英语四、六级考试大纲（2016年修订版）词表；未加★为四级词。
wood,,,,cet4,official_syllabus_2016,2,全国大学英语四、六级考试大纲（2016年修订版）词表；未加★为四级词。
wooden,,,,cet4,official_syllabus_2016,2,全国大学英语四、六级考试大纲（2016年修订版）词表；未加★为四级词。
wool,,,,cet4,official_syllabus_2016,2,全国大学英语四、六级考试大纲（2016年修订版）词表；未加★为四级词。
wool(l)en,,,,cet4,official_syllabus_2016,2,全国大学英语四、六级考试大纲（2016年修订版）词表；未加★为四级词。
word,,,,cet4,official_syllabus_2016,2,全国大学英语四、六级考试大纲（2016年修订版）词表；未加★为四级词。
wording,,,,cet4,official_syllabus_2016,2,全国大学英语四、六级考试大纲（2016年修订版）词表；未加★为四级词。
work,,,,cet4,official_syllabus_2016,2,全国大学英语四、六级考试大纲（2016年修订版）词表；未加★为四级词。
worker,,,,cet4,official_syllabus_2016,2,全国大学英语四、六级考试大纲（2016年修订版）词表；未加★为四级词。
workforce,,,,cet4,official_syllabus_2016,2,全国大学英语四、六级考试大纲（2016年修订版）词表；未加★为四级词。
workout,,,,cet4,official_syllabus_2016,2,全国大学英语四、六级考试大纲（2016年修订版）词表；未加★为四级词。
workshop,,,,cet4,official_syllabus_2016,2,全国大学英语四、六级考试大纲（2016年修订版）词表；未加★为四级词。
world,,,,cet4,official_syllabus_2016,2,全国大学英语四、六级考试大纲（2016年修订版）词表；未加★为四级词。
worldwide,,,,cet4,official_syllabus_2016,2,全国大学英语四、六级考试大纲（2016年修订版）词表；未加★为四级词。
worm,,,,cet4,official_syllabus_2016,2,全国大学英语四、六级考试大纲（2016年修订版）词表；未加★为四级词。
worry,,,,cet4,official_syllabus_2016,2,全国大学英语四、六级考试大纲（2016年修订版）词表；未加★为四级词。
worried,,,,cet4,official_syllabus_2016,2,全国大学英语四、六级考试大纲（2016年修订版）词表；未加★为四级词。
worse,,,,cet4,official_syllabus_2016,2,全国大学英语四、六级考试大纲（2016年修订版）词表；未加★为四级词。
worship,,,,cet4,official_syllabus_2016,2,全国大学英语四、六级考试大纲（2016年修订版）词表；未加★为四级词。
worst,,,,cet4,official_syllabus_2016,2,全国大学英语四、六级考试大纲（2016年修订版）词表；未加★为四级词。
worth,,,,cet4,official_syllabus_2016,2,全国大学英语四、六级考试大纲（2016年修订版）词表；未加★为四级词。
worthless,,,,cet4,official_syllabus_2016,2,全国大学英语四、六级考试大纲（2016年修订版）词表；未加★为四级词。
worthwhile,,,,cet4,official_syllabus_2016,2,全国大学英语四、六级考试大纲（2016年修订版）词表；未加★为四级词。
worthy,,,,cet4,official_syllabus_2016,2,全国大学英语四、六级考试大纲（2016年修订版）词表；未加★为四级词。
worthiness,,,,cet4,official_syllabus_2016,2,全国大学英语四、六级考试大纲（2016年修订版）词表；未加★为四级词。
would,,,,cet4,official_syllabus_2016,2,全国大学英语四、六级考试大纲（2016年修订版）词表；未加★为四级词。
wound,,,,cet4,official_syllabus_2016,2,全国大学英语四、六级考试大纲（2016年修订版）词表；未加★为四级词。
wrap,,,,cet4,official_syllabus_2016,2,全国大学英语四、六级考试大纲（2016年修订版）词表；未加★为四级词。
wrapping,,,,cet4,official_syllabus_2016,2,全国大学英语四、六级考试大纲（2016年修订版）词表；未加★为四级词。
wreck,,,,cet4,official_syllabus_2016,2,全国大学英语四、六级考试大纲（2016年修订版）词表；未加★为四级词。
wreckage,,,,cet4,official_syllabus_2016,2,全国大学英语四、六级考试大纲（2016年修订版）词表；未加★为四级词。
wrestling,,,,cet4,official_syllabus_2016,2,全国大学英语四、六级考试大纲（2016年修订版）词表；未加★为四级词。
wrinkle,,,,cet4,official_syllabus_2016,2,全国大学英语四、六级考试大纲（2016年修订版）词表；未加★为四级词。
wrist,,,,cet4,official_syllabus_2016,2,全国大学英语四、六级考试大纲（2016年修订版）词表；未加★为四级词。
write,,,,cet4,official_syllabus_2016,2,全国大学英语四、六级考试大纲（2016年修订版）词表；未加★为四级词。
writer,,,,cet4,official_syllabus_2016,2,全国大学英语四、六级考试大纲（2016年修订版）词表；未加★为四级词。
writing,,,,cet4,official_syllabus_2016,2,全国大学英语四、六级考试大纲（2016年修订版）词表；未加★为四级词。
wrong,,,,cet4,official_syllabus_2016,2,全国大学英语四、六级考试大纲（2016年修订版）词表；未加★为四级词。
yard,,,,cet4,official_syllabus_2016,2,全国大学英语四、六级考试大纲（2016年修订版）词表；未加★为四级词。
year,,,,cet4,official_syllabus_2016,2,全国大学英语四、六级考试大纲（2016年修订版）词表；未加★为四级词。
yearly,,,,cet4,official_syllabus_2016,2,全国大学英语四、六级考试大纲（2016年修订版）词表；未加★为四级词。
yearning,,,,cet4,official_syllabus_2016,2,全国大学英语四、六级考试大纲（2016年修订版）词表；未加★为四级词。
yell,,,,cet4,official_syllabus_2016,2,全国大学英语四、六级考试大纲（2016年修订版）词表；未加★为四级词。
yellow,,,,cet4,official_syllabus_2016,2,全国大学英语四、六级考试大纲（2016年修订版）词表；未加★为四级词。
yes,,,,cet4,official_syllabus_2016,2,全国大学英语四、六级考试大纲（2016年修订版）词表；未加★为四级词。
yeah,,,,cet4,official_syllabus_2016,2,全国大学英语四、六级考试大纲（2016年修订版）词表；未加★为四级词。
yesterday,,,,cet4,official_syllabus_2016,2,全国大学英语四、六级考试大纲（2016年修订版）词表；未加★为四级词。
yet,,,,cet4,official_syllabus_2016,2,全国大学英语四、六级考试大纲（2016年修订版）词表；未加★为四级词。
yield,,,,cet4,official_syllabus_2016,2,全国大学英语四、六级考试大纲（2016年修订版）词表；未加★为四级词。
yoga,,,,cet4,official_syllabus_2016,2,全国大学英语四、六级考试大纲（2016年修订版）词表；未加★为四级词。
yoghurt,,,,cet4,official_syllabus_2016,2,全国大学英语四、六级考试大纲（2016年修订版）词表；未加★为四级词。
you,,,,cet4,official_syllabus_2016,2,全国大学英语四、六级考试大纲（2016年修订版）词表；未加★为四级词。
young,,,,cet4,official_syllabus_2016,2,全国大学英语四、六级考试大纲（2016年修订版）词表；未加★为四级词。
youngster,,,,cet4,official_syllabus_2016,2,全国大学英语四、六级考试大纲（2016年修订版）词表；未加★为四级词。
your,,,,cet4,official_syllabus_2016,2,全国大学英语四、六级考试大纲（2016年修订版）词表；未加★为四级词。
yours,,,,cet4,official_syllabus_2016,2,全国大学英语四、六级考试大纲（2016年修订版）词表；未加★为四级词。
yourself,,,,cet4,official_syllabus_2016,2,全国大学英语四、六级考试大纲（2016年修订版）词表；未加★为四级词。
yourselves,,,,cet4,official_syllabus_2016,2,全国大学英语四、六级考试大纲（2016年修订版）词表；未加★为四级词。
youth,,,,cet4,official_syllabus_2016,2,全国大学英语四、六级考试大纲（2016年修订版）词表；未加★为四级词。
youthful,,,,cet4,official_syllabus_2016,2,全国大学英语四、六级考试大纲（2016年修订版）词表；未加★为四级词。
zealous,,,,cet4,official_syllabus_2016,2,全国大学英语四、六级考试大纲（2016年修订版）词表；未加★为四级词。
zero,,,,cet4,official_syllabus_2016,2,全国大学英语四、六级考试大纲（2016年修订版）词表；未加★为四级词。
zipper,,,,cet4,official_syllabus_2016,2,全国大学英语四、六级考试大纲（2016年修订版）词表；未加★为四级词。
zone,,,,cet4,official_syllabus_2016,2,全国大学英语四、六级考试大纲（2016年修订版）词表；未加★为四级词。
zoo,,,,cet4,official_syllabus_2016,2,全国大学英语四、六级考试大纲（2016年修订版）词表；未加★为四级词。
zoology,,,,cet4,official_syllabus_2016,2,全国大学英语四、六级考试大纲（2016年修订版）词表；未加★为四级词。
zoological,,,,cet4,official_syllabus_2016,2,全国大学英语四、六级考试大纲（2016年修订版）词表；未加★为四级词。
